[2026-08-04T20:10:21+00:00] INFO: robots.txt: 404 - no robots.txt published, nothing disallowed
[2026-08-04T20:10:21+00:00] INFO: listing: GET https://www.bmv.com.mx/es/emisoras/informcioncorporativa/AMX-6024-CGEN_CAPIT
[2026-08-04T20:10:27+00:00] INFO: listing: 1255 recompras rows (0 non-recompras rows ignored), 958,373 bytes
[2026-08-04T20:10:27+00:00] INFO: selection: 294 reports of 1255 in window 2021-08-01..2026-08-04
[2026-08-04T20:10:27+00:00] INFO: backfill: 294 reports selected across 2021-08-06..2026-08-03; 35 already held, 259 to fetch
[2026-08-04T20:11:57+00:00] INFO: backfill progress: 25/259 (25 downloaded, 0 failed) - elapsed 1m35s, ~14m53s left
[2026-08-04T20:13:36+00:00] INFO: backfill progress: 50/259 (50 downloaded, 0 failed) - elapsed 3m14s, ~13m32s left
[2026-08-04T20:15:05+00:00] INFO: backfill progress: 75/259 (75 downloaded, 0 failed) - elapsed 4m44s, ~11m36s left
[2026-08-04T20:16:36+00:00] INFO: backfill progress: 100/259 (100 downloaded, 0 failed) - elapsed 6m14s, ~9m55s left
[2026-08-04T20:18:08+00:00] INFO: backfill progress: 125/259 (125 downloaded, 0 failed) - elapsed 7m46s, ~8m20s left
[2026-08-04T20:20:17+00:00] INFO: backfill progress: 150/259 (150 downloaded, 0 failed) - elapsed 9m55s, ~7m12s left
[2026-08-04T20:21:50+00:00] INFO: backfill progress: 175/259 (175 downloaded, 0 failed) - elapsed 11m29s, ~5m30s left
[2026-08-04T20:23:23+00:00] INFO: backfill progress: 200/259 (200 downloaded, 0 failed) - elapsed 13m01s, ~3m50s left
[2026-08-04T20:24:58+00:00] INFO: backfill progress: 225/259 (225 downloaded, 0 failed) - elapsed 14m36s, ~2m12s left
[2026-08-04T20:26:27+00:00] INFO: backfill progress: 250/259 (250 downloaded, 0 failed) - elapsed 16m05s, ~0m34s left
[2026-08-04T20:26:59+00:00] INFO: backfill progress: 259/259 (259 downloaded, 0 failed) - elapsed 16m37s, ~0m00s left
[2026-08-04T20:26:59+00:00] INFO: backfill: parsing into the ledger (append-only)
[2026-08-04T20:27:00+00:00] ALERT: 2021-08-06_B.pdf: 3 series in one report ['A', 'AA', 'L']
[2026-08-04T20:27:00+00:00] ALERT: 2021-08-06_B.pdf: unexpected serie 'A'
[2026-08-04T20:27:00+00:00] ALERT: 2021-08-06_B.pdf: unexpected serie 'AA'
[2026-08-04T20:27:00+00:00] ALERT: 2021-08-06_B.pdf: unexpected serie 'L'
[2026-08-04T20:27:00+00:00] INFO: 2021-08-06_B.pdf: acciones_circulacion_presente: 2 overlapping renders ['513,874,736', '513,874,736']
[2026-08-04T20:27:00+00:00] INFO: 2021-08-06_B.pdf: acciones_cargo_cc_presente: 2 overlapping renders ['0', '0']
[2026-08-04T20:27:00+00:00] INFO: 2021-08-06_B.pdf: saldos: overlap resolved by conservation identity (delta tesoreria 0)
[2026-08-04T20:27:00+00:00] INFO: 2021-08-06_B.pdf: acciones_circulacion_presente: 2 overlapping renders ['20,554,697,460', '20,554,697,460']
[2026-08-04T20:27:00+00:00] INFO: 2021-08-06_B.pdf: acciones_cargo_cc_presente: 2 overlapping renders ['0', '0']
[2026-08-04T20:27:00+00:00] INFO: 2021-08-06_B.pdf: saldos: overlap resolved by conservation identity (delta tesoreria 0)
[2026-08-04T20:27:00+00:00] INFO: 2021-08-06_B.pdf: acciones_circulacion_presente: 2 overlapping renders ['44,794,427,804', '44,804,427,804']
[2026-08-04T20:27:00+00:00] INFO: 2021-08-06_B.pdf: acciones_cargo_cc_presente: 2 overlapping renders ['0', '0']
[2026-08-04T20:27:00+00:00] INFO: 2021-08-06_B.pdf: saldos: overlap resolved by conservation identity (delta tesoreria 10,000,000)
[2026-08-04T20:27:00+00:00] ALERT: 2021-08-13_B.pdf: 3 series in one report ['A', 'AA', 'L']
[2026-08-04T20:27:00+00:00] ALERT: 2021-08-13_B.pdf: unexpected serie 'A'
[2026-08-04T20:27:00+00:00] ALERT: 2021-08-13_B.pdf: unexpected serie 'AA'
[2026-08-04T20:27:00+00:00] ALERT: 2021-08-13_B.pdf: unexpected serie 'L'
[2026-08-04T20:27:00+00:00] INFO: 2021-08-13_B.pdf: acciones_circulacion_presente: 2 overlapping renders ['513,874,736', '513,874,736']
[2026-08-04T20:27:00+00:00] INFO: 2021-08-13_B.pdf: acciones_cargo_cc_presente: 2 overlapping renders ['0', '0']
[2026-08-04T20:27:00+00:00] INFO: 2021-08-13_B.pdf: saldos: overlap resolved by conservation identity (delta tesoreria 0)
[2026-08-04T20:27:00+00:00] INFO: 2021-08-13_B.pdf: acciones_circulacion_presente: 2 overlapping renders ['20,554,697,460', '20,554,697,460']
[2026-08-04T20:27:00+00:00] INFO: 2021-08-13_B.pdf: acciones_cargo_cc_presente: 2 overlapping renders ['0', '0']
[2026-08-04T20:27:00+00:00] INFO: 2021-08-13_B.pdf: saldos: overlap resolved by conservation identity (delta tesoreria 0)
[2026-08-04T20:27:00+00:00] INFO: 2021-08-13_B.pdf: acciones_circulacion_presente: 2 overlapping renders ['44,744,427,804', '44,754,427,804']
[2026-08-04T20:27:00+00:00] INFO: 2021-08-13_B.pdf: acciones_cargo_cc_presente: 2 overlapping renders ['0', '0']
[2026-08-04T20:27:00+00:00] INFO: 2021-08-13_B.pdf: saldos: overlap resolved by conservation identity (delta tesoreria 10,000,000)
[2026-08-04T20:27:01+00:00] ALERT: 2021-08-20_B.pdf: 3 series in one report ['A', 'AA', 'L']
[2026-08-04T20:27:01+00:00] ALERT: 2021-08-20_B.pdf: unexpected serie 'A'
[2026-08-04T20:27:01+00:00] ALERT: 2021-08-20_B.pdf: unexpected serie 'AA'
[2026-08-04T20:27:01+00:00] ALERT: 2021-08-20_B.pdf: unexpected serie 'L'
[2026-08-04T20:27:01+00:00] INFO: 2021-08-20_B.pdf: acciones_circulacion_presente: 2 overlapping renders ['513,874,736', '513,874,736']
[2026-08-04T20:27:01+00:00] INFO: 2021-08-20_B.pdf: acciones_cargo_cc_presente: 2 overlapping renders ['0', '0']
[2026-08-04T20:27:01+00:00] INFO: 2021-08-20_B.pdf: saldos: overlap resolved by conservation identity (delta tesoreria 0)
[2026-08-04T20:27:01+00:00] INFO: 2021-08-20_B.pdf: acciones_circulacion_presente: 2 overlapping renders ['20,554,697,460', '20,554,697,460']
[2026-08-04T20:27:01+00:00] INFO: 2021-08-20_B.pdf: acciones_cargo_cc_presente: 2 overlapping renders ['0', '0']
[2026-08-04T20:27:01+00:00] INFO: 2021-08-20_B.pdf: saldos: overlap resolved by conservation identity (delta tesoreria 0)
[2026-08-04T20:27:01+00:00] INFO: 2021-08-20_B.pdf: acciones_circulacion_presente: 2 overlapping renders ['44,698,427,804', '44,706,427,804']
[2026-08-04T20:27:01+00:00] INFO: 2021-08-20_B.pdf: acciones_cargo_cc_presente: 2 overlapping renders ['0', '0']
[2026-08-04T20:27:01+00:00] INFO: 2021-08-20_B.pdf: saldos: overlap resolved by conservation identity (delta tesoreria 8,000,000)
[2026-08-04T20:27:01+00:00] ALERT: 2021-08-27_B.pdf: 3 series in one report ['A', 'AA', 'L']
[2026-08-04T20:27:01+00:00] ALERT: 2021-08-27_B.pdf: unexpected serie 'A'
[2026-08-04T20:27:01+00:00] ALERT: 2021-08-27_B.pdf: unexpected serie 'AA'
[2026-08-04T20:27:01+00:00] ALERT: 2021-08-27_B.pdf: unexpected serie 'L'
[2026-08-04T20:27:01+00:00] INFO: 2021-08-27_B.pdf: acciones_circulacion_presente: 2 overlapping renders ['513,874,736', '513,874,736']
[2026-08-04T20:27:01+00:00] INFO: 2021-08-27_B.pdf: acciones_cargo_cc_presente: 2 overlapping renders ['0', '0']
[2026-08-04T20:27:01+00:00] INFO: 2021-08-27_B.pdf: saldos: overlap resolved by conservation identity (delta tesoreria 0)
[2026-08-04T20:27:01+00:00] INFO: 2021-08-27_B.pdf: acciones_circulacion_presente: 2 overlapping renders ['20,554,697,460', '20,554,697,460']
[2026-08-04T20:27:01+00:00] INFO: 2021-08-27_B.pdf: acciones_cargo_cc_presente: 2 overlapping renders ['0', '0']
[2026-08-04T20:27:01+00:00] INFO: 2021-08-27_B.pdf: saldos: overlap resolved by conservation identity (delta tesoreria 0)
[2026-08-04T20:27:01+00:00] INFO: 2021-08-27_B.pdf: acciones_circulacion_presente: 2 overlapping renders ['44,648,427,804', '44,658,427,804']
[2026-08-04T20:27:01+00:00] INFO: 2021-08-27_B.pdf: acciones_cargo_cc_presente: 2 overlapping renders ['0', '0']
[2026-08-04T20:27:01+00:00] INFO: 2021-08-27_B.pdf: saldos: overlap resolved by conservation identity (delta tesoreria 10,000,000)
[2026-08-04T20:27:02+00:00] ALERT: 2021-08-31_B.pdf: 3 series in one report ['A', 'AA', 'L']
[2026-08-04T20:27:02+00:00] ALERT: 2021-08-31_B.pdf: unexpected serie 'A'
[2026-08-04T20:27:02+00:00] ALERT: 2021-08-31_B.pdf: unexpected serie 'AA'
[2026-08-04T20:27:02+00:00] ALERT: 2021-08-31_B.pdf: unexpected serie 'L'
[2026-08-04T20:27:02+00:00] INFO: 2021-08-31_B.pdf: acciones_circulacion_presente: 2 overlapping renders ['513,874,736', '513,874,736']
[2026-08-04T20:27:02+00:00] INFO: 2021-08-31_B.pdf: acciones_cargo_cc_presente: 2 overlapping renders ['0', '0']
[2026-08-04T20:27:02+00:00] INFO: 2021-08-31_B.pdf: saldos: overlap resolved by conservation identity (delta tesoreria 0)
[2026-08-04T20:27:02+00:00] INFO: 2021-08-31_B.pdf: acciones_circulacion_presente: 2 overlapping renders ['20,554,697,460', '20,554,697,460']
[2026-08-04T20:27:02+00:00] INFO: 2021-08-31_B.pdf: acciones_cargo_cc_presente: 2 overlapping renders ['0', '0']
[2026-08-04T20:27:02+00:00] INFO: 2021-08-31_B.pdf: saldos: overlap resolved by conservation identity (delta tesoreria 0)
[2026-08-04T20:27:02+00:00] INFO: 2021-08-31_B.pdf: acciones_circulacion_presente: 2 overlapping renders ['44,630,427,804', '44,638,427,804']
[2026-08-04T20:27:02+00:00] INFO: 2021-08-31_B.pdf: acciones_cargo_cc_presente: 2 overlapping renders ['0', '0']
[2026-08-04T20:27:02+00:00] INFO: 2021-08-31_B.pdf: saldos: overlap resolved by conservation identity (delta tesoreria 8,000,000)
[2026-08-04T20:27:02+00:00] ALERT: 2021-09-03_B.pdf: 3 series in one report ['A', 'AA', 'L']
[2026-08-04T20:27:02+00:00] ALERT: 2021-09-03_B.pdf: unexpected serie 'A'
[2026-08-04T20:27:02+00:00] ALERT: 2021-09-03_B.pdf: unexpected serie 'AA'
[2026-08-04T20:27:02+00:00] ALERT: 2021-09-03_B.pdf: unexpected serie 'L'
[2026-08-04T20:27:02+00:00] INFO: 2021-09-03_B.pdf: acciones_circulacion_presente: 2 overlapping renders ['510,268,415', '510,268,415']
[2026-08-04T20:27:02+00:00] INFO: 2021-09-03_B.pdf: acciones_cargo_cc_presente: 2 overlapping renders ['0', '0']
[2026-08-04T20:27:02+00:00] INFO: 2021-09-03_B.pdf: saldos: overlap resolved by conservation identity (delta tesoreria 0)
[2026-08-04T20:27:02+00:00] INFO: 2021-09-03_B.pdf: acciones_circulacion_presente: 2 overlapping renders ['20,554,697,460', '20,554,697,460']
[2026-08-04T20:27:02+00:00] INFO: 2021-09-03_B.pdf: acciones_cargo_cc_presente: 2 overlapping renders ['0', '0']
[2026-08-04T20:27:02+00:00] INFO: 2021-09-03_B.pdf: saldos: overlap resolved by conservation identity (delta tesoreria 0)
[2026-08-04T20:27:02+00:00] INFO: 2021-09-03_B.pdf: acciones_circulacion_presente: 2 overlapping renders ['44,602,034,125', '44,612,034,125']
[2026-08-04T20:27:02+00:00] INFO: 2021-09-03_B.pdf: acciones_cargo_cc_presente: 2 overlapping renders ['0', '0']
[2026-08-04T20:27:02+00:00] INFO: 2021-09-03_B.pdf: saldos: overlap resolved by conservation identity (delta tesoreria 10,000,000)
[2026-08-04T20:27:03+00:00] ALERT: 2021-09-10_B.pdf: 3 series in one report ['A', 'AA', 'L']
[2026-08-04T20:27:03+00:00] ALERT: 2021-09-10_B.pdf: unexpected serie 'A'
[2026-08-04T20:27:03+00:00] ALERT: 2021-09-10_B.pdf: unexpected serie 'AA'
[2026-08-04T20:27:03+00:00] ALERT: 2021-09-10_B.pdf: unexpected serie 'L'
[2026-08-04T20:27:03+00:00] INFO: 2021-09-10_B.pdf: acciones_circulacion_presente: 2 overlapping renders ['510,268,415', '510,268,415']
[2026-08-04T20:27:03+00:00] INFO: 2021-09-10_B.pdf: acciones_cargo_cc_presente: 2 overlapping renders ['0', '0']
[2026-08-04T20:27:03+00:00] INFO: 2021-09-10_B.pdf: saldos: overlap resolved by conservation identity (delta tesoreria 0)
[2026-08-04T20:27:03+00:00] INFO: 2021-09-10_B.pdf: acciones_circulacion_presente: 2 overlapping renders ['20,554,697,460', '20,554,697,460']
[2026-08-04T20:27:03+00:00] INFO: 2021-09-10_B.pdf: acciones_cargo_cc_presente: 2 overlapping renders ['0', '0']
[2026-08-04T20:27:03+00:00] INFO: 2021-09-10_B.pdf: saldos: overlap resolved by conservation identity (delta tesoreria 0)
[2026-08-04T20:27:03+00:00] INFO: 2021-09-10_B.pdf: acciones_circulacion_presente: 2 overlapping renders ['44,559,034,125', '44,569,034,125']
[2026-08-04T20:27:03+00:00] INFO: 2021-09-10_B.pdf: acciones_cargo_cc_presente: 2 overlapping renders ['0', '0']
[2026-08-04T20:27:03+00:00] INFO: 2021-09-10_B.pdf: saldos: overlap resolved by conservation identity (delta tesoreria 10,000,000)
[2026-08-04T20:27:03+00:00] ALERT: 2021-09-17_B.pdf: 3 series in one report ['A', 'AA', 'L']
[2026-08-04T20:27:03+00:00] ALERT: 2021-09-17_B.pdf: unexpected serie 'A'
[2026-08-04T20:27:03+00:00] ALERT: 2021-09-17_B.pdf: unexpected serie 'AA'
[2026-08-04T20:27:03+00:00] ALERT: 2021-09-17_B.pdf: unexpected serie 'L'
[2026-08-04T20:27:03+00:00] INFO: 2021-09-17_B.pdf: acciones_circulacion_presente: 2 overlapping renders ['510,268,415', '510,268,415']
[2026-08-04T20:27:03+00:00] INFO: 2021-09-17_B.pdf: acciones_cargo_cc_presente: 2 overlapping renders ['0', '0']
[2026-08-04T20:27:03+00:00] INFO: 2021-09-17_B.pdf: saldos: overlap resolved by conservation identity (delta tesoreria 0)
[2026-08-04T20:27:03+00:00] INFO: 2021-09-17_B.pdf: acciones_circulacion_presente: 2 overlapping renders ['20,554,697,460', '20,554,697,460']
[2026-08-04T20:27:03+00:00] INFO: 2021-09-17_B.pdf: acciones_cargo_cc_presente: 2 overlapping renders ['0', '0']
[2026-08-04T20:27:03+00:00] INFO: 2021-09-17_B.pdf: saldos: overlap resolved by conservation identity (delta tesoreria 0)
[2026-08-04T20:27:03+00:00] INFO: 2021-09-17_B.pdf: acciones_circulacion_presente: 2 overlapping renders ['44,499,034,125', '44,509,034,125']
[2026-08-04T20:27:03+00:00] INFO: 2021-09-17_B.pdf: acciones_cargo_cc_presente: 2 overlapping renders ['0', '0']
[2026-08-04T20:27:03+00:00] INFO: 2021-09-17_B.pdf: saldos: overlap resolved by conservation identity (delta tesoreria 10,000,000)
[2026-08-04T20:27:04+00:00] ALERT: 2021-09-24_B.pdf: 3 series in one report ['A', 'AA', 'L']
[2026-08-04T20:27:04+00:00] ALERT: 2021-09-24_B.pdf: unexpected serie 'A'
[2026-08-04T20:27:04+00:00] ALERT: 2021-09-24_B.pdf: unexpected serie 'AA'
[2026-08-04T20:27:04+00:00] ALERT: 2021-09-24_B.pdf: unexpected serie 'L'
[2026-08-04T20:27:04+00:00] INFO: 2021-09-24_B.pdf: acciones_circulacion_presente: 2 overlapping renders ['510,268,415', '510,268,415']
[2026-08-04T20:27:04+00:00] INFO: 2021-09-24_B.pdf: acciones_cargo_cc_presente: 2 overlapping renders ['0', '0']
[2026-08-04T20:27:04+00:00] INFO: 2021-09-24_B.pdf: saldos: overlap resolved by conservation identity (delta tesoreria 0)
[2026-08-04T20:27:04+00:00] INFO: 2021-09-24_B.pdf: acciones_circulacion_presente: 2 overlapping renders ['20,554,697,460', '20,554,697,460']
[2026-08-04T20:27:04+00:00] INFO: 2021-09-24_B.pdf: acciones_cargo_cc_presente: 2 overlapping renders ['0', '0']
[2026-08-04T20:27:04+00:00] INFO: 2021-09-24_B.pdf: saldos: overlap resolved by conservation identity (delta tesoreria 0)
[2026-08-04T20:27:04+00:00] INFO: 2021-09-24_B.pdf: acciones_circulacion_presente: 2 overlapping renders ['44,441,034,125', '44,451,034,125']
[2026-08-04T20:27:04+00:00] INFO: 2021-09-24_B.pdf: acciones_cargo_cc_presente: 2 overlapping renders ['0', '0']
[2026-08-04T20:27:04+00:00] INFO: 2021-09-24_B.pdf: saldos: overlap resolved by conservation identity (delta tesoreria 10,000,000)
[2026-08-04T20:27:04+00:00] ALERT: 2021-09-30_B.pdf: 3 series in one report ['A', 'AA', 'L']
[2026-08-04T20:27:04+00:00] ALERT: 2021-09-30_B.pdf: unexpected serie 'A'
[2026-08-04T20:27:04+00:00] ALERT: 2021-09-30_B.pdf: unexpected serie 'AA'
[2026-08-04T20:27:04+00:00] ALERT: 2021-09-30_B.pdf: unexpected serie 'L'
[2026-08-04T20:27:04+00:00] INFO: 2021-09-30_B.pdf: acciones_circulacion_presente: 2 overlapping renders ['510,268,415', '510,268,415']
[2026-08-04T20:27:04+00:00] INFO: 2021-09-30_B.pdf: acciones_cargo_cc_presente: 2 overlapping renders ['0', '0']
[2026-08-04T20:27:04+00:00] INFO: 2021-09-30_B.pdf: saldos: overlap resolved by conservation identity (delta tesoreria 0)
[2026-08-04T20:27:04+00:00] INFO: 2021-09-30_B.pdf: acciones_circulacion_presente: 2 overlapping renders ['20,554,697,460', '20,554,697,460']
[2026-08-04T20:27:04+00:00] INFO: 2021-09-30_B.pdf: acciones_cargo_cc_presente: 2 overlapping renders ['0', '0']
[2026-08-04T20:27:04+00:00] INFO: 2021-09-30_B.pdf: saldos: overlap resolved by conservation identity (delta tesoreria 0)
[2026-08-04T20:27:04+00:00] INFO: 2021-09-30_B.pdf: acciones_circulacion_presente: 2 overlapping renders ['44,385,034,125', '44,413,034,125']
[2026-08-04T20:27:04+00:00] INFO: 2021-09-30_B.pdf: acciones_cargo_cc_presente: 2 overlapping renders ['0', '0']
[2026-08-04T20:27:04+00:00] INFO: 2021-09-30_B.pdf: saldos: overlap resolved by conservation identity (delta tesoreria 28,000,000)
[2026-08-04T20:27:04+00:00] ALERT: 2021-10-01_B.pdf: 3 series in one report ['A', 'AA', 'L']
[2026-08-04T20:27:04+00:00] ALERT: 2021-10-01_B.pdf: unexpected serie 'A'
[2026-08-04T20:27:04+00:00] ALERT: 2021-10-01_B.pdf: unexpected serie 'AA'
[2026-08-04T20:27:04+00:00] ALERT: 2021-10-01_B.pdf: unexpected serie 'L'
[2026-08-04T20:27:04+00:00] INFO: 2021-10-01_B.pdf: acciones_circulacion_presente: 2 overlapping renders ['508,181,645', '508,181,645']
[2026-08-04T20:27:04+00:00] INFO: 2021-10-01_B.pdf: acciones_cargo_cc_presente: 2 overlapping renders ['0', '0']
[2026-08-04T20:27:04+00:00] INFO: 2021-10-01_B.pdf: saldos: overlap resolved by conservation identity (delta tesoreria 0)
[2026-08-04T20:27:04+00:00] INFO: 2021-10-01_B.pdf: acciones_circulacion_presente: 2 overlapping renders ['20,554,697,460', '20,554,697,460']
[2026-08-04T20:27:04+00:00] INFO: 2021-10-01_B.pdf: acciones_cargo_cc_presente: 2 overlapping renders ['0', '0']
[2026-08-04T20:27:04+00:00] INFO: 2021-10-01_B.pdf: saldos: overlap resolved by conservation identity (delta tesoreria 0)
[2026-08-04T20:27:04+00:00] INFO: 2021-10-01_B.pdf: acciones_circulacion_presente: 2 overlapping renders ['44,377,120,895', '44,387,120,895']
[2026-08-04T20:27:04+00:00] INFO: 2021-10-01_B.pdf: acciones_cargo_cc_presente: 2 overlapping renders ['0', '0']
[2026-08-04T20:27:04+00:00] INFO: 2021-10-01_B.pdf: saldos: overlap resolved by conservation identity (delta tesoreria 10,000,000)
[2026-08-04T20:27:04+00:00] ALERT: 2021-10-08_B.pdf: 3 series in one report ['A', 'AA', 'L']
[2026-08-04T20:27:04+00:00] ALERT: 2021-10-08_B.pdf: unexpected serie 'A'
[2026-08-04T20:27:04+00:00] ALERT: 2021-10-08_B.pdf: unexpected serie 'AA'
[2026-08-04T20:27:04+00:00] ALERT: 2021-10-08_B.pdf: unexpected serie 'L'
[2026-08-04T20:27:04+00:00] INFO: 2021-10-08_B.pdf: acciones_circulacion_presente: 2 overlapping renders ['508,181,645', '508,181,645']
[2026-08-04T20:27:04+00:00] INFO: 2021-10-08_B.pdf: acciones_cargo_cc_presente: 2 overlapping renders ['0', '0']
[2026-08-04T20:27:04+00:00] INFO: 2021-10-08_B.pdf: saldos: overlap resolved by conservation identity (delta tesoreria 0)
[2026-08-04T20:27:04+00:00] INFO: 2021-10-08_B.pdf: acciones_circulacion_presente: 2 overlapping renders ['20,554,697,460', '20,554,697,460']
[2026-08-04T20:27:04+00:00] INFO: 2021-10-08_B.pdf: acciones_cargo_cc_presente: 2 overlapping renders ['0', '0']
[2026-08-04T20:27:04+00:00] INFO: 2021-10-08_B.pdf: saldos: overlap resolved by conservation identity (delta tesoreria 0)
[2026-08-04T20:27:04+00:00] INFO: 2021-10-08_B.pdf: acciones_circulacion_presente: 2 overlapping renders ['44,312,120,895', '44,328,120,895']
[2026-08-04T20:27:04+00:00] INFO: 2021-10-08_B.pdf: acciones_cargo_cc_presente: 2 overlapping renders ['0', '0']
[2026-08-04T20:27:04+00:00] INFO: 2021-10-08_B.pdf: saldos: overlap resolved by conservation identity (delta tesoreria 16,000,000)
[2026-08-04T20:27:05+00:00] ALERT: 2021-10-15_B.pdf: 3 series in one report ['A', 'AA', 'L']
[2026-08-04T20:27:05+00:00] ALERT: 2021-10-15_B.pdf: unexpected serie 'A'
[2026-08-04T20:27:05+00:00] ALERT: 2021-10-15_B.pdf: unexpected serie 'AA'
[2026-08-04T20:27:05+00:00] ALERT: 2021-10-15_B.pdf: unexpected serie 'L'
[2026-08-04T20:27:05+00:00] INFO: 2021-10-15_B.pdf: acciones_circulacion_presente: 2 overlapping renders ['508,181,645', '508,181,645']
[2026-08-04T20:27:05+00:00] INFO: 2021-10-15_B.pdf: acciones_cargo_cc_presente: 2 overlapping renders ['0', '0']
[2026-08-04T20:27:05+00:00] INFO: 2021-10-15_B.pdf: saldos: overlap resolved by conservation identity (delta tesoreria 0)
[2026-08-04T20:27:05+00:00] INFO: 2021-10-15_B.pdf: acciones_circulacion_presente: 2 overlapping renders ['20,554,697,460', '20,554,697,460']
[2026-08-04T20:27:05+00:00] INFO: 2021-10-15_B.pdf: acciones_cargo_cc_presente: 2 overlapping renders ['0', '0']
[2026-08-04T20:27:05+00:00] INFO: 2021-10-15_B.pdf: saldos: overlap resolved by conservation identity (delta tesoreria 0)
[2026-08-04T20:27:05+00:00] INFO: 2021-10-15_B.pdf: acciones_circulacion_presente: 2 overlapping renders ['44,254,120,895', '44,264,946,651']
[2026-08-04T20:27:05+00:00] INFO: 2021-10-15_B.pdf: acciones_cargo_cc_presente: 2 overlapping renders ['0', '0']
[2026-08-04T20:27:05+00:00] INFO: 2021-10-15_B.pdf: saldos: overlap resolved by conservation identity (delta tesoreria 10,825,756)
[2026-08-04T20:27:05+00:00] ALERT: 2021-10-22_B.pdf: 3 series in one report ['A', 'AA', 'L']
[2026-08-04T20:27:05+00:00] ALERT: 2021-10-22_B.pdf: unexpected serie 'A'
[2026-08-04T20:27:05+00:00] ALERT: 2021-10-22_B.pdf: unexpected serie 'AA'
[2026-08-04T20:27:05+00:00] ALERT: 2021-10-22_B.pdf: unexpected serie 'L'
[2026-08-04T20:27:05+00:00] INFO: 2021-10-22_B.pdf: acciones_circulacion_presente: 2 overlapping renders ['508,181,645', '508,181,645']
[2026-08-04T20:27:05+00:00] INFO: 2021-10-22_B.pdf: acciones_cargo_cc_presente: 2 overlapping renders ['0', '0']
[2026-08-04T20:27:05+00:00] INFO: 2021-10-22_B.pdf: saldos: overlap resolved by conservation identity (delta tesoreria 0)
[2026-08-04T20:27:05+00:00] INFO: 2021-10-22_B.pdf: acciones_circulacion_presente: 2 overlapping renders ['20,554,697,460', '20,554,697,460']
[2026-08-04T20:27:05+00:00] INFO: 2021-10-22_B.pdf: acciones_cargo_cc_presente: 2 overlapping renders ['0', '0']
[2026-08-04T20:27:05+00:00] INFO: 2021-10-22_B.pdf: saldos: overlap resolved by conservation identity (delta tesoreria 0)
[2026-08-04T20:27:05+00:00] INFO: 2021-10-22_B.pdf: acciones_circulacion_presente: 2 overlapping renders ['44,176,400,590', '44,192,970,295']
[2026-08-04T20:27:05+00:00] INFO: 2021-10-22_B.pdf: acciones_cargo_cc_presente: 2 overlapping renders ['0', '0']
[2026-08-04T20:27:05+00:00] INFO: 2021-10-22_B.pdf: saldos: overlap resolved by conservation identity (delta tesoreria 16,569,705)
[2026-08-04T20:27:06+00:00] ALERT: 2021-10-29_B.pdf: 3 series in one report ['A', 'AA', 'L']
[2026-08-04T20:27:06+00:00] ALERT: 2021-10-29_B.pdf: unexpected serie 'A'
[2026-08-04T20:27:06+00:00] ALERT: 2021-10-29_B.pdf: unexpected serie 'AA'
[2026-08-04T20:27:06+00:00] ALERT: 2021-10-29_B.pdf: unexpected serie 'L'
[2026-08-04T20:27:06+00:00] INFO: 2021-10-29_B.pdf: acciones_circulacion_presente: 2 overlapping renders ['508,181,645', '508,181,645']
[2026-08-04T20:27:06+00:00] INFO: 2021-10-29_B.pdf: acciones_cargo_cc_presente: 2 overlapping renders ['0', '0']
[2026-08-04T20:27:06+00:00] INFO: 2021-10-29_B.pdf: saldos: overlap resolved by conservation identity (delta tesoreria 0)
[2026-08-04T20:27:06+00:00] INFO: 2021-10-29_B.pdf: acciones_circulacion_presente: 2 overlapping renders ['20,554,697,460', '20,554,697,460']
[2026-08-04T20:27:06+00:00] INFO: 2021-10-29_B.pdf: acciones_cargo_cc_presente: 2 overlapping renders ['0', '0']
[2026-08-04T20:27:06+00:00] INFO: 2021-10-29_B.pdf: saldos: overlap resolved by conservation identity (delta tesoreria 0)
[2026-08-04T20:27:06+00:00] INFO: 2021-10-29_B.pdf: acciones_circulacion_presente: 2 overlapping renders ['44,113,520,895', '44,124,120,895']
[2026-08-04T20:27:06+00:00] INFO: 2021-10-29_B.pdf: acciones_cargo_cc_presente: 2 overlapping renders ['0', '0']
[2026-08-04T20:27:06+00:00] INFO: 2021-10-29_B.pdf: saldos: overlap resolved by conservation identity (delta tesoreria 10,600,000)
[2026-08-04T20:27:06+00:00] ALERT: 2021-11-05_B.pdf: 3 series in one report ['A', 'AA', 'L']
[2026-08-04T20:27:06+00:00] ALERT: 2021-11-05_B.pdf: unexpected serie 'A'
[2026-08-04T20:27:06+00:00] ALERT: 2021-11-05_B.pdf: unexpected serie 'AA'
[2026-08-04T20:27:06+00:00] ALERT: 2021-11-05_B.pdf: unexpected serie 'L'
[2026-08-04T20:27:06+00:00] INFO: 2021-11-05_B.pdf: acciones_circulacion_presente: 2 overlapping renders ['502,674,728', '502,674,728']
[2026-08-04T20:27:06+00:00] INFO: 2021-11-05_B.pdf: acciones_cargo_cc_presente: 2 overlapping renders ['0', '0']
[2026-08-04T20:27:06+00:00] INFO: 2021-11-05_B.pdf: saldos: overlap resolved by conservation identity (delta tesoreria 0)
[2026-08-04T20:27:06+00:00] INFO: 2021-11-05_B.pdf: acciones_circulacion_presente: 2 overlapping renders ['20,554,697,460', '20,554,697,460']
[2026-08-04T20:27:06+00:00] INFO: 2021-11-05_B.pdf: acciones_cargo_cc_presente: 2 overlapping renders ['0', '0']
[2026-08-04T20:27:06+00:00] INFO: 2021-11-05_B.pdf: saldos: overlap resolved by conservation identity (delta tesoreria 0)
[2026-08-04T20:27:06+00:00] INFO: 2021-11-05_B.pdf: acciones_circulacion_presente: 2 overlapping renders ['44,061,227,812', '44,082,627,812']
[2026-08-04T20:27:06+00:00] INFO: 2021-11-05_B.pdf: acciones_cargo_cc_presente: 2 overlapping renders ['0', '0']
[2026-08-04T20:27:06+00:00] INFO: 2021-11-05_B.pdf: saldos: overlap resolved by conservation identity (delta tesoreria 21,400,000)
[2026-08-04T20:27:06+00:00] ALERT: 2021-11-12_B.pdf: 3 series in one report ['A', 'AA', 'L']
[2026-08-04T20:27:06+00:00] ALERT: 2021-11-12_B.pdf: unexpected serie 'A'
[2026-08-04T20:27:06+00:00] ALERT: 2021-11-12_B.pdf: unexpected serie 'AA'
[2026-08-04T20:27:06+00:00] ALERT: 2021-11-12_B.pdf: unexpected serie 'L'
[2026-08-04T20:27:06+00:00] INFO: 2021-11-12_B.pdf: acciones_circulacion_presente: 2 overlapping renders ['502,674,728', '502,674,728']
[2026-08-04T20:27:06+00:00] INFO: 2021-11-12_B.pdf: acciones_cargo_cc_presente: 2 overlapping renders ['0', '0']
[2026-08-04T20:27:06+00:00] INFO: 2021-11-12_B.pdf: saldos: overlap resolved by conservation identity (delta tesoreria 0)
[2026-08-04T20:27:06+00:00] INFO: 2021-11-12_B.pdf: acciones_circulacion_presente: 2 overlapping renders ['20,554,697,460', '20,554,697,460']
[2026-08-04T20:27:06+00:00] INFO: 2021-11-12_B.pdf: acciones_cargo_cc_presente: 2 overlapping renders ['0', '0']
[2026-08-04T20:27:06+00:00] INFO: 2021-11-12_B.pdf: saldos: overlap resolved by conservation identity (delta tesoreria 0)
[2026-08-04T20:27:06+00:00] INFO: 2021-11-12_B.pdf: acciones_circulacion_presente: 2 overlapping renders ['43,977,627,812', '43,989,627,812']
[2026-08-04T20:27:06+00:00] INFO: 2021-11-12_B.pdf: acciones_cargo_cc_presente: 2 overlapping renders ['0', '0']
[2026-08-04T20:27:06+00:00] INFO: 2021-11-12_B.pdf: saldos: overlap resolved by conservation identity (delta tesoreria 12,000,000)
[2026-08-04T20:27:06+00:00] ALERT: 2021-11-19_B.pdf: 3 series in one report ['A', 'AA', 'L']
[2026-08-04T20:27:06+00:00] ALERT: 2021-11-19_B.pdf: unexpected serie 'A'
[2026-08-04T20:27:06+00:00] ALERT: 2021-11-19_B.pdf: unexpected serie 'AA'
[2026-08-04T20:27:06+00:00] ALERT: 2021-11-19_B.pdf: unexpected serie 'L'
[2026-08-04T20:27:06+00:00] INFO: 2021-11-19_B.pdf: acciones_circulacion_presente: 2 overlapping renders ['502,674,728', '502,674,728']
[2026-08-04T20:27:06+00:00] INFO: 2021-11-19_B.pdf: acciones_cargo_cc_presente: 2 overlapping renders ['0', '0']
[2026-08-04T20:27:06+00:00] INFO: 2021-11-19_B.pdf: saldos: overlap resolved by conservation identity (delta tesoreria 0)
[2026-08-04T20:27:06+00:00] INFO: 2021-11-19_B.pdf: acciones_circulacion_presente: 2 overlapping renders ['20,554,697,460', '20,554,697,460']
[2026-08-04T20:27:06+00:00] INFO: 2021-11-19_B.pdf: acciones_cargo_cc_presente: 2 overlapping renders ['0', '0']
[2026-08-04T20:27:06+00:00] INFO: 2021-11-19_B.pdf: saldos: overlap resolved by conservation identity (delta tesoreria 0)
[2026-08-04T20:27:06+00:00] INFO: 2021-11-19_B.pdf: acciones_circulacion_presente: 2 overlapping renders ['43,919,627,812', '43,934,887,696']
[2026-08-04T20:27:06+00:00] INFO: 2021-11-19_B.pdf: acciones_cargo_cc_presente: 2 overlapping renders ['0', '0']
[2026-08-04T20:27:06+00:00] INFO: 2021-11-19_B.pdf: saldos: overlap resolved by conservation identity (delta tesoreria 15,259,884)
[2026-08-04T20:27:07+00:00] ALERT: 2021-11-26_B.pdf: 3 series in one report ['A', 'AA', 'L']
[2026-08-04T20:27:07+00:00] ALERT: 2021-11-26_B.pdf: unexpected serie 'A'
[2026-08-04T20:27:07+00:00] ALERT: 2021-11-26_B.pdf: unexpected serie 'AA'
[2026-08-04T20:27:07+00:00] ALERT: 2021-11-26_B.pdf: unexpected serie 'L'
[2026-08-04T20:27:07+00:00] INFO: 2021-11-26_B.pdf: acciones_circulacion_presente: 2 overlapping renders ['502,674,728', '502,674,728']
[2026-08-04T20:27:07+00:00] INFO: 2021-11-26_B.pdf: acciones_cargo_cc_presente: 2 overlapping renders ['0', '0']
[2026-08-04T20:27:07+00:00] INFO: 2021-11-26_B.pdf: saldos: overlap resolved by conservation identity (delta tesoreria 0)
[2026-08-04T20:27:07+00:00] INFO: 2021-11-26_B.pdf: acciones_circulacion_presente: 2 overlapping renders ['20,554,697,460', '20,554,697,460']
[2026-08-04T20:27:07+00:00] INFO: 2021-11-26_B.pdf: acciones_cargo_cc_presente: 2 overlapping renders ['0', '0']
[2026-08-04T20:27:07+00:00] INFO: 2021-11-26_B.pdf: saldos: overlap resolved by conservation identity (delta tesoreria 0)
[2026-08-04T20:27:07+00:00] INFO: 2021-11-26_B.pdf: acciones_circulacion_presente: 2 overlapping renders ['43,860,127,812', '43,874,327,812']
[2026-08-04T20:27:07+00:00] INFO: 2021-11-26_B.pdf: acciones_cargo_cc_presente: 2 overlapping renders ['0', '0']
[2026-08-04T20:27:07+00:00] INFO: 2021-11-26_B.pdf: saldos: overlap resolved by conservation identity (delta tesoreria 14,200,000)
[2026-08-04T20:27:07+00:00] ALERT: 2021-11-30_B.pdf: 3 series in one report ['A', 'AA', 'L']
[2026-08-04T20:27:07+00:00] ALERT: 2021-11-30_B.pdf: unexpected serie 'A'
[2026-08-04T20:27:07+00:00] ALERT: 2021-11-30_B.pdf: unexpected serie 'AA'
[2026-08-04T20:27:07+00:00] ALERT: 2021-11-30_B.pdf: unexpected serie 'L'
[2026-08-04T20:27:07+00:00] INFO: 2021-11-30_B.pdf: acciones_circulacion_presente: 2 overlapping renders ['502,674,728', '502,674,728']
[2026-08-04T20:27:07+00:00] INFO: 2021-11-30_B.pdf: acciones_cargo_cc_presente: 2 overlapping renders ['0', '0']
[2026-08-04T20:27:07+00:00] INFO: 2021-11-30_B.pdf: saldos: overlap resolved by conservation identity (delta tesoreria 0)
[2026-08-04T20:27:07+00:00] INFO: 2021-11-30_B.pdf: acciones_circulacion_presente: 2 overlapping renders ['20,554,697,460', '20,554,697,460']
[2026-08-04T20:27:07+00:00] INFO: 2021-11-30_B.pdf: acciones_cargo_cc_presente: 2 overlapping renders ['0', '0']
[2026-08-04T20:27:07+00:00] INFO: 2021-11-30_B.pdf: saldos: overlap resolved by conservation identity (delta tesoreria 0)
[2026-08-04T20:27:07+00:00] INFO: 2021-11-30_B.pdf: acciones_circulacion_presente: 2 overlapping renders ['43,833,627,812', '43,842,627,812']
[2026-08-04T20:27:07+00:00] INFO: 2021-11-30_B.pdf: acciones_cargo_cc_presente: 2 overlapping renders ['0', '0']
[2026-08-04T20:27:07+00:00] INFO: 2021-11-30_B.pdf: saldos: overlap resolved by conservation identity (delta tesoreria 9,000,000)
[2026-08-04T20:27:08+00:00] ALERT: 2021-12-03_B.pdf: 3 series in one report ['A', 'AA', 'L']
[2026-08-04T20:27:08+00:00] ALERT: 2021-12-03_B.pdf: unexpected serie 'A'
[2026-08-04T20:27:08+00:00] ALERT: 2021-12-03_B.pdf: unexpected serie 'AA'
[2026-08-04T20:27:08+00:00] ALERT: 2021-12-03_B.pdf: unexpected serie 'L'
[2026-08-04T20:27:08+00:00] INFO: 2021-12-03_B.pdf: acciones_circulacion_presente: 2 overlapping renders ['502,671,188', '502,671,188']
[2026-08-04T20:27:08+00:00] INFO: 2021-12-03_B.pdf: acciones_cargo_cc_presente: 2 overlapping renders ['0', '0']
[2026-08-04T20:27:08+00:00] INFO: 2021-12-03_B.pdf: saldos: overlap resolved by conservation identity (delta tesoreria 0)
[2026-08-04T20:27:08+00:00] INFO: 2021-12-03_B.pdf: acciones_circulacion_presente: 2 overlapping renders ['20,554,697,460', '20,554,697,460']
[2026-08-04T20:27:08+00:00] INFO: 2021-12-03_B.pdf: acciones_cargo_cc_presente: 2 overlapping renders ['0', '0']
[2026-08-04T20:27:08+00:00] INFO: 2021-12-03_B.pdf: saldos: overlap resolved by conservation identity (delta tesoreria 0)
[2026-08-04T20:27:08+00:00] INFO: 2021-12-03_B.pdf: acciones_circulacion_presente: 2 overlapping renders ['43,802,631,352', '43,812,631,352']
[2026-08-04T20:27:08+00:00] INFO: 2021-12-03_B.pdf: acciones_cargo_cc_presente: 2 overlapping renders ['0', '0']
[2026-08-04T20:27:08+00:00] INFO: 2021-12-03_B.pdf: saldos: overlap resolved by conservation identity (delta tesoreria 10,000,000)
[2026-08-04T20:27:09+00:00] ALERT: 2021-12-10_B.pdf: 3 series in one report ['A', 'AA', 'L']
[2026-08-04T20:27:09+00:00] ALERT: 2021-12-10_B.pdf: unexpected serie 'A'
[2026-08-04T20:27:09+00:00] ALERT: 2021-12-10_B.pdf: unexpected serie 'AA'
[2026-08-04T20:27:09+00:00] ALERT: 2021-12-10_B.pdf: unexpected serie 'L'
[2026-08-04T20:27:09+00:00] INFO: 2021-12-10_B.pdf: acciones_circulacion_presente: 2 overlapping renders ['502,671,188', '502,671,188']
[2026-08-04T20:27:09+00:00] INFO: 2021-12-10_B.pdf: acciones_cargo_cc_presente: 2 overlapping renders ['0', '0']
[2026-08-04T20:27:09+00:00] INFO: 2021-12-10_B.pdf: saldos: overlap resolved by conservation identity (delta tesoreria 0)
[2026-08-04T20:27:09+00:00] INFO: 2021-12-10_B.pdf: acciones_circulacion_presente: 2 overlapping renders ['20,554,697,460', '20,554,697,460']
[2026-08-04T20:27:09+00:00] INFO: 2021-12-10_B.pdf: acciones_cargo_cc_presente: 2 overlapping renders ['0', '0']
[2026-08-04T20:27:09+00:00] INFO: 2021-12-10_B.pdf: saldos: overlap resolved by conservation identity (delta tesoreria 0)
[2026-08-04T20:27:09+00:00] INFO: 2021-12-10_B.pdf: acciones_circulacion_presente: 2 overlapping renders ['43,752,631,352', '43,762,631,352']
[2026-08-04T20:27:09+00:00] INFO: 2021-12-10_B.pdf: acciones_cargo_cc_presente: 2 overlapping renders ['0', '0']
[2026-08-04T20:27:09+00:00] INFO: 2021-12-10_B.pdf: saldos: overlap resolved by conservation identity (delta tesoreria 10,000,000)
[2026-08-04T20:27:09+00:00] ALERT: 2021-12-17_B.pdf: 3 series in one report ['A', 'AA', 'L']
[2026-08-04T20:27:09+00:00] ALERT: 2021-12-17_B.pdf: unexpected serie 'A'
[2026-08-04T20:27:09+00:00] ALERT: 2021-12-17_B.pdf: unexpected serie 'AA'
[2026-08-04T20:27:09+00:00] ALERT: 2021-12-17_B.pdf: unexpected serie 'L'
[2026-08-04T20:27:09+00:00] INFO: 2021-12-17_B.pdf: acciones_circulacion_presente: 2 overlapping renders ['502,671,188', '502,671,188']
[2026-08-04T20:27:09+00:00] INFO: 2021-12-17_B.pdf: acciones_cargo_cc_presente: 2 overlapping renders ['0', '0']
[2026-08-04T20:27:09+00:00] INFO: 2021-12-17_B.pdf: saldos: overlap resolved by conservation identity (delta tesoreria 0)
[2026-08-04T20:27:09+00:00] INFO: 2021-12-17_B.pdf: acciones_circulacion_presente: 2 overlapping renders ['20,554,697,460', '20,554,697,460']
[2026-08-04T20:27:09+00:00] INFO: 2021-12-17_B.pdf: acciones_cargo_cc_presente: 2 overlapping renders ['0', '0']
[2026-08-04T20:27:09+00:00] INFO: 2021-12-17_B.pdf: saldos: overlap resolved by conservation identity (delta tesoreria 0)
[2026-08-04T20:27:09+00:00] INFO: 2021-12-17_B.pdf: acciones_circulacion_presente: 2 overlapping renders ['43,694,785,896', '43,707,114,012']
[2026-08-04T20:27:09+00:00] INFO: 2021-12-17_B.pdf: acciones_cargo_cc_presente: 2 overlapping renders ['0', '0']
[2026-08-04T20:27:09+00:00] INFO: 2021-12-17_B.pdf: saldos: overlap resolved by conservation identity (delta tesoreria 12,328,116)
[2026-08-04T20:27:09+00:00] ALERT: 2021-12-24_B.pdf: 3 series in one report ['A', 'AA', 'L']
[2026-08-04T20:27:09+00:00] ALERT: 2021-12-24_B.pdf: unexpected serie 'A'
[2026-08-04T20:27:09+00:00] ALERT: 2021-12-24_B.pdf: unexpected serie 'AA'
[2026-08-04T20:27:09+00:00] ALERT: 2021-12-24_B.pdf: unexpected serie 'L'
[2026-08-04T20:27:09+00:00] INFO: 2021-12-24_B.pdf: acciones_circulacion_presente: 2 overlapping renders ['502,671,188', '502,671,188']
[2026-08-04T20:27:09+00:00] INFO: 2021-12-24_B.pdf: acciones_cargo_cc_presente: 2 overlapping renders ['0', '0']
[2026-08-04T20:27:09+00:00] INFO: 2021-12-24_B.pdf: saldos: overlap resolved by conservation identity (delta tesoreria 0)
[2026-08-04T20:27:09+00:00] INFO: 2021-12-24_B.pdf: acciones_circulacion_presente: 2 overlapping renders ['20,554,697,460', '20,554,697,460']
[2026-08-04T20:27:09+00:00] INFO: 2021-12-24_B.pdf: acciones_cargo_cc_presente: 2 overlapping renders ['0', '0']
[2026-08-04T20:27:09+00:00] INFO: 2021-12-24_B.pdf: saldos: overlap resolved by conservation identity (delta tesoreria 0)
[2026-08-04T20:27:09+00:00] INFO: 2021-12-24_B.pdf: acciones_circulacion_presente: 2 overlapping renders ['43,670,131,352', '43,670,919,413']
[2026-08-04T20:27:09+00:00] INFO: 2021-12-24_B.pdf: acciones_cargo_cc_presente: 2 overlapping renders ['0', '0']
[2026-08-04T20:27:09+00:00] INFO: 2021-12-24_B.pdf: saldos: overlap resolved by conservation identity (delta tesoreria 788,061)
[2026-08-04T20:27:09+00:00] ALERT: 2021-12-31_B.pdf: 3 series in one report ['A', 'AA', 'L']
[2026-08-04T20:27:09+00:00] ALERT: 2021-12-31_B.pdf: unexpected serie 'A'
[2026-08-04T20:27:09+00:00] ALERT: 2021-12-31_B.pdf: unexpected serie 'AA'
[2026-08-04T20:27:09+00:00] ALERT: 2021-12-31_B.pdf: unexpected serie 'L'
[2026-08-04T20:27:09+00:00] INFO: 2021-12-31_B.pdf: acciones_circulacion_presente: 2 overlapping renders ['502,671,188', '502,671,188']
[2026-08-04T20:27:09+00:00] INFO: 2021-12-31_B.pdf: acciones_cargo_cc_presente: 2 overlapping renders ['0', '0']
[2026-08-04T20:27:09+00:00] INFO: 2021-12-31_B.pdf: saldos: overlap resolved by conservation identity (delta tesoreria 0)
[2026-08-04T20:27:09+00:00] INFO: 2021-12-31_B.pdf: acciones_circulacion_presente: 2 overlapping renders ['20,554,697,460', '20,554,697,460']
[2026-08-04T20:27:09+00:00] INFO: 2021-12-31_B.pdf: acciones_cargo_cc_presente: 2 overlapping renders ['0', '0']
[2026-08-04T20:27:09+00:00] INFO: 2021-12-31_B.pdf: saldos: overlap resolved by conservation identity (delta tesoreria 0)
[2026-08-04T20:27:09+00:00] INFO: 2021-12-31_B.pdf: acciones_circulacion_presente: 2 overlapping renders ['43,632,371,985', '43,633,076,268']
[2026-08-04T20:27:09+00:00] INFO: 2021-12-31_B.pdf: acciones_cargo_cc_presente: 2 overlapping renders ['0', '0']
[2026-08-04T20:27:09+00:00] INFO: 2021-12-31_B.pdf: saldos: overlap resolved by conservation identity (delta tesoreria 704,283)
[2026-08-04T20:27:10+00:00] ALERT: 2022-01-07_B.pdf: 3 series in one report ['A', 'AA', 'L']
[2026-08-04T20:27:10+00:00] ALERT: 2022-01-07_B.pdf: unexpected serie 'A'
[2026-08-04T20:27:10+00:00] ALERT: 2022-01-07_B.pdf: unexpected serie 'AA'
[2026-08-04T20:27:10+00:00] ALERT: 2022-01-07_B.pdf: unexpected serie 'L'
[2026-08-04T20:27:10+00:00] INFO: 2022-01-07_B.pdf: acciones_circulacion_presente: 2 overlapping renders ['502,404,175', '502,404,175']
[2026-08-04T20:27:10+00:00] INFO: 2022-01-07_B.pdf: acciones_cargo_cc_presente: 2 overlapping renders ['0', '0']
[2026-08-04T20:27:10+00:00] INFO: 2022-01-07_B.pdf: saldos: overlap resolved by conservation identity (delta tesoreria 0)
[2026-08-04T20:27:10+00:00] INFO: 2022-01-07_B.pdf: acciones_circulacion_presente: 2 overlapping renders ['20,554,697,460', '20,554,697,460']
[2026-08-04T20:27:10+00:00] INFO: 2022-01-07_B.pdf: acciones_cargo_cc_presente: 2 overlapping renders ['0', '0']
[2026-08-04T20:27:10+00:00] INFO: 2022-01-07_B.pdf: saldos: overlap resolved by conservation identity (delta tesoreria 0)
[2026-08-04T20:27:10+00:00] INFO: 2022-01-07_B.pdf: acciones_circulacion_presente: 2 overlapping renders ['43,603,302,572', '43,614,460,370']
[2026-08-04T20:27:10+00:00] INFO: 2022-01-07_B.pdf: acciones_cargo_cc_presente: 2 overlapping renders ['0', '0']
[2026-08-04T20:27:10+00:00] INFO: 2022-01-07_B.pdf: saldos: overlap resolved by conservation identity (delta tesoreria 11,157,798)
[2026-08-04T20:27:10+00:00] ALERT: 2022-01-14_B.pdf: 3 series in one report ['A', 'AA', 'L']
[2026-08-04T20:27:10+00:00] ALERT: 2022-01-14_B.pdf: unexpected serie 'A'
[2026-08-04T20:27:10+00:00] ALERT: 2022-01-14_B.pdf: unexpected serie 'AA'
[2026-08-04T20:27:10+00:00] ALERT: 2022-01-14_B.pdf: unexpected serie 'L'
[2026-08-04T20:27:10+00:00] INFO: 2022-01-14_B.pdf: acciones_circulacion_presente: 2 overlapping renders ['502,404,175', '502,404,175']
[2026-08-04T20:27:10+00:00] INFO: 2022-01-14_B.pdf: acciones_cargo_cc_presente: 2 overlapping renders ['0', '0']
[2026-08-04T20:27:10+00:00] INFO: 2022-01-14_B.pdf: saldos: overlap resolved by conservation identity (delta tesoreria 0)
[2026-08-04T20:27:10+00:00] INFO: 2022-01-14_B.pdf: acciones_circulacion_presente: 2 overlapping renders ['20,554,697,460', '20,554,697,460']
[2026-08-04T20:27:10+00:00] INFO: 2022-01-14_B.pdf: acciones_cargo_cc_presente: 2 overlapping renders ['0', '0']
[2026-08-04T20:27:10+00:00] INFO: 2022-01-14_B.pdf: saldos: overlap resolved by conservation identity (delta tesoreria 0)
[2026-08-04T20:27:10+00:00] INFO: 2022-01-14_B.pdf: acciones_circulacion_presente: 2 overlapping renders ['43,584,797,663', '43,588,598,365']
[2026-08-04T20:27:10+00:00] INFO: 2022-01-14_B.pdf: acciones_cargo_cc_presente: 2 overlapping renders ['0', '0']
[2026-08-04T20:27:10+00:00] INFO: 2022-01-14_B.pdf: saldos: overlap resolved by conservation identity (delta tesoreria 3,800,702)
[2026-08-04T20:27:11+00:00] ALERT: 2022-01-21_B.pdf: 3 series in one report ['A', 'AA', 'L']
[2026-08-04T20:27:11+00:00] ALERT: 2022-01-21_B.pdf: unexpected serie 'A'
[2026-08-04T20:27:11+00:00] ALERT: 2022-01-21_B.pdf: unexpected serie 'AA'
[2026-08-04T20:27:11+00:00] ALERT: 2022-01-21_B.pdf: unexpected serie 'L'
[2026-08-04T20:27:11+00:00] INFO: 2022-01-21_B.pdf: acciones_circulacion_presente: 2 overlapping renders ['502,404,175', '502,404,175']
[2026-08-04T20:27:11+00:00] INFO: 2022-01-21_B.pdf: acciones_cargo_cc_presente: 2 overlapping renders ['0', '0']
[2026-08-04T20:27:11+00:00] INFO: 2022-01-21_B.pdf: saldos: overlap resolved by conservation identity (delta tesoreria 0)
[2026-08-04T20:27:11+00:00] INFO: 2022-01-21_B.pdf: acciones_circulacion_presente: 2 overlapping renders ['20,554,697,460', '20,554,697,460']
[2026-08-04T20:27:11+00:00] INFO: 2022-01-21_B.pdf: acciones_cargo_cc_presente: 2 overlapping renders ['0', '0']
[2026-08-04T20:27:11+00:00] INFO: 2022-01-21_B.pdf: saldos: overlap resolved by conservation identity (delta tesoreria 0)
[2026-08-04T20:27:11+00:00] INFO: 2022-01-21_B.pdf: acciones_circulacion_presente: 2 overlapping renders ['43,554,098,365', '43,561,592,006']
[2026-08-04T20:27:11+00:00] INFO: 2022-01-21_B.pdf: acciones_cargo_cc_presente: 2 overlapping renders ['0', '0']
[2026-08-04T20:27:11+00:00] INFO: 2022-01-21_B.pdf: saldos: overlap resolved by conservation identity (delta tesoreria 7,493,641)
[2026-08-04T20:27:11+00:00] ALERT: 2022-01-28_B.pdf: 3 series in one report ['A', 'AA', 'L']
[2026-08-04T20:27:11+00:00] ALERT: 2022-01-28_B.pdf: unexpected serie 'A'
[2026-08-04T20:27:11+00:00] ALERT: 2022-01-28_B.pdf: unexpected serie 'AA'
[2026-08-04T20:27:11+00:00] ALERT: 2022-01-28_B.pdf: unexpected serie 'L'
[2026-08-04T20:27:11+00:00] INFO: 2022-01-28_B.pdf: acciones_circulacion_presente: 2 overlapping renders ['502,404,175', '502,404,175']
[2026-08-04T20:27:11+00:00] INFO: 2022-01-28_B.pdf: acciones_cargo_cc_presente: 2 overlapping renders ['0', '0']
[2026-08-04T20:27:11+00:00] INFO: 2022-01-28_B.pdf: saldos: overlap resolved by conservation identity (delta tesoreria 0)
[2026-08-04T20:27:11+00:00] INFO: 2022-01-28_B.pdf: acciones_circulacion_presente: 2 overlapping renders ['20,554,697,460', '20,554,697,460']
[2026-08-04T20:27:11+00:00] INFO: 2022-01-28_B.pdf: acciones_cargo_cc_presente: 2 overlapping renders ['0', '0']
[2026-08-04T20:27:11+00:00] INFO: 2022-01-28_B.pdf: saldos: overlap resolved by conservation identity (delta tesoreria 0)
[2026-08-04T20:27:11+00:00] INFO: 2022-01-28_B.pdf: acciones_circulacion_presente: 2 overlapping renders ['43,520,498,365', '43,526,398,151']
[2026-08-04T20:27:11+00:00] INFO: 2022-01-28_B.pdf: acciones_cargo_cc_presente: 2 overlapping renders ['0', '0']
[2026-08-04T20:27:11+00:00] INFO: 2022-01-28_B.pdf: saldos: overlap resolved by conservation identity (delta tesoreria 5,899,786)
[2026-08-04T20:27:12+00:00] ALERT: 2022-01-31_B.pdf: 3 series in one report ['A', 'AA', 'L']
[2026-08-04T20:27:12+00:00] ALERT: 2022-01-31_B.pdf: unexpected serie 'A'
[2026-08-04T20:27:12+00:00] ALERT: 2022-01-31_B.pdf: unexpected serie 'AA'
[2026-08-04T20:27:12+00:00] ALERT: 2022-01-31_B.pdf: unexpected serie 'L'
[2026-08-04T20:27:12+00:00] INFO: 2022-01-31_B.pdf: acciones_circulacion_presente: 2 overlapping renders ['502,404,175', '502,404,175']
[2026-08-04T20:27:12+00:00] INFO: 2022-01-31_B.pdf: acciones_cargo_cc_presente: 2 overlapping renders ['0', '0']
[2026-08-04T20:27:12+00:00] INFO: 2022-01-31_B.pdf: saldos: overlap resolved by conservation identity (delta tesoreria 0)
[2026-08-04T20:27:12+00:00] INFO: 2022-01-31_B.pdf: acciones_circulacion_presente: 2 overlapping renders ['20,554,697,460', '20,554,697,460']
[2026-08-04T20:27:12+00:00] INFO: 2022-01-31_B.pdf: acciones_cargo_cc_presente: 2 overlapping renders ['0', '0']
[2026-08-04T20:27:12+00:00] INFO: 2022-01-31_B.pdf: saldos: overlap resolved by conservation identity (delta tesoreria 0)
[2026-08-04T20:27:12+00:00] INFO: 2022-01-31_B.pdf: acciones_circulacion_presente: 2 overlapping renders ['43,516,498,365', '43,520,498,365']
[2026-08-04T20:27:12+00:00] INFO: 2022-01-31_B.pdf: acciones_cargo_cc_presente: 2 overlapping renders ['0', '0']
[2026-08-04T20:27:12+00:00] INFO: 2022-01-31_B.pdf: saldos: overlap resolved by conservation identity (delta tesoreria 4,000,000)
[2026-08-04T20:27:12+00:00] ALERT: 2022-02-04_B.pdf: 3 series in one report ['A', 'AA', 'L']
[2026-08-04T20:27:12+00:00] ALERT: 2022-02-04_B.pdf: unexpected serie 'A'
[2026-08-04T20:27:12+00:00] ALERT: 2022-02-04_B.pdf: unexpected serie 'AA'
[2026-08-04T20:27:12+00:00] ALERT: 2022-02-04_B.pdf: unexpected serie 'L'
[2026-08-04T20:27:12+00:00] INFO: 2022-02-04_B.pdf: acciones_circulacion_presente: 2 overlapping renders ['499,446,962', '499,446,962']
[2026-08-04T20:27:12+00:00] INFO: 2022-02-04_B.pdf: acciones_cargo_cc_presente: 2 overlapping renders ['0', '0']
[2026-08-04T20:27:12+00:00] INFO: 2022-02-04_B.pdf: saldos: overlap resolved by conservation identity (delta tesoreria 0)
[2026-08-04T20:27:12+00:00] INFO: 2022-02-04_B.pdf: acciones_circulacion_presente: 2 overlapping renders ['20,554,697,460', '20,554,697,460']
[2026-08-04T20:27:12+00:00] INFO: 2022-02-04_B.pdf: acciones_cargo_cc_presente: 2 overlapping renders ['0', '0']
[2026-08-04T20:27:12+00:00] INFO: 2022-02-04_B.pdf: saldos: overlap resolved by conservation identity (delta tesoreria 0)
[2026-08-04T20:27:12+00:00] INFO: 2022-02-04_B.pdf: acciones_circulacion_presente: 2 overlapping renders ['43,495,655,578', '43,503,155,578']
[2026-08-04T20:27:12+00:00] INFO: 2022-02-04_B.pdf: acciones_cargo_cc_presente: 2 overlapping renders ['0', '0']
[2026-08-04T20:27:12+00:00] INFO: 2022-02-04_B.pdf: saldos: overlap resolved by conservation identity (delta tesoreria 7,500,000)
[2026-08-04T20:27:13+00:00] ALERT: 2022-02-11_B.pdf: 3 series in one report ['A', 'AA', 'L']
[2026-08-04T20:27:13+00:00] ALERT: 2022-02-11_B.pdf: unexpected serie 'A'
[2026-08-04T20:27:13+00:00] ALERT: 2022-02-11_B.pdf: unexpected serie 'AA'
[2026-08-04T20:27:13+00:00] ALERT: 2022-02-11_B.pdf: unexpected serie 'L'
[2026-08-04T20:27:13+00:00] INFO: 2022-02-11_B.pdf: acciones_circulacion_presente: 2 overlapping renders ['499,446,962', '499,446,962']
[2026-08-04T20:27:13+00:00] INFO: 2022-02-11_B.pdf: acciones_cargo_cc_presente: 2 overlapping renders ['0', '0']
[2026-08-04T20:27:13+00:00] INFO: 2022-02-11_B.pdf: saldos: overlap resolved by conservation identity (delta tesoreria 0)
[2026-08-04T20:27:13+00:00] INFO: 2022-02-11_B.pdf: acciones_circulacion_presente: 2 overlapping renders ['20,554,697,460', '20,554,697,460']
[2026-08-04T20:27:13+00:00] INFO: 2022-02-11_B.pdf: acciones_cargo_cc_presente: 2 overlapping renders ['0', '0']
[2026-08-04T20:27:13+00:00] INFO: 2022-02-11_B.pdf: saldos: overlap resolved by conservation identity (delta tesoreria 0)
[2026-08-04T20:27:13+00:00] INFO: 2022-02-11_B.pdf: acciones_circulacion_presente: 2 overlapping renders ['43,449,655,578', '43,459,655,578']
[2026-08-04T20:27:13+00:00] INFO: 2022-02-11_B.pdf: acciones_cargo_cc_presente: 2 overlapping renders ['0', '0']
[2026-08-04T20:27:13+00:00] INFO: 2022-02-11_B.pdf: saldos: overlap resolved by conservation identity (delta tesoreria 10,000,000)
[2026-08-04T20:27:13+00:00] ALERT: 2022-02-18_B.pdf: 3 series in one report ['A', 'AA', 'L']
[2026-08-04T20:27:13+00:00] ALERT: 2022-02-18_B.pdf: unexpected serie 'A'
[2026-08-04T20:27:13+00:00] ALERT: 2022-02-18_B.pdf: unexpected serie 'AA'
[2026-08-04T20:27:13+00:00] ALERT: 2022-02-18_B.pdf: unexpected serie 'L'
[2026-08-04T20:27:13+00:00] INFO: 2022-02-18_B.pdf: acciones_circulacion_presente: 2 overlapping renders ['499,446,962', '499,446,962']
[2026-08-04T20:27:13+00:00] INFO: 2022-02-18_B.pdf: acciones_cargo_cc_presente: 2 overlapping renders ['0', '0']
[2026-08-04T20:27:13+00:00] INFO: 2022-02-18_B.pdf: saldos: overlap resolved by conservation identity (delta tesoreria 0)
[2026-08-04T20:27:13+00:00] INFO: 2022-02-18_B.pdf: acciones_circulacion_presente: 2 overlapping renders ['20,554,697,460', '20,554,697,460']
[2026-08-04T20:27:13+00:00] INFO: 2022-02-18_B.pdf: acciones_cargo_cc_presente: 2 overlapping renders ['0', '0']
[2026-08-04T20:27:13+00:00] INFO: 2022-02-18_B.pdf: saldos: overlap resolved by conservation identity (delta tesoreria 0)
[2026-08-04T20:27:13+00:00] INFO: 2022-02-18_B.pdf: acciones_circulacion_presente: 2 overlapping renders ['43,395,855,578', '43,405,855,578']
[2026-08-04T20:27:13+00:00] INFO: 2022-02-18_B.pdf: acciones_cargo_cc_presente: 2 overlapping renders ['0', '0']
[2026-08-04T20:27:13+00:00] INFO: 2022-02-18_B.pdf: saldos: overlap resolved by conservation identity (delta tesoreria 10,000,000)
[2026-08-04T20:27:13+00:00] ALERT: 2022-02-25_B.pdf: 3 series in one report ['A', 'AA', 'L']
[2026-08-04T20:27:13+00:00] ALERT: 2022-02-25_B.pdf: unexpected serie 'A'
[2026-08-04T20:27:13+00:00] ALERT: 2022-02-25_B.pdf: unexpected serie 'AA'
[2026-08-04T20:27:13+00:00] ALERT: 2022-02-25_B.pdf: unexpected serie 'L'
[2026-08-04T20:27:13+00:00] INFO: 2022-02-25_B.pdf: acciones_circulacion_presente: 2 overlapping renders ['499,446,962', '499,446,962']
[2026-08-04T20:27:13+00:00] INFO: 2022-02-25_B.pdf: acciones_cargo_cc_presente: 2 overlapping renders ['0', '0']
[2026-08-04T20:27:13+00:00] INFO: 2022-02-25_B.pdf: saldos: overlap resolved by conservation identity (delta tesoreria 0)
[2026-08-04T20:27:13+00:00] INFO: 2022-02-25_B.pdf: acciones_circulacion_presente: 2 overlapping renders ['20,554,697,460', '20,554,697,460']
[2026-08-04T20:27:13+00:00] INFO: 2022-02-25_B.pdf: acciones_cargo_cc_presente: 2 overlapping renders ['0', '0']
[2026-08-04T20:27:13+00:00] INFO: 2022-02-25_B.pdf: saldos: overlap resolved by conservation identity (delta tesoreria 0)
[2026-08-04T20:27:13+00:00] INFO: 2022-02-25_B.pdf: acciones_circulacion_presente: 2 overlapping renders ['43,350,855,578', '43,357,655,578']
[2026-08-04T20:27:13+00:00] INFO: 2022-02-25_B.pdf: acciones_cargo_cc_presente: 2 overlapping renders ['0', '0']
[2026-08-04T20:27:13+00:00] INFO: 2022-02-25_B.pdf: saldos: overlap resolved by conservation identity (delta tesoreria 6,800,000)
[2026-08-04T20:27:13+00:00] ALERT: 2022-02-28_B.pdf: 3 series in one report ['A', 'AA', 'L']
[2026-08-04T20:27:13+00:00] ALERT: 2022-02-28_B.pdf: unexpected serie 'A'
[2026-08-04T20:27:13+00:00] ALERT: 2022-02-28_B.pdf: unexpected serie 'AA'
[2026-08-04T20:27:13+00:00] ALERT: 2022-02-28_B.pdf: unexpected serie 'L'
[2026-08-04T20:27:13+00:00] INFO: 2022-02-28_B.pdf: acciones_circulacion_presente: 2 overlapping renders ['499,446,962', '499,446,962']
[2026-08-04T20:27:13+00:00] INFO: 2022-02-28_B.pdf: acciones_cargo_cc_presente: 2 overlapping renders ['0', '0']
[2026-08-04T20:27:13+00:00] INFO: 2022-02-28_B.pdf: saldos: overlap resolved by conservation identity (delta tesoreria 0)
[2026-08-04T20:27:13+00:00] INFO: 2022-02-28_B.pdf: acciones_circulacion_presente: 2 overlapping renders ['20,554,697,460', '20,554,697,460']
[2026-08-04T20:27:13+00:00] INFO: 2022-02-28_B.pdf: acciones_cargo_cc_presente: 2 overlapping renders ['0', '0']
[2026-08-04T20:27:13+00:00] INFO: 2022-02-28_B.pdf: saldos: overlap resolved by conservation identity (delta tesoreria 0)
[2026-08-04T20:27:13+00:00] INFO: 2022-02-28_B.pdf: acciones_circulacion_presente: 2 overlapping renders ['43,313,712,326', '43,350,855,578']
[2026-08-04T20:27:13+00:00] INFO: 2022-02-28_B.pdf: acciones_cargo_cc_presente: 2 overlapping renders ['0', '0']
[2026-08-04T20:27:13+00:00] INFO: 2022-02-28_B.pdf: saldos: overlap resolved by conservation identity (delta tesoreria 37,143,252)
[2026-08-04T20:27:14+00:00] ALERT: 2022-03-04_B.pdf: 3 series in one report ['A', 'AA', 'L']
[2026-08-04T20:27:14+00:00] ALERT: 2022-03-04_B.pdf: unexpected serie 'A'
[2026-08-04T20:27:14+00:00] ALERT: 2022-03-04_B.pdf: unexpected serie 'AA'
[2026-08-04T20:27:14+00:00] ALERT: 2022-03-04_B.pdf: unexpected serie 'L'
[2026-08-04T20:27:14+00:00] INFO: 2022-03-04_B.pdf: acciones_circulacion_presente: 2 overlapping renders ['498,431,735', '498,431,735']
[2026-08-04T20:27:14+00:00] INFO: 2022-03-04_B.pdf: acciones_cargo_cc_presente: 2 overlapping renders ['0', '0']
[2026-08-04T20:27:14+00:00] INFO: 2022-03-04_B.pdf: saldos: overlap resolved by conservation identity (delta tesoreria 0)
[2026-08-04T20:27:14+00:00] INFO: 2022-03-04_B.pdf: acciones_circulacion_presente: 2 overlapping renders ['20,554,697,460', '20,554,697,460']
[2026-08-04T20:27:14+00:00] INFO: 2022-03-04_B.pdf: acciones_cargo_cc_presente: 2 overlapping renders ['0', '0']
[2026-08-04T20:27:14+00:00] INFO: 2022-03-04_B.pdf: saldos: overlap resolved by conservation identity (delta tesoreria 0)
[2026-08-04T20:27:14+00:00] INFO: 2022-03-04_B.pdf: acciones_circulacion_presente: 2 overlapping renders ['43,288,870,805', '43,296,870,805']
[2026-08-04T20:27:14+00:00] INFO: 2022-03-04_B.pdf: acciones_cargo_cc_presente: 2 overlapping renders ['0', '0']
[2026-08-04T20:27:14+00:00] INFO: 2022-03-04_B.pdf: saldos: overlap resolved by conservation identity (delta tesoreria 8,000,000)
[2026-08-04T20:27:14+00:00] ALERT: 2022-03-11_B.pdf: 3 series in one report ['A', 'AA', 'L']
[2026-08-04T20:27:14+00:00] ALERT: 2022-03-11_B.pdf: unexpected serie 'A'
[2026-08-04T20:27:14+00:00] ALERT: 2022-03-11_B.pdf: unexpected serie 'AA'
[2026-08-04T20:27:14+00:00] ALERT: 2022-03-11_B.pdf: unexpected serie 'L'
[2026-08-04T20:27:14+00:00] INFO: 2022-03-11_B.pdf: acciones_circulacion_presente: 2 overlapping renders ['498,431,735', '498,431,735']
[2026-08-04T20:27:14+00:00] INFO: 2022-03-11_B.pdf: acciones_cargo_cc_presente: 2 overlapping renders ['0', '0']
[2026-08-04T20:27:14+00:00] INFO: 2022-03-11_B.pdf: saldos: overlap resolved by conservation identity (delta tesoreria 0)
[2026-08-04T20:27:14+00:00] INFO: 2022-03-11_B.pdf: acciones_circulacion_presente: 2 overlapping renders ['20,554,697,460', '20,554,697,460']
[2026-08-04T20:27:14+00:00] INFO: 2022-03-11_B.pdf: acciones_cargo_cc_presente: 2 overlapping renders ['0', '0']
[2026-08-04T20:27:14+00:00] INFO: 2022-03-11_B.pdf: saldos: overlap resolved by conservation identity (delta tesoreria 0)
[2026-08-04T20:27:14+00:00] INFO: 2022-03-11_B.pdf: acciones_circulacion_presente: 2 overlapping renders ['43,246,870,805', '43,255,226,344']
[2026-08-04T20:27:14+00:00] INFO: 2022-03-11_B.pdf: acciones_cargo_cc_presente: 2 overlapping renders ['0', '0']
[2026-08-04T20:27:14+00:00] INFO: 2022-03-11_B.pdf: saldos: overlap resolved by conservation identity (delta tesoreria 8,355,539)
[2026-08-04T20:27:15+00:00] ALERT: 2022-03-18_B.pdf: 3 series in one report ['A', 'AA', 'L']
[2026-08-04T20:27:15+00:00] ALERT: 2022-03-18_B.pdf: unexpected serie 'A'
[2026-08-04T20:27:15+00:00] ALERT: 2022-03-18_B.pdf: unexpected serie 'AA'
[2026-08-04T20:27:15+00:00] ALERT: 2022-03-18_B.pdf: unexpected serie 'L'
[2026-08-04T20:27:15+00:00] INFO: 2022-03-18_B.pdf: acciones_circulacion_presente: 2 overlapping renders ['498,431,735', '498,431,735']
[2026-08-04T20:27:15+00:00] INFO: 2022-03-18_B.pdf: acciones_cargo_cc_presente: 2 overlapping renders ['0', '0']
[2026-08-04T20:27:15+00:00] INFO: 2022-03-18_B.pdf: saldos: overlap resolved by conservation identity (delta tesoreria 0)
[2026-08-04T20:27:15+00:00] INFO: 2022-03-18_B.pdf: acciones_circulacion_presente: 2 overlapping renders ['20,554,697,460', '20,554,697,460']
[2026-08-04T20:27:15+00:00] INFO: 2022-03-18_B.pdf: acciones_cargo_cc_presente: 2 overlapping renders ['0', '0']
[2026-08-04T20:27:15+00:00] INFO: 2022-03-18_B.pdf: saldos: overlap resolved by conservation identity (delta tesoreria 0)
[2026-08-04T20:27:15+00:00] INFO: 2022-03-18_B.pdf: acciones_circulacion_presente: 2 overlapping renders ['43,203,870,805', '43,213,870,805']
[2026-08-04T20:27:15+00:00] INFO: 2022-03-18_B.pdf: acciones_cargo_cc_presente: 2 overlapping renders ['0', '0']
[2026-08-04T20:27:15+00:00] INFO: 2022-03-18_B.pdf: saldos: overlap resolved by conservation identity (delta tesoreria 10,000,000)
[2026-08-04T20:27:15+00:00] ALERT: 2022-03-25_B.pdf: 3 series in one report ['A', 'AA', 'L']
[2026-08-04T20:27:15+00:00] ALERT: 2022-03-25_B.pdf: unexpected serie 'A'
[2026-08-04T20:27:15+00:00] ALERT: 2022-03-25_B.pdf: unexpected serie 'AA'
[2026-08-04T20:27:15+00:00] ALERT: 2022-03-25_B.pdf: unexpected serie 'L'
[2026-08-04T20:27:15+00:00] INFO: 2022-03-25_B.pdf: acciones_circulacion_presente: 2 overlapping renders ['498,431,735', '498,431,735']
[2026-08-04T20:27:15+00:00] INFO: 2022-03-25_B.pdf: acciones_cargo_cc_presente: 2 overlapping renders ['0', '0']
[2026-08-04T20:27:15+00:00] INFO: 2022-03-25_B.pdf: saldos: overlap resolved by conservation identity (delta tesoreria 0)
[2026-08-04T20:27:15+00:00] INFO: 2022-03-25_B.pdf: acciones_circulacion_presente: 2 overlapping renders ['20,554,697,460', '20,554,697,460']
[2026-08-04T20:27:15+00:00] INFO: 2022-03-25_B.pdf: acciones_cargo_cc_presente: 2 overlapping renders ['0', '0']
[2026-08-04T20:27:15+00:00] INFO: 2022-03-25_B.pdf: saldos: overlap resolved by conservation identity (delta tesoreria 0)
[2026-08-04T20:27:15+00:00] INFO: 2022-03-25_B.pdf: acciones_circulacion_presente: 2 overlapping renders ['43,181,870,805', '43,187,870,805']
[2026-08-04T20:27:15+00:00] INFO: 2022-03-25_B.pdf: acciones_cargo_cc_presente: 2 overlapping renders ['0', '0']
[2026-08-04T20:27:15+00:00] INFO: 2022-03-25_B.pdf: saldos: overlap resolved by conservation identity (delta tesoreria 6,000,000)
[2026-08-04T20:27:15+00:00] ALERT: 2022-03-31_B.pdf: 3 series in one report ['A', 'AA', 'L']
[2026-08-04T20:27:15+00:00] ALERT: 2022-03-31_B.pdf: unexpected serie 'A'
[2026-08-04T20:27:15+00:00] ALERT: 2022-03-31_B.pdf: unexpected serie 'AA'
[2026-08-04T20:27:15+00:00] ALERT: 2022-03-31_B.pdf: unexpected serie 'L'
[2026-08-04T20:27:15+00:00] INFO: 2022-03-31_B.pdf: acciones_circulacion_presente: 2 overlapping renders ['498,431,735', '498,431,735']
[2026-08-04T20:27:15+00:00] INFO: 2022-03-31_B.pdf: acciones_cargo_cc_presente: 2 overlapping renders ['0', '0']
[2026-08-04T20:27:15+00:00] INFO: 2022-03-31_B.pdf: saldos: overlap resolved by conservation identity (delta tesoreria 0)
[2026-08-04T20:27:15+00:00] INFO: 2022-03-31_B.pdf: acciones_circulacion_presente: 2 overlapping renders ['20,554,697,460', '20,554,697,460']
[2026-08-04T20:27:15+00:00] INFO: 2022-03-31_B.pdf: acciones_cargo_cc_presente: 2 overlapping renders ['0', '0']
[2026-08-04T20:27:15+00:00] INFO: 2022-03-31_B.pdf: saldos: overlap resolved by conservation identity (delta tesoreria 0)
[2026-08-04T20:27:15+00:00] INFO: 2022-03-31_B.pdf: acciones_circulacion_presente: 2 overlapping renders ['43,163,820,805', '43,166,870,805']
[2026-08-04T20:27:15+00:00] INFO: 2022-03-31_B.pdf: acciones_cargo_cc_presente: 2 overlapping renders ['0', '0']
[2026-08-04T20:27:15+00:00] INFO: 2022-03-31_B.pdf: saldos: overlap resolved by conservation identity (delta tesoreria 3,050,000)
[2026-08-04T20:27:16+00:00] ALERT: 2022-04-01_B.pdf: 3 series in one report ['A', 'AA', 'L']
[2026-08-04T20:27:16+00:00] ALERT: 2022-04-01_B.pdf: unexpected serie 'A'
[2026-08-04T20:27:16+00:00] ALERT: 2022-04-01_B.pdf: unexpected serie 'AA'
[2026-08-04T20:27:16+00:00] ALERT: 2022-04-01_B.pdf: unexpected serie 'L'
[2026-08-04T20:27:16+00:00] INFO: 2022-04-01_B.pdf: acciones_circulacion_presente: 2 overlapping renders ['498,063,275', '498,063,275']
[2026-08-04T20:27:16+00:00] INFO: 2022-04-01_B.pdf: acciones_cargo_cc_presente: 2 overlapping renders ['0', '0']
[2026-08-04T20:27:16+00:00] INFO: 2022-04-01_B.pdf: saldos: overlap resolved by conservation identity (delta tesoreria 0)
[2026-08-04T20:27:16+00:00] INFO: 2022-04-01_B.pdf: acciones_circulacion_presente: 2 overlapping renders ['20,554,697,460', '20,554,697,460']
[2026-08-04T20:27:16+00:00] INFO: 2022-04-01_B.pdf: acciones_cargo_cc_presente: 2 overlapping renders ['0', '0']
[2026-08-04T20:27:16+00:00] INFO: 2022-04-01_B.pdf: saldos: overlap resolved by conservation identity (delta tesoreria 0)
[2026-08-04T20:27:16+00:00] INFO: 2022-04-01_B.pdf: acciones_circulacion_presente: 2 overlapping renders ['43,161,739,265', '43,164,189,265']
[2026-08-04T20:27:16+00:00] INFO: 2022-04-01_B.pdf: acciones_cargo_cc_presente: 2 overlapping renders ['0', '0']
[2026-08-04T20:27:16+00:00] INFO: 2022-04-01_B.pdf: saldos: overlap resolved by conservation identity (delta tesoreria 2,450,000)
[2026-08-04T20:27:17+00:00] ALERT: 2022-04-08_B.pdf: 3 series in one report ['A', 'AA', 'L']
[2026-08-04T20:27:17+00:00] ALERT: 2022-04-08_B.pdf: unexpected serie 'A'
[2026-08-04T20:27:17+00:00] ALERT: 2022-04-08_B.pdf: unexpected serie 'AA'
[2026-08-04T20:27:17+00:00] ALERT: 2022-04-08_B.pdf: unexpected serie 'L'
[2026-08-04T20:27:17+00:00] INFO: 2022-04-08_B.pdf: acciones_circulacion_presente: 2 overlapping renders ['498,063,275', '498,063,275']
[2026-08-04T20:27:17+00:00] INFO: 2022-04-08_B.pdf: acciones_cargo_cc_presente: 2 overlapping renders ['0', '0']
[2026-08-04T20:27:17+00:00] INFO: 2022-04-08_B.pdf: saldos: overlap resolved by conservation identity (delta tesoreria 0)
[2026-08-04T20:27:17+00:00] INFO: 2022-04-08_B.pdf: acciones_circulacion_presente: 2 overlapping renders ['20,554,697,460', '20,554,697,460']
[2026-08-04T20:27:17+00:00] INFO: 2022-04-08_B.pdf: acciones_cargo_cc_presente: 2 overlapping renders ['0', '0']
[2026-08-04T20:27:17+00:00] INFO: 2022-04-08_B.pdf: saldos: overlap resolved by conservation identity (delta tesoreria 0)
[2026-08-04T20:27:17+00:00] INFO: 2022-04-08_B.pdf: acciones_circulacion_presente: 2 overlapping renders ['43,144,539,265', '43,148,739,265']
[2026-08-04T20:27:17+00:00] INFO: 2022-04-08_B.pdf: acciones_cargo_cc_presente: 2 overlapping renders ['0', '0']
[2026-08-04T20:27:17+00:00] INFO: 2022-04-08_B.pdf: saldos: overlap resolved by conservation identity (delta tesoreria 4,200,000)
[2026-08-04T20:27:17+00:00] ALERT: 2022-04-13_B.pdf: 3 series in one report ['A', 'AA', 'L']
[2026-08-04T20:27:17+00:00] ALERT: 2022-04-13_B.pdf: unexpected serie 'A'
[2026-08-04T20:27:17+00:00] ALERT: 2022-04-13_B.pdf: unexpected serie 'AA'
[2026-08-04T20:27:17+00:00] ALERT: 2022-04-13_B.pdf: unexpected serie 'L'
[2026-08-04T20:27:17+00:00] INFO: 2022-04-13_B.pdf: acciones_circulacion_presente: 2 overlapping renders ['498,063,275', '498,063,275']
[2026-08-04T20:27:17+00:00] INFO: 2022-04-13_B.pdf: acciones_cargo_cc_presente: 2 overlapping renders ['0', '0']
[2026-08-04T20:27:17+00:00] INFO: 2022-04-13_B.pdf: saldos: overlap resolved by conservation identity (delta tesoreria 0)
[2026-08-04T20:27:17+00:00] INFO: 2022-04-13_B.pdf: acciones_circulacion_presente: 2 overlapping renders ['20,554,697,460', '20,554,697,460']
[2026-08-04T20:27:17+00:00] INFO: 2022-04-13_B.pdf: acciones_cargo_cc_presente: 2 overlapping renders ['0', '0']
[2026-08-04T20:27:17+00:00] INFO: 2022-04-13_B.pdf: saldos: overlap resolved by conservation identity (delta tesoreria 0)
[2026-08-04T20:27:17+00:00] INFO: 2022-04-13_B.pdf: acciones_circulacion_presente: 2 overlapping renders ['43,134,539,265', '43,137,239,265']
[2026-08-04T20:27:17+00:00] INFO: 2022-04-13_B.pdf: acciones_cargo_cc_presente: 2 overlapping renders ['0', '0']
[2026-08-04T20:27:17+00:00] INFO: 2022-04-13_B.pdf: saldos: overlap resolved by conservation identity (delta tesoreria 2,700,000)
[2026-08-04T20:27:18+00:00] ALERT: 2022-04-22_B.pdf: 3 series in one report ['A', 'AA', 'L']
[2026-08-04T20:27:18+00:00] ALERT: 2022-04-22_B.pdf: unexpected serie 'A'
[2026-08-04T20:27:18+00:00] ALERT: 2022-04-22_B.pdf: unexpected serie 'AA'
[2026-08-04T20:27:18+00:00] ALERT: 2022-04-22_B.pdf: unexpected serie 'L'
[2026-08-04T20:27:18+00:00] INFO: 2022-04-22_B.pdf: acciones_circulacion_presente: 2 overlapping renders ['498,063,275', '498,063,275']
[2026-08-04T20:27:18+00:00] INFO: 2022-04-22_B.pdf: acciones_cargo_cc_presente: 2 overlapping renders ['0', '0']
[2026-08-04T20:27:18+00:00] INFO: 2022-04-22_B.pdf: saldos: overlap resolved by conservation identity (delta tesoreria 0)
[2026-08-04T20:27:18+00:00] INFO: 2022-04-22_B.pdf: acciones_circulacion_presente: 2 overlapping renders ['20,554,697,460', '20,554,697,460']
[2026-08-04T20:27:18+00:00] INFO: 2022-04-22_B.pdf: acciones_cargo_cc_presente: 2 overlapping renders ['0', '0']
[2026-08-04T20:27:18+00:00] INFO: 2022-04-22_B.pdf: saldos: overlap resolved by conservation identity (delta tesoreria 0)
[2026-08-04T20:27:18+00:00] INFO: 2022-04-22_B.pdf: acciones_circulacion_presente: 2 overlapping renders ['43,104,239,265', '43,108,739,265']
[2026-08-04T20:27:18+00:00] INFO: 2022-04-22_B.pdf: acciones_cargo_cc_presente: 2 overlapping renders ['0', '0']
[2026-08-04T20:27:18+00:00] INFO: 2022-04-22_B.pdf: saldos: overlap resolved by conservation identity (delta tesoreria 4,500,000)
[2026-08-04T20:27:19+00:00] ALERT: 2022-04-29_B.pdf: 3 series in one report ['A', 'AA', 'L']
[2026-08-04T20:27:19+00:00] ALERT: 2022-04-29_B.pdf: unexpected serie 'A'
[2026-08-04T20:27:19+00:00] ALERT: 2022-04-29_B.pdf: unexpected serie 'AA'
[2026-08-04T20:27:19+00:00] ALERT: 2022-04-29_B.pdf: unexpected serie 'L'
[2026-08-04T20:27:19+00:00] INFO: 2022-04-29_B.pdf: acciones_circulacion_presente: 2 overlapping renders ['498,063,275', '498,063,275']
[2026-08-04T20:27:19+00:00] INFO: 2022-04-29_B.pdf: acciones_cargo_cc_presente: 2 overlapping renders ['0', '0']
[2026-08-04T20:27:19+00:00] INFO: 2022-04-29_B.pdf: saldos: overlap resolved by conservation identity (delta tesoreria 0)
[2026-08-04T20:27:19+00:00] INFO: 2022-04-29_B.pdf: acciones_circulacion_presente: 2 overlapping renders ['20,554,697,460', '20,554,697,460']
[2026-08-04T20:27:19+00:00] INFO: 2022-04-29_B.pdf: acciones_cargo_cc_presente: 2 overlapping renders ['0', '0']
[2026-08-04T20:27:19+00:00] INFO: 2022-04-29_B.pdf: saldos: overlap resolved by conservation identity (delta tesoreria 0)
[2026-08-04T20:27:19+00:00] INFO: 2022-04-29_B.pdf: acciones_circulacion_presente: 2 overlapping renders ['43,077,739,067', '43,087,239,265']
[2026-08-04T20:27:19+00:00] INFO: 2022-04-29_B.pdf: acciones_cargo_cc_presente: 2 overlapping renders ['0', '0']
[2026-08-04T20:27:19+00:00] INFO: 2022-04-29_B.pdf: saldos: overlap resolved by conservation identity (delta tesoreria 9,500,198)
[2026-08-04T20:27:19+00:00] ALERT: 2022-05-06_B.pdf: 3 series in one report ['A', 'AA', 'L']
[2026-08-04T20:27:19+00:00] ALERT: 2022-05-06_B.pdf: unexpected serie 'A'
[2026-08-04T20:27:19+00:00] ALERT: 2022-05-06_B.pdf: unexpected serie 'AA'
[2026-08-04T20:27:19+00:00] ALERT: 2022-05-06_B.pdf: unexpected serie 'L'
[2026-08-04T20:27:19+00:00] INFO: 2022-05-06_B.pdf: acciones_circulacion_presente: 2 overlapping renders ['496,832,044', '496,832,044']
[2026-08-04T20:27:19+00:00] INFO: 2022-05-06_B.pdf: acciones_cargo_cc_presente: 2 overlapping renders ['0', '0']
[2026-08-04T20:27:19+00:00] INFO: 2022-05-06_B.pdf: saldos: overlap resolved by conservation identity (delta tesoreria 0)
[2026-08-04T20:27:19+00:00] INFO: 2022-05-06_B.pdf: acciones_circulacion_presente: 2 overlapping renders ['20,554,697,460', '20,554,697,460']
[2026-08-04T20:27:19+00:00] INFO: 2022-05-06_B.pdf: acciones_cargo_cc_presente: 2 overlapping renders ['0', '0']
[2026-08-04T20:27:19+00:00] INFO: 2022-05-06_B.pdf: saldos: overlap resolved by conservation identity (delta tesoreria 0)
[2026-08-04T20:27:19+00:00] INFO: 2022-05-06_B.pdf: acciones_circulacion_presente: 2 overlapping renders ['43,034,370,496', '43,049,270,496']
[2026-08-04T20:27:19+00:00] INFO: 2022-05-06_B.pdf: acciones_cargo_cc_presente: 2 overlapping renders ['0', '0']
[2026-08-04T20:27:19+00:00] INFO: 2022-05-06_B.pdf: saldos: overlap resolved by conservation identity (delta tesoreria 14,900,000)
[2026-08-04T20:27:20+00:00] ALERT: 2022-05-13_B.pdf: 3 series in one report ['A', 'AA', 'L']
[2026-08-04T20:27:20+00:00] ALERT: 2022-05-13_B.pdf: unexpected serie 'A'
[2026-08-04T20:27:20+00:00] ALERT: 2022-05-13_B.pdf: unexpected serie 'AA'
[2026-08-04T20:27:20+00:00] ALERT: 2022-05-13_B.pdf: unexpected serie 'L'
[2026-08-04T20:27:20+00:00] INFO: 2022-05-13_B.pdf: acciones_circulacion_presente: 2 overlapping renders ['496,832,044', '496,832,044']
[2026-08-04T20:27:20+00:00] INFO: 2022-05-13_B.pdf: acciones_cargo_cc_presente: 2 overlapping renders ['0', '0']
[2026-08-04T20:27:20+00:00] INFO: 2022-05-13_B.pdf: saldos: overlap resolved by conservation identity (delta tesoreria 0)
[2026-08-04T20:27:20+00:00] INFO: 2022-05-13_B.pdf: acciones_circulacion_presente: 2 overlapping renders ['20,554,697,460', '20,554,697,460']
[2026-08-04T20:27:20+00:00] INFO: 2022-05-13_B.pdf: acciones_cargo_cc_presente: 2 overlapping renders ['0', '0']
[2026-08-04T20:27:20+00:00] INFO: 2022-05-13_B.pdf: saldos: overlap resolved by conservation identity (delta tesoreria 0)
[2026-08-04T20:27:20+00:00] INFO: 2022-05-13_B.pdf: acciones_circulacion_presente: 2 overlapping renders ['42,996,842,196', '43,009,470,496']
[2026-08-04T20:27:20+00:00] INFO: 2022-05-13_B.pdf: acciones_cargo_cc_presente: 2 overlapping renders ['0', '0']
[2026-08-04T20:27:20+00:00] INFO: 2022-05-13_B.pdf: saldos: overlap resolved by conservation identity (delta tesoreria 12,628,300)
[2026-08-04T20:27:20+00:00] ALERT: 2022-05-20_B.pdf: 3 series in one report ['A', 'AA', 'L']
[2026-08-04T20:27:20+00:00] ALERT: 2022-05-20_B.pdf: unexpected serie 'A'
[2026-08-04T20:27:20+00:00] ALERT: 2022-05-20_B.pdf: unexpected serie 'AA'
[2026-08-04T20:27:20+00:00] ALERT: 2022-05-20_B.pdf: unexpected serie 'L'
[2026-08-04T20:27:20+00:00] INFO: 2022-05-20_B.pdf: acciones_circulacion_presente: 2 overlapping renders ['496,832,044', '496,832,044']
[2026-08-04T20:27:20+00:00] INFO: 2022-05-20_B.pdf: acciones_cargo_cc_presente: 2 overlapping renders ['0', '0']
[2026-08-04T20:27:20+00:00] INFO: 2022-05-20_B.pdf: saldos: overlap resolved by conservation identity (delta tesoreria 0)
[2026-08-04T20:27:20+00:00] INFO: 2022-05-20_B.pdf: acciones_circulacion_presente: 2 overlapping renders ['20,554,697,460', '20,554,697,460']
[2026-08-04T20:27:20+00:00] INFO: 2022-05-20_B.pdf: acciones_cargo_cc_presente: 2 overlapping renders ['0', '0']
[2026-08-04T20:27:20+00:00] INFO: 2022-05-20_B.pdf: saldos: overlap resolved by conservation identity (delta tesoreria 0)
[2026-08-04T20:27:20+00:00] INFO: 2022-05-20_B.pdf: acciones_circulacion_presente: 2 overlapping renders ['42,980,470,496', '42,983,470,496']
[2026-08-04T20:27:20+00:00] INFO: 2022-05-20_B.pdf: acciones_cargo_cc_presente: 2 overlapping renders ['0', '0']
[2026-08-04T20:27:20+00:00] INFO: 2022-05-20_B.pdf: saldos: overlap resolved by conservation identity (delta tesoreria 3,000,000)
[2026-08-04T20:27:21+00:00] ALERT: 2022-05-27_B.pdf: 3 series in one report ['A', 'AA', 'L']
[2026-08-04T20:27:21+00:00] ALERT: 2022-05-27_B.pdf: unexpected serie 'A'
[2026-08-04T20:27:21+00:00] ALERT: 2022-05-27_B.pdf: unexpected serie 'AA'
[2026-08-04T20:27:21+00:00] ALERT: 2022-05-27_B.pdf: unexpected serie 'L'
[2026-08-04T20:27:21+00:00] INFO: 2022-05-27_B.pdf: acciones_circulacion_presente: 2 overlapping renders ['496,832,044', '496,832,044']
[2026-08-04T20:27:21+00:00] INFO: 2022-05-27_B.pdf: acciones_cargo_cc_presente: 2 overlapping renders ['0', '0']
[2026-08-04T20:27:21+00:00] INFO: 2022-05-27_B.pdf: saldos: overlap resolved by conservation identity (delta tesoreria 0)
[2026-08-04T20:27:21+00:00] INFO: 2022-05-27_B.pdf: acciones_circulacion_presente: 2 overlapping renders ['20,554,697,460', '20,554,697,460']
[2026-08-04T20:27:21+00:00] INFO: 2022-05-27_B.pdf: acciones_cargo_cc_presente: 2 overlapping renders ['0', '0']
[2026-08-04T20:27:21+00:00] INFO: 2022-05-27_B.pdf: saldos: overlap resolved by conservation identity (delta tesoreria 0)
[2026-08-04T20:27:21+00:00] INFO: 2022-05-27_B.pdf: acciones_circulacion_presente: 2 overlapping renders ['42,964,470,496', '42,968,770,496']
[2026-08-04T20:27:21+00:00] INFO: 2022-05-27_B.pdf: acciones_cargo_cc_presente: 2 overlapping renders ['0', '0']
[2026-08-04T20:27:21+00:00] INFO: 2022-05-27_B.pdf: saldos: overlap resolved by conservation identity (delta tesoreria 4,300,000)
[2026-08-04T20:27:21+00:00] ALERT: 2022-05-31_B.pdf: 3 series in one report ['A', 'AA', 'L']
[2026-08-04T20:27:21+00:00] ALERT: 2022-05-31_B.pdf: unexpected serie 'A'
[2026-08-04T20:27:21+00:00] ALERT: 2022-05-31_B.pdf: unexpected serie 'AA'
[2026-08-04T20:27:21+00:00] ALERT: 2022-05-31_B.pdf: unexpected serie 'L'
[2026-08-04T20:27:21+00:00] INFO: 2022-05-31_B.pdf: acciones_circulacion_presente: 2 overlapping renders ['496,832,044', '496,832,044']
[2026-08-04T20:27:21+00:00] INFO: 2022-05-31_B.pdf: acciones_cargo_cc_presente: 2 overlapping renders ['0', '0']
[2026-08-04T20:27:21+00:00] INFO: 2022-05-31_B.pdf: saldos: overlap resolved by conservation identity (delta tesoreria 0)
[2026-08-04T20:27:21+00:00] INFO: 2022-05-31_B.pdf: acciones_circulacion_presente: 2 overlapping renders ['20,554,697,460', '20,554,697,460']
[2026-08-04T20:27:21+00:00] INFO: 2022-05-31_B.pdf: acciones_cargo_cc_presente: 2 overlapping renders ['0', '0']
[2026-08-04T20:27:21+00:00] INFO: 2022-05-31_B.pdf: saldos: overlap resolved by conservation identity (delta tesoreria 0)
[2026-08-04T20:27:21+00:00] INFO: 2022-05-31_B.pdf: acciones_circulacion_presente: 2 overlapping renders ['42,946,470,496', '42,956,470,496']
[2026-08-04T20:27:21+00:00] INFO: 2022-05-31_B.pdf: acciones_cargo_cc_presente: 2 overlapping renders ['0', '0']
[2026-08-04T20:27:21+00:00] INFO: 2022-05-31_B.pdf: saldos: overlap resolved by conservation identity (delta tesoreria 10,000,000)
[2026-08-04T20:27:22+00:00] ALERT: 2022-06-03_B.pdf: 3 series in one report ['A', 'AA', 'L']
[2026-08-04T20:27:22+00:00] ALERT: 2022-06-03_B.pdf: unexpected serie 'A'
[2026-08-04T20:27:22+00:00] ALERT: 2022-06-03_B.pdf: unexpected serie 'AA'
[2026-08-04T20:27:22+00:00] ALERT: 2022-06-03_B.pdf: unexpected serie 'L'
[2026-08-04T20:27:22+00:00] INFO: 2022-06-03_B.pdf: acciones_circulacion_presente: 2 overlapping renders ['495,855,027', '495,855,027']
[2026-08-04T20:27:22+00:00] INFO: 2022-06-03_B.pdf: acciones_cargo_cc_presente: 2 overlapping renders ['0', '0']
[2026-08-04T20:27:22+00:00] INFO: 2022-06-03_B.pdf: saldos: overlap resolved by conservation identity (delta tesoreria 0)
[2026-08-04T20:27:22+00:00] INFO: 2022-06-03_B.pdf: acciones_circulacion_presente: 2 overlapping renders ['20,554,697,460', '20,554,697,460']
[2026-08-04T20:27:22+00:00] INFO: 2022-06-03_B.pdf: acciones_cargo_cc_presente: 2 overlapping renders ['0', '0']
[2026-08-04T20:27:22+00:00] INFO: 2022-06-03_B.pdf: saldos: overlap resolved by conservation identity (delta tesoreria 0)
[2026-08-04T20:27:22+00:00] INFO: 2022-06-03_B.pdf: acciones_circulacion_presente: 2 overlapping renders ['42,922,047,513', '42,933,447,513']
[2026-08-04T20:27:22+00:00] INFO: 2022-06-03_B.pdf: acciones_cargo_cc_presente: 2 overlapping renders ['0', '0']
[2026-08-04T20:27:22+00:00] INFO: 2022-06-03_B.pdf: saldos: overlap resolved by conservation identity (delta tesoreria 11,400,000)
[2026-08-04T20:27:22+00:00] ALERT: 2022-06-10_B.pdf: 3 series in one report ['A', 'AA', 'L']
[2026-08-04T20:27:22+00:00] ALERT: 2022-06-10_B.pdf: unexpected serie 'A'
[2026-08-04T20:27:22+00:00] ALERT: 2022-06-10_B.pdf: unexpected serie 'AA'
[2026-08-04T20:27:22+00:00] ALERT: 2022-06-10_B.pdf: unexpected serie 'L'
[2026-08-04T20:27:22+00:00] INFO: 2022-06-10_B.pdf: acciones_circulacion_presente: 2 overlapping renders ['495,855,027', '495,855,027']
[2026-08-04T20:27:22+00:00] INFO: 2022-06-10_B.pdf: acciones_cargo_cc_presente: 2 overlapping renders ['0', '0']
[2026-08-04T20:27:22+00:00] INFO: 2022-06-10_B.pdf: saldos: overlap resolved by conservation identity (delta tesoreria 0)
[2026-08-04T20:27:22+00:00] INFO: 2022-06-10_B.pdf: acciones_circulacion_presente: 2 overlapping renders ['20,554,697,460', '20,554,697,460']
[2026-08-04T20:27:22+00:00] INFO: 2022-06-10_B.pdf: acciones_cargo_cc_presente: 2 overlapping renders ['0', '0']
[2026-08-04T20:27:22+00:00] INFO: 2022-06-10_B.pdf: saldos: overlap resolved by conservation identity (delta tesoreria 0)
[2026-08-04T20:27:22+00:00] INFO: 2022-06-10_B.pdf: acciones_circulacion_presente: 2 overlapping renders ['42,873,648,557', '42,880,447,513']
[2026-08-04T20:27:22+00:00] INFO: 2022-06-10_B.pdf: acciones_cargo_cc_presente: 2 overlapping renders ['0', '0']
[2026-08-04T20:27:22+00:00] INFO: 2022-06-10_B.pdf: saldos: overlap resolved by conservation identity (delta tesoreria 6,798,956)
[2026-08-04T20:27:23+00:00] ALERT: 2022-06-17_B.pdf: 3 series in one report ['A', 'AA', 'L']
[2026-08-04T20:27:23+00:00] ALERT: 2022-06-17_B.pdf: unexpected serie 'A'
[2026-08-04T20:27:23+00:00] ALERT: 2022-06-17_B.pdf: unexpected serie 'AA'
[2026-08-04T20:27:23+00:00] ALERT: 2022-06-17_B.pdf: unexpected serie 'L'
[2026-08-04T20:27:23+00:00] INFO: 2022-06-17_B.pdf: acciones_circulacion_presente: 2 overlapping renders ['495,855,027', '495,855,027']
[2026-08-04T20:27:23+00:00] INFO: 2022-06-17_B.pdf: acciones_cargo_cc_presente: 2 overlapping renders ['0', '0']
[2026-08-04T20:27:23+00:00] INFO: 2022-06-17_B.pdf: saldos: overlap resolved by conservation identity (delta tesoreria 0)
[2026-08-04T20:27:23+00:00] INFO: 2022-06-17_B.pdf: acciones_circulacion_presente: 2 overlapping renders ['20,554,697,460', '20,554,697,460']
[2026-08-04T20:27:23+00:00] INFO: 2022-06-17_B.pdf: acciones_cargo_cc_presente: 2 overlapping renders ['0', '0']
[2026-08-04T20:27:23+00:00] INFO: 2022-06-17_B.pdf: saldos: overlap resolved by conservation identity (delta tesoreria 0)
[2026-08-04T20:27:23+00:00] INFO: 2022-06-17_B.pdf: acciones_circulacion_presente: 2 overlapping renders ['42,839,447,513', '42,850,047,513']
[2026-08-04T20:27:23+00:00] INFO: 2022-06-17_B.pdf: acciones_cargo_cc_presente: 2 overlapping renders ['0', '0']
[2026-08-04T20:27:23+00:00] INFO: 2022-06-17_B.pdf: saldos: overlap resolved by conservation identity (delta tesoreria 10,600,000)
[2026-08-04T20:27:23+00:00] ALERT: 2022-06-24_B.pdf: 3 series in one report ['A', 'AA', 'L']
[2026-08-04T20:27:23+00:00] ALERT: 2022-06-24_B.pdf: unexpected serie 'A'
[2026-08-04T20:27:23+00:00] ALERT: 2022-06-24_B.pdf: unexpected serie 'AA'
[2026-08-04T20:27:23+00:00] ALERT: 2022-06-24_B.pdf: unexpected serie 'L'
[2026-08-04T20:27:23+00:00] INFO: 2022-06-24_B.pdf: acciones_circulacion_presente: 2 overlapping renders ['495,855,027', '495,855,027']
[2026-08-04T20:27:23+00:00] INFO: 2022-06-24_B.pdf: acciones_cargo_cc_presente: 2 overlapping renders ['0', '0']
[2026-08-04T20:27:23+00:00] INFO: 2022-06-24_B.pdf: saldos: overlap resolved by conservation identity (delta tesoreria 0)
[2026-08-04T20:27:23+00:00] INFO: 2022-06-24_B.pdf: acciones_circulacion_presente: 2 overlapping renders ['20,554,697,460', '20,554,697,460']
[2026-08-04T20:27:23+00:00] INFO: 2022-06-24_B.pdf: acciones_cargo_cc_presente: 2 overlapping renders ['0', '0']
[2026-08-04T20:27:23+00:00] INFO: 2022-06-24_B.pdf: saldos: overlap resolved by conservation identity (delta tesoreria 0)
[2026-08-04T20:27:23+00:00] INFO: 2022-06-24_B.pdf: acciones_circulacion_presente: 2 overlapping renders ['42,824,977,513', '42,825,447,513']
[2026-08-04T20:27:23+00:00] INFO: 2022-06-24_B.pdf: acciones_cargo_cc_presente: 2 overlapping renders ['0', '0']
[2026-08-04T20:27:23+00:00] INFO: 2022-06-24_B.pdf: saldos: overlap resolved by conservation identity (delta tesoreria 470,000)
[2026-08-04T20:27:23+00:00] ALERT: 2022-06-30_B.pdf: 3 series in one report ['A', 'AA', 'L']
[2026-08-04T20:27:23+00:00] ALERT: 2022-06-30_B.pdf: unexpected serie 'A'
[2026-08-04T20:27:23+00:00] ALERT: 2022-06-30_B.pdf: unexpected serie 'AA'
[2026-08-04T20:27:23+00:00] ALERT: 2022-06-30_B.pdf: unexpected serie 'L'
[2026-08-04T20:27:23+00:00] INFO: 2022-06-30_B.pdf: acciones_circulacion_presente: 2 overlapping renders ['495,855,027', '495,855,027']
[2026-08-04T20:27:23+00:00] INFO: 2022-06-30_B.pdf: acciones_cargo_cc_presente: 2 overlapping renders ['0', '0']
[2026-08-04T20:27:23+00:00] INFO: 2022-06-30_B.pdf: saldos: overlap resolved by conservation identity (delta tesoreria 0)
[2026-08-04T20:27:23+00:00] INFO: 2022-06-30_B.pdf: acciones_circulacion_presente: 2 overlapping renders ['20,554,697,460', '20,554,697,460']
[2026-08-04T20:27:23+00:00] INFO: 2022-06-30_B.pdf: acciones_cargo_cc_presente: 2 overlapping renders ['0', '0']
[2026-08-04T20:27:23+00:00] INFO: 2022-06-30_B.pdf: saldos: overlap resolved by conservation identity (delta tesoreria 0)
[2026-08-04T20:27:23+00:00] INFO: 2022-06-30_B.pdf: acciones_circulacion_presente: 2 overlapping renders ['42,818,947,513', '42,820,347,513']
[2026-08-04T20:27:23+00:00] INFO: 2022-06-30_B.pdf: acciones_cargo_cc_presente: 2 overlapping renders ['0', '0']
[2026-08-04T20:27:23+00:00] INFO: 2022-06-30_B.pdf: saldos: overlap resolved by conservation identity (delta tesoreria 1,400,000)
[2026-08-04T20:27:24+00:00] ALERT: 2022-07-01_B.pdf: 3 series in one report ['A', 'AA', 'L']
[2026-08-04T20:27:24+00:00] ALERT: 2022-07-01_B.pdf: unexpected serie 'A'
[2026-08-04T20:27:24+00:00] ALERT: 2022-07-01_B.pdf: unexpected serie 'AA'
[2026-08-04T20:27:24+00:00] ALERT: 2022-07-01_B.pdf: unexpected serie 'L'
[2026-08-04T20:27:24+00:00] INFO: 2022-07-01_B.pdf: acciones_circulacion_presente: 2 overlapping renders ['493,337,486', '493,337,486']
[2026-08-04T20:27:24+00:00] INFO: 2022-07-01_B.pdf: acciones_cargo_cc_presente: 2 overlapping renders ['0', '0']
[2026-08-04T20:27:24+00:00] INFO: 2022-07-01_B.pdf: saldos: overlap resolved by conservation identity (delta tesoreria 0)
[2026-08-04T20:27:24+00:00] INFO: 2022-07-01_B.pdf: acciones_circulacion_presente: 2 overlapping renders ['20,554,697,460', '20,554,697,460']
[2026-08-04T20:27:24+00:00] INFO: 2022-07-01_B.pdf: acciones_cargo_cc_presente: 2 overlapping renders ['0', '0']
[2026-08-04T20:27:24+00:00] INFO: 2022-07-01_B.pdf: saldos: overlap resolved by conservation identity (delta tesoreria 0)
[2026-08-04T20:27:24+00:00] INFO: 2022-07-01_B.pdf: acciones_circulacion_presente: 2 overlapping renders ['42,820,465,054', '42,821,465,054']
[2026-08-04T20:27:24+00:00] INFO: 2022-07-01_B.pdf: acciones_cargo_cc_presente: 2 overlapping renders ['0', '0']
[2026-08-04T20:27:24+00:00] INFO: 2022-07-01_B.pdf: saldos: overlap resolved by conservation identity (delta tesoreria 1,000,000)
[2026-08-04T20:27:24+00:00] ALERT: 2022-07-08_B.pdf: 3 series in one report ['A', 'AA', 'L']
[2026-08-04T20:27:24+00:00] ALERT: 2022-07-08_B.pdf: unexpected serie 'A'
[2026-08-04T20:27:24+00:00] ALERT: 2022-07-08_B.pdf: unexpected serie 'AA'
[2026-08-04T20:27:24+00:00] ALERT: 2022-07-08_B.pdf: unexpected serie 'L'
[2026-08-04T20:27:24+00:00] INFO: 2022-07-08_B.pdf: acciones_circulacion_presente: 2 overlapping renders ['493,337,486', '493,337,486']
[2026-08-04T20:27:24+00:00] INFO: 2022-07-08_B.pdf: acciones_cargo_cc_presente: 2 overlapping renders ['0', '0']
[2026-08-04T20:27:24+00:00] INFO: 2022-07-08_B.pdf: saldos: overlap resolved by conservation identity (delta tesoreria 0)
[2026-08-04T20:27:24+00:00] INFO: 2022-07-08_B.pdf: acciones_circulacion_presente: 2 overlapping renders ['20,554,697,460', '20,554,697,460']
[2026-08-04T20:27:24+00:00] INFO: 2022-07-08_B.pdf: acciones_cargo_cc_presente: 2 overlapping renders ['0', '0']
[2026-08-04T20:27:24+00:00] INFO: 2022-07-08_B.pdf: saldos: overlap resolved by conservation identity (delta tesoreria 0)
[2026-08-04T20:27:24+00:00] INFO: 2022-07-08_B.pdf: acciones_circulacion_presente: 2 overlapping renders ['42,806,965,054', '42,809,965,054']
[2026-08-04T20:27:24+00:00] INFO: 2022-07-08_B.pdf: acciones_cargo_cc_presente: 2 overlapping renders ['0', '0']
[2026-08-04T20:27:24+00:00] INFO: 2022-07-08_B.pdf: saldos: overlap resolved by conservation identity (delta tesoreria 3,000,000)
[2026-08-04T20:27:24+00:00] ALERT: 2022-07-15_B.pdf: 3 series in one report ['A', 'AA', 'L']
[2026-08-04T20:27:24+00:00] ALERT: 2022-07-15_B.pdf: unexpected serie 'A'
[2026-08-04T20:27:24+00:00] ALERT: 2022-07-15_B.pdf: unexpected serie 'AA'
[2026-08-04T20:27:24+00:00] ALERT: 2022-07-15_B.pdf: unexpected serie 'L'
[2026-08-04T20:27:24+00:00] INFO: 2022-07-15_B.pdf: acciones_circulacion_presente: 2 overlapping renders ['493,337,486', '493,337,486']
[2026-08-04T20:27:24+00:00] INFO: 2022-07-15_B.pdf: acciones_cargo_cc_presente: 2 overlapping renders ['0', '0']
[2026-08-04T20:27:24+00:00] INFO: 2022-07-15_B.pdf: saldos: overlap resolved by conservation identity (delta tesoreria 0)
[2026-08-04T20:27:24+00:00] INFO: 2022-07-15_B.pdf: acciones_circulacion_presente: 2 overlapping renders ['20,554,697,460', '20,554,697,460']
[2026-08-04T20:27:24+00:00] INFO: 2022-07-15_B.pdf: acciones_cargo_cc_presente: 2 overlapping renders ['0', '0']
[2026-08-04T20:27:24+00:00] INFO: 2022-07-15_B.pdf: saldos: overlap resolved by conservation identity (delta tesoreria 0)
[2026-08-04T20:27:24+00:00] INFO: 2022-07-15_B.pdf: acciones_circulacion_presente: 2 overlapping renders ['42,784,965,054', '42,791,965,054']
[2026-08-04T20:27:24+00:00] INFO: 2022-07-15_B.pdf: acciones_cargo_cc_presente: 2 overlapping renders ['0', '0']
[2026-08-04T20:27:24+00:00] INFO: 2022-07-15_B.pdf: saldos: overlap resolved by conservation identity (delta tesoreria 7,000,000)
[2026-08-04T20:27:25+00:00] ALERT: 2022-07-22_B.pdf: 3 series in one report ['A', 'AA', 'L']
[2026-08-04T20:27:25+00:00] ALERT: 2022-07-22_B.pdf: unexpected serie 'A'
[2026-08-04T20:27:25+00:00] ALERT: 2022-07-22_B.pdf: unexpected serie 'AA'
[2026-08-04T20:27:25+00:00] ALERT: 2022-07-22_B.pdf: unexpected serie 'L'
[2026-08-04T20:27:25+00:00] INFO: 2022-07-22_B.pdf: acciones_circulacion_presente: 2 overlapping renders ['493,337,486', '493,337,486']
[2026-08-04T20:27:25+00:00] INFO: 2022-07-22_B.pdf: acciones_cargo_cc_presente: 2 overlapping renders ['0', '0']
[2026-08-04T20:27:25+00:00] INFO: 2022-07-22_B.pdf: saldos: overlap resolved by conservation identity (delta tesoreria 0)
[2026-08-04T20:27:25+00:00] INFO: 2022-07-22_B.pdf: acciones_circulacion_presente: 2 overlapping renders ['20,554,697,460', '20,554,697,460']
[2026-08-04T20:27:25+00:00] INFO: 2022-07-22_B.pdf: acciones_cargo_cc_presente: 2 overlapping renders ['0', '0']
[2026-08-04T20:27:25+00:00] INFO: 2022-07-22_B.pdf: saldos: overlap resolved by conservation identity (delta tesoreria 0)
[2026-08-04T20:27:25+00:00] INFO: 2022-07-22_B.pdf: acciones_circulacion_presente: 2 overlapping renders ['42,771,365,054', '42,773,965,054']
[2026-08-04T20:27:25+00:00] INFO: 2022-07-22_B.pdf: acciones_cargo_cc_presente: 2 overlapping renders ['0', '0']
[2026-08-04T20:27:25+00:00] INFO: 2022-07-22_B.pdf: saldos: overlap resolved by conservation identity (delta tesoreria 2,600,000)
[2026-08-04T20:27:25+00:00] ALERT: 2022-07-29_B.pdf: 3 series in one report ['A', 'AA', 'L']
[2026-08-04T20:27:25+00:00] ALERT: 2022-07-29_B.pdf: unexpected serie 'A'
[2026-08-04T20:27:25+00:00] ALERT: 2022-07-29_B.pdf: unexpected serie 'AA'
[2026-08-04T20:27:25+00:00] ALERT: 2022-07-29_B.pdf: unexpected serie 'L'
[2026-08-04T20:27:25+00:00] INFO: 2022-07-29_B.pdf: acciones_circulacion_presente: 2 overlapping renders ['493,337,486', '493,337,486']
[2026-08-04T20:27:25+00:00] INFO: 2022-07-29_B.pdf: acciones_cargo_cc_presente: 2 overlapping renders ['0', '0']
[2026-08-04T20:27:25+00:00] INFO: 2022-07-29_B.pdf: saldos: overlap resolved by conservation identity (delta tesoreria 0)
[2026-08-04T20:27:25+00:00] INFO: 2022-07-29_B.pdf: acciones_circulacion_presente: 2 overlapping renders ['20,554,697,460', '20,554,697,460']
[2026-08-04T20:27:25+00:00] INFO: 2022-07-29_B.pdf: acciones_cargo_cc_presente: 2 overlapping renders ['0', '0']
[2026-08-04T20:27:25+00:00] INFO: 2022-07-29_B.pdf: saldos: overlap resolved by conservation identity (delta tesoreria 0)
[2026-08-04T20:27:25+00:00] INFO: 2022-07-29_B.pdf: acciones_circulacion_presente: 2 overlapping renders ['42,753,965,054', '42,754,965,054']
[2026-08-04T20:27:25+00:00] INFO: 2022-07-29_B.pdf: acciones_cargo_cc_presente: 2 overlapping renders ['0', '0']
[2026-08-04T20:27:25+00:00] INFO: 2022-07-29_B.pdf: saldos: overlap resolved by conservation identity (delta tesoreria 1,000,000)
[2026-08-04T20:27:26+00:00] ALERT: 2022-08-05_B.pdf: 3 series in one report ['A', 'AA', 'L']
[2026-08-04T20:27:26+00:00] ALERT: 2022-08-05_B.pdf: unexpected serie 'A'
[2026-08-04T20:27:26+00:00] ALERT: 2022-08-05_B.pdf: unexpected serie 'AA'
[2026-08-04T20:27:26+00:00] ALERT: 2022-08-05_B.pdf: unexpected serie 'L'
[2026-08-04T20:27:26+00:00] INFO: 2022-08-05_B.pdf: acciones_circulacion_presente: 2 overlapping renders ['493,294,980', '493,294,980']
[2026-08-04T20:27:26+00:00] INFO: 2022-08-05_B.pdf: acciones_cargo_cc_presente: 2 overlapping renders ['0', '0']
[2026-08-04T20:27:26+00:00] INFO: 2022-08-05_B.pdf: saldos: overlap resolved by conservation identity (delta tesoreria 0)
[2026-08-04T20:27:26+00:00] INFO: 2022-08-05_B.pdf: acciones_circulacion_presente: 2 overlapping renders ['20,554,697,460', '20,554,697,460']
[2026-08-04T20:27:26+00:00] INFO: 2022-08-05_B.pdf: acciones_cargo_cc_presente: 2 overlapping renders ['0', '0']
[2026-08-04T20:27:26+00:00] INFO: 2022-08-05_B.pdf: saldos: overlap resolved by conservation identity (delta tesoreria 0)
[2026-08-04T20:27:26+00:00] INFO: 2022-08-05_B.pdf: acciones_circulacion_presente: 2 overlapping renders ['42,740,007,560', '42,744,007,560']
[2026-08-04T20:27:26+00:00] INFO: 2022-08-05_B.pdf: acciones_cargo_cc_presente: 2 overlapping renders ['0', '0']
[2026-08-04T20:27:26+00:00] INFO: 2022-08-05_B.pdf: saldos: overlap resolved by conservation identity (delta tesoreria 4,000,000)
[2026-08-04T20:27:26+00:00] ALERT: 2022-08-12_B.pdf: 3 series in one report ['A', 'AA', 'L']
[2026-08-04T20:27:26+00:00] ALERT: 2022-08-12_B.pdf: unexpected serie 'A'
[2026-08-04T20:27:26+00:00] ALERT: 2022-08-12_B.pdf: unexpected serie 'AA'
[2026-08-04T20:27:26+00:00] ALERT: 2022-08-12_B.pdf: unexpected serie 'L'
[2026-08-04T20:27:26+00:00] INFO: 2022-08-12_B.pdf: acciones_circulacion_presente: 2 overlapping renders ['493,294,980', '493,294,980']
[2026-08-04T20:27:26+00:00] INFO: 2022-08-12_B.pdf: acciones_cargo_cc_presente: 2 overlapping renders ['0', '0']
[2026-08-04T20:27:26+00:00] INFO: 2022-08-12_B.pdf: saldos: overlap resolved by conservation identity (delta tesoreria 0)
[2026-08-04T20:27:26+00:00] INFO: 2022-08-12_B.pdf: acciones_circulacion_presente: 2 overlapping renders ['20,554,697,460', '20,554,697,460']
[2026-08-04T20:27:26+00:00] INFO: 2022-08-12_B.pdf: acciones_cargo_cc_presente: 2 overlapping renders ['0', '0']
[2026-08-04T20:27:26+00:00] INFO: 2022-08-12_B.pdf: saldos: overlap resolved by conservation identity (delta tesoreria 0)
[2026-08-04T20:27:26+00:00] INFO: 2022-08-12_B.pdf: acciones_circulacion_presente: 2 overlapping renders ['42,730,007,560', '42,732,007,560']
[2026-08-04T20:27:26+00:00] INFO: 2022-08-12_B.pdf: acciones_cargo_cc_presente: 2 overlapping renders ['0', '0']
[2026-08-04T20:27:26+00:00] INFO: 2022-08-12_B.pdf: saldos: overlap resolved by conservation identity (delta tesoreria 2,000,000)
[2026-08-04T20:27:27+00:00] ALERT: 2022-08-19_B.pdf: 3 series in one report ['A', 'AA', 'L']
[2026-08-04T20:27:27+00:00] ALERT: 2022-08-19_B.pdf: unexpected serie 'A'
[2026-08-04T20:27:27+00:00] ALERT: 2022-08-19_B.pdf: unexpected serie 'AA'
[2026-08-04T20:27:27+00:00] ALERT: 2022-08-19_B.pdf: unexpected serie 'L'
[2026-08-04T20:27:27+00:00] INFO: 2022-08-19_B.pdf: acciones_circulacion_presente: 2 overlapping renders ['493,294,980', '493,294,980']
[2026-08-04T20:27:27+00:00] INFO: 2022-08-19_B.pdf: acciones_cargo_cc_presente: 2 overlapping renders ['0', '0']
[2026-08-04T20:27:27+00:00] INFO: 2022-08-19_B.pdf: saldos: overlap resolved by conservation identity (delta tesoreria 0)
[2026-08-04T20:27:27+00:00] INFO: 2022-08-19_B.pdf: acciones_circulacion_presente: 2 overlapping renders ['20,554,697,460', '20,554,697,460']
[2026-08-04T20:27:27+00:00] INFO: 2022-08-19_B.pdf: acciones_cargo_cc_presente: 2 overlapping renders ['0', '0']
[2026-08-04T20:27:27+00:00] INFO: 2022-08-19_B.pdf: saldos: overlap resolved by conservation identity (delta tesoreria 0)
[2026-08-04T20:27:27+00:00] INFO: 2022-08-19_B.pdf: acciones_circulacion_presente: 2 overlapping renders ['42,717,007,660', '42,719,007,560']
[2026-08-04T20:27:27+00:00] INFO: 2022-08-19_B.pdf: acciones_cargo_cc_presente: 2 overlapping renders ['0', '0']
[2026-08-04T20:27:27+00:00] INFO: 2022-08-19_B.pdf: saldos: overlap resolved by conservation identity (delta tesoreria 1,999,900)
[2026-08-04T20:27:27+00:00] ALERT: 2022-08-26_B.pdf: 3 series in one report ['A', 'AA', 'L']
[2026-08-04T20:27:27+00:00] ALERT: 2022-08-26_B.pdf: unexpected serie 'A'
[2026-08-04T20:27:27+00:00] ALERT: 2022-08-26_B.pdf: unexpected serie 'AA'
[2026-08-04T20:27:27+00:00] ALERT: 2022-08-26_B.pdf: unexpected serie 'L'
[2026-08-04T20:27:27+00:00] INFO: 2022-08-26_B.pdf: acciones_circulacion_presente: 2 overlapping renders ['493,294,980', '493,294,980']
[2026-08-04T20:27:27+00:00] INFO: 2022-08-26_B.pdf: acciones_cargo_cc_presente: 2 overlapping renders ['0', '0']
[2026-08-04T20:27:27+00:00] INFO: 2022-08-26_B.pdf: saldos: overlap resolved by conservation identity (delta tesoreria 0)
[2026-08-04T20:27:27+00:00] INFO: 2022-08-26_B.pdf: acciones_circulacion_presente: 2 overlapping renders ['20,554,697,460', '20,554,697,460']
[2026-08-04T20:27:27+00:00] INFO: 2022-08-26_B.pdf: acciones_cargo_cc_presente: 2 overlapping renders ['0', '0']
[2026-08-04T20:27:27+00:00] INFO: 2022-08-26_B.pdf: saldos: overlap resolved by conservation identity (delta tesoreria 0)
[2026-08-04T20:27:27+00:00] INFO: 2022-08-26_B.pdf: acciones_circulacion_presente: 2 overlapping renders ['42,696,007,560', '42,702,007,560']
[2026-08-04T20:27:27+00:00] INFO: 2022-08-26_B.pdf: acciones_cargo_cc_presente: 2 overlapping renders ['0', '0']
[2026-08-04T20:27:27+00:00] INFO: 2022-08-26_B.pdf: saldos: overlap resolved by conservation identity (delta tesoreria 6,000,000)
[2026-08-04T20:27:28+00:00] ALERT: 2022-08-31_B.pdf: 3 series in one report ['A', 'AA', 'L']
[2026-08-04T20:27:28+00:00] ALERT: 2022-08-31_B.pdf: unexpected serie 'A'
[2026-08-04T20:27:28+00:00] ALERT: 2022-08-31_B.pdf: unexpected serie 'AA'
[2026-08-04T20:27:28+00:00] ALERT: 2022-08-31_B.pdf: unexpected serie 'L'
[2026-08-04T20:27:28+00:00] INFO: 2022-08-31_B.pdf: acciones_circulacion_presente: 2 overlapping renders ['493,294,980', '493,294,980']
[2026-08-04T20:27:28+00:00] INFO: 2022-08-31_B.pdf: acciones_cargo_cc_presente: 2 overlapping renders ['0', '0']
[2026-08-04T20:27:28+00:00] INFO: 2022-08-31_B.pdf: saldos: overlap resolved by conservation identity (delta tesoreria 0)
[2026-08-04T20:27:28+00:00] INFO: 2022-08-31_B.pdf: acciones_circulacion_presente: 2 overlapping renders ['20,554,697,460', '20,554,697,460']
[2026-08-04T20:27:28+00:00] INFO: 2022-08-31_B.pdf: acciones_cargo_cc_presente: 2 overlapping renders ['0', '0']
[2026-08-04T20:27:28+00:00] INFO: 2022-08-31_B.pdf: saldos: overlap resolved by conservation identity (delta tesoreria 0)
[2026-08-04T20:27:28+00:00] INFO: 2022-08-31_B.pdf: acciones_circulacion_presente: 2 overlapping renders ['42,671,437,560', '42,683,007,560']
[2026-08-04T20:27:28+00:00] INFO: 2022-08-31_B.pdf: acciones_cargo_cc_presente: 2 overlapping renders ['0', '0']
[2026-08-04T20:27:28+00:00] INFO: 2022-08-31_B.pdf: saldos: overlap resolved by conservation identity (delta tesoreria 11,570,000)
[2026-08-04T20:27:28+00:00] ALERT: 2022-09-02_B.pdf: 3 series in one report ['A', 'AA', 'L']
[2026-08-04T20:27:28+00:00] ALERT: 2022-09-02_B.pdf: unexpected serie 'A'
[2026-08-04T20:27:28+00:00] ALERT: 2022-09-02_B.pdf: unexpected serie 'AA'
[2026-08-04T20:27:28+00:00] ALERT: 2022-09-02_B.pdf: unexpected serie 'L'
[2026-08-04T20:27:28+00:00] INFO: 2022-09-02_B.pdf: acciones_circulacion_presente: 2 overlapping renders ['492,600,924', '492,600,924']
[2026-08-04T20:27:28+00:00] INFO: 2022-09-02_B.pdf: acciones_cargo_cc_presente: 2 overlapping renders ['0', '0']
[2026-08-04T20:27:28+00:00] INFO: 2022-09-02_B.pdf: saldos: overlap resolved by conservation identity (delta tesoreria 0)
[2026-08-04T20:27:28+00:00] INFO: 2022-09-02_B.pdf: acciones_circulacion_presente: 2 overlapping renders ['20,554,697,460', '20,554,697,460']
[2026-08-04T20:27:28+00:00] INFO: 2022-09-02_B.pdf: acciones_cargo_cc_presente: 2 overlapping renders ['0', '0']
[2026-08-04T20:27:28+00:00] INFO: 2022-09-02_B.pdf: saldos: overlap resolved by conservation identity (delta tesoreria 0)
[2026-08-04T20:27:28+00:00] INFO: 2022-09-02_B.pdf: acciones_circulacion_presente: 2 overlapping renders ['42,657,701,616', '42,664,221,024']
[2026-08-04T20:27:28+00:00] INFO: 2022-09-02_B.pdf: acciones_cargo_cc_presente: 2 overlapping renders ['0', '0']
[2026-08-04T20:27:28+00:00] INFO: 2022-09-02_B.pdf: saldos: overlap resolved by conservation identity (delta tesoreria 6,519,408)
[2026-08-04T20:27:29+00:00] ALERT: 2022-09-09_B.pdf: 3 series in one report ['A', 'AA', 'L']
[2026-08-04T20:27:29+00:00] ALERT: 2022-09-09_B.pdf: unexpected serie 'A'
[2026-08-04T20:27:29+00:00] ALERT: 2022-09-09_B.pdf: unexpected serie 'AA'
[2026-08-04T20:27:29+00:00] ALERT: 2022-09-09_B.pdf: unexpected serie 'L'
[2026-08-04T20:27:29+00:00] INFO: 2022-09-09_B.pdf: acciones_circulacion_presente: 2 overlapping renders ['492,600,924', '492,600,924']
[2026-08-04T20:27:29+00:00] INFO: 2022-09-09_B.pdf: acciones_cargo_cc_presente: 2 overlapping renders ['0', '0']
[2026-08-04T20:27:29+00:00] INFO: 2022-09-09_B.pdf: saldos: overlap resolved by conservation identity (delta tesoreria 0)
[2026-08-04T20:27:29+00:00] INFO: 2022-09-09_B.pdf: acciones_circulacion_presente: 2 overlapping renders ['20,554,697,460', '20,554,697,460']
[2026-08-04T20:27:29+00:00] INFO: 2022-09-09_B.pdf: acciones_cargo_cc_presente: 2 overlapping renders ['0', '0']
[2026-08-04T20:27:29+00:00] INFO: 2022-09-09_B.pdf: saldos: overlap resolved by conservation identity (delta tesoreria 0)
[2026-08-04T20:27:29+00:00] INFO: 2022-09-09_B.pdf: acciones_circulacion_presente: 2 overlapping renders ['42,614,702,888', '42,621,701,616']
[2026-08-04T20:27:29+00:00] INFO: 2022-09-09_B.pdf: acciones_cargo_cc_presente: 2 overlapping renders ['0', '0']
[2026-08-04T20:27:29+00:00] INFO: 2022-09-09_B.pdf: saldos: overlap resolved by conservation identity (delta tesoreria 6,998,728)
[2026-08-04T20:27:29+00:00] ALERT: 2022-09-15_B.pdf: 3 series in one report ['A', 'AA', 'L']
[2026-08-04T20:27:29+00:00] ALERT: 2022-09-15_B.pdf: unexpected serie 'A'
[2026-08-04T20:27:29+00:00] ALERT: 2022-09-15_B.pdf: unexpected serie 'AA'
[2026-08-04T20:27:29+00:00] ALERT: 2022-09-15_B.pdf: unexpected serie 'L'
[2026-08-04T20:27:29+00:00] INFO: 2022-09-15_B.pdf: acciones_circulacion_presente: 2 overlapping renders ['492,600,924', '492,600,924']
[2026-08-04T20:27:29+00:00] INFO: 2022-09-15_B.pdf: acciones_cargo_cc_presente: 2 overlapping renders ['0', '0']
[2026-08-04T20:27:29+00:00] INFO: 2022-09-15_B.pdf: saldos: overlap resolved by conservation identity (delta tesoreria 0)
[2026-08-04T20:27:29+00:00] INFO: 2022-09-15_B.pdf: acciones_circulacion_presente: 2 overlapping renders ['20,554,697,460', '20,554,697,460']
[2026-08-04T20:27:29+00:00] INFO: 2022-09-15_B.pdf: acciones_cargo_cc_presente: 2 overlapping renders ['0', '0']
[2026-08-04T20:27:29+00:00] INFO: 2022-09-15_B.pdf: saldos: overlap resolved by conservation identity (delta tesoreria 0)
[2026-08-04T20:27:29+00:00] INFO: 2022-09-15_B.pdf: acciones_circulacion_presente: 2 overlapping renders ['42,586,701,616', '42,593,701,616']
[2026-08-04T20:27:29+00:00] INFO: 2022-09-15_B.pdf: acciones_cargo_cc_presente: 2 overlapping renders ['0', '0']
[2026-08-04T20:27:29+00:00] INFO: 2022-09-15_B.pdf: saldos: overlap resolved by conservation identity (delta tesoreria 7,000,000)
[2026-08-04T20:27:30+00:00] ALERT: 2022-09-23_B.pdf: 3 series in one report ['A', 'AA', 'L']
[2026-08-04T20:27:30+00:00] ALERT: 2022-09-23_B.pdf: unexpected serie 'A'
[2026-08-04T20:27:30+00:00] ALERT: 2022-09-23_B.pdf: unexpected serie 'AA'
[2026-08-04T20:27:30+00:00] ALERT: 2022-09-23_B.pdf: unexpected serie 'L'
[2026-08-04T20:27:30+00:00] INFO: 2022-09-23_B.pdf: acciones_circulacion_presente: 2 overlapping renders ['492,600,924', '492,600,924']
[2026-08-04T20:27:30+00:00] INFO: 2022-09-23_B.pdf: acciones_cargo_cc_presente: 2 overlapping renders ['0', '0']
[2026-08-04T20:27:30+00:00] INFO: 2022-09-23_B.pdf: saldos: overlap resolved by conservation identity (delta tesoreria 0)
[2026-08-04T20:27:30+00:00] INFO: 2022-09-23_B.pdf: acciones_circulacion_presente: 2 overlapping renders ['20,554,697,460', '20,554,697,460']
[2026-08-04T20:27:30+00:00] INFO: 2022-09-23_B.pdf: acciones_cargo_cc_presente: 2 overlapping renders ['0', '0']
[2026-08-04T20:27:30+00:00] INFO: 2022-09-23_B.pdf: saldos: overlap resolved by conservation identity (delta tesoreria 0)
[2026-08-04T20:27:30+00:00] INFO: 2022-09-23_B.pdf: acciones_circulacion_presente: 2 overlapping renders ['42,577,701,616', '42,578,701,616']
[2026-08-04T20:27:30+00:00] INFO: 2022-09-23_B.pdf: acciones_cargo_cc_presente: 2 overlapping renders ['0', '0']
[2026-08-04T20:27:30+00:00] INFO: 2022-09-23_B.pdf: saldos: overlap resolved by conservation identity (delta tesoreria 1,000,000)
[2026-08-04T20:27:30+00:00] ALERT: 2022-09-30_B.pdf: 3 series in one report ['A', 'AA', 'L']
[2026-08-04T20:27:30+00:00] ALERT: 2022-09-30_B.pdf: unexpected serie 'A'
[2026-08-04T20:27:30+00:00] ALERT: 2022-09-30_B.pdf: unexpected serie 'AA'
[2026-08-04T20:27:30+00:00] ALERT: 2022-09-30_B.pdf: unexpected serie 'L'
[2026-08-04T20:27:30+00:00] INFO: 2022-09-30_B.pdf: acciones_circulacion_presente: 2 overlapping renders ['492,600,924', '492,600,924']
[2026-08-04T20:27:30+00:00] INFO: 2022-09-30_B.pdf: acciones_cargo_cc_presente: 2 overlapping renders ['0', '0']
[2026-08-04T20:27:30+00:00] INFO: 2022-09-30_B.pdf: saldos: overlap resolved by conservation identity (delta tesoreria 0)
[2026-08-04T20:27:30+00:00] INFO: 2022-09-30_B.pdf: acciones_circulacion_presente: 2 overlapping renders ['20,554,697,460', '20,554,697,460']
[2026-08-04T20:27:30+00:00] INFO: 2022-09-30_B.pdf: acciones_cargo_cc_presente: 2 overlapping renders ['0', '0']
[2026-08-04T20:27:30+00:00] INFO: 2022-09-30_B.pdf: saldos: overlap resolved by conservation identity (delta tesoreria 0)
[2026-08-04T20:27:30+00:00] INFO: 2022-09-30_B.pdf: acciones_circulacion_presente: 2 overlapping renders ['42,569,701,616', '42,576,451,616']
[2026-08-04T20:27:30+00:00] INFO: 2022-09-30_B.pdf: acciones_cargo_cc_presente: 2 overlapping renders ['0', '0']
[2026-08-04T20:27:30+00:00] INFO: 2022-09-30_B.pdf: saldos: overlap resolved by conservation identity (delta tesoreria 6,750,000)
[2026-08-04T20:27:30+00:00] ALERT: 2022-10-07_B.pdf: 3 series in one report ['A', 'AA', 'L']
[2026-08-04T20:27:30+00:00] ALERT: 2022-10-07_B.pdf: unexpected serie 'A'
[2026-08-04T20:27:30+00:00] ALERT: 2022-10-07_B.pdf: unexpected serie 'AA'
[2026-08-04T20:27:30+00:00] ALERT: 2022-10-07_B.pdf: unexpected serie 'L'
[2026-08-04T20:27:30+00:00] INFO: 2022-10-07_B.pdf: acciones_circulacion_presente: 2 overlapping renders ['490,580,551', '490,580,551']
[2026-08-04T20:27:30+00:00] INFO: 2022-10-07_B.pdf: acciones_cargo_cc_presente: 2 overlapping renders ['0', '0']
[2026-08-04T20:27:30+00:00] INFO: 2022-10-07_B.pdf: saldos: overlap resolved by conservation identity (delta tesoreria 0)
[2026-08-04T20:27:30+00:00] INFO: 2022-10-07_B.pdf: acciones_circulacion_presente: 2 overlapping renders ['20,554,697,460', '20,554,697,460']
[2026-08-04T20:27:30+00:00] INFO: 2022-10-07_B.pdf: acciones_cargo_cc_presente: 2 overlapping renders ['0', '0']
[2026-08-04T20:27:30+00:00] INFO: 2022-10-07_B.pdf: saldos: overlap resolved by conservation identity (delta tesoreria 0)
[2026-08-04T20:27:30+00:00] INFO: 2022-10-07_B.pdf: acciones_circulacion_presente: 2 overlapping renders ['42,548,221,989', '42,554,718,899']
[2026-08-04T20:27:30+00:00] INFO: 2022-10-07_B.pdf: acciones_cargo_cc_presente: 2 overlapping renders ['0', '0']
[2026-08-04T20:27:30+00:00] INFO: 2022-10-07_B.pdf: saldos: overlap resolved by conservation identity (delta tesoreria 6,496,910)
[2026-08-04T20:27:31+00:00] ALERT: 2022-10-14_B.pdf: 3 series in one report ['A', 'AA', 'L']
[2026-08-04T20:27:31+00:00] ALERT: 2022-10-14_B.pdf: unexpected serie 'A'
[2026-08-04T20:27:31+00:00] ALERT: 2022-10-14_B.pdf: unexpected serie 'AA'
[2026-08-04T20:27:31+00:00] ALERT: 2022-10-14_B.pdf: unexpected serie 'L'
[2026-08-04T20:27:31+00:00] INFO: 2022-10-14_B.pdf: acciones_circulacion_presente: 2 overlapping renders ['490,580,551', '490,580,551']
[2026-08-04T20:27:31+00:00] INFO: 2022-10-14_B.pdf: acciones_cargo_cc_presente: 2 overlapping renders ['0', '0']
[2026-08-04T20:27:31+00:00] INFO: 2022-10-14_B.pdf: saldos: overlap resolved by conservation identity (delta tesoreria 0)
[2026-08-04T20:27:31+00:00] INFO: 2022-10-14_B.pdf: acciones_circulacion_presente: 2 overlapping renders ['20,554,697,460', '20,554,697,460']
[2026-08-04T20:27:31+00:00] INFO: 2022-10-14_B.pdf: acciones_cargo_cc_presente: 2 overlapping renders ['0', '0']
[2026-08-04T20:27:31+00:00] INFO: 2022-10-14_B.pdf: saldos: overlap resolved by conservation identity (delta tesoreria 0)
[2026-08-04T20:27:31+00:00] INFO: 2022-10-14_B.pdf: acciones_circulacion_presente: 2 overlapping renders ['42,534,721,989', '42,536,721,989']
[2026-08-04T20:27:31+00:00] INFO: 2022-10-14_B.pdf: acciones_cargo_cc_presente: 2 overlapping renders ['0', '0']
[2026-08-04T20:27:31+00:00] INFO: 2022-10-14_B.pdf: saldos: overlap resolved by conservation identity (delta tesoreria 2,000,000)
[2026-08-04T20:27:31+00:00] ALERT: 2022-10-21_B.pdf: 3 series in one report ['A', 'AA', 'L']
[2026-08-04T20:27:31+00:00] ALERT: 2022-10-21_B.pdf: unexpected serie 'A'
[2026-08-04T20:27:31+00:00] ALERT: 2022-10-21_B.pdf: unexpected serie 'AA'
[2026-08-04T20:27:31+00:00] ALERT: 2022-10-21_B.pdf: unexpected serie 'L'
[2026-08-04T20:27:31+00:00] INFO: 2022-10-21_B.pdf: acciones_circulacion_presente: 2 overlapping renders ['490,580,551', '490,580,551']
[2026-08-04T20:27:31+00:00] INFO: 2022-10-21_B.pdf: acciones_cargo_cc_presente: 2 overlapping renders ['0', '0']
[2026-08-04T20:27:31+00:00] INFO: 2022-10-21_B.pdf: saldos: overlap resolved by conservation identity (delta tesoreria 0)
[2026-08-04T20:27:31+00:00] INFO: 2022-10-21_B.pdf: acciones_circulacion_presente: 2 overlapping renders ['20,554,697,460', '20,554,697,460']
[2026-08-04T20:27:31+00:00] INFO: 2022-10-21_B.pdf: acciones_cargo_cc_presente: 2 overlapping renders ['0', '0']
[2026-08-04T20:27:31+00:00] INFO: 2022-10-21_B.pdf: saldos: overlap resolved by conservation identity (delta tesoreria 0)
[2026-08-04T20:27:31+00:00] INFO: 2022-10-21_B.pdf: acciones_circulacion_presente: 2 overlapping renders ['42,512,721,989', '42,517,721,989']
[2026-08-04T20:27:31+00:00] INFO: 2022-10-21_B.pdf: acciones_cargo_cc_presente: 2 overlapping renders ['0', '0']
[2026-08-04T20:27:31+00:00] INFO: 2022-10-21_B.pdf: saldos: overlap resolved by conservation identity (delta tesoreria 5,000,000)
[2026-08-04T20:27:32+00:00] ALERT: 2022-10-28_B.pdf: 3 series in one report ['A', 'AA', 'L']
[2026-08-04T20:27:32+00:00] ALERT: 2022-10-28_B.pdf: unexpected serie 'A'
[2026-08-04T20:27:32+00:00] ALERT: 2022-10-28_B.pdf: unexpected serie 'AA'
[2026-08-04T20:27:32+00:00] ALERT: 2022-10-28_B.pdf: unexpected serie 'L'
[2026-08-04T20:27:32+00:00] INFO: 2022-10-28_B.pdf: acciones_circulacion_presente: 2 overlapping renders ['490,580,551', '490,580,551']
[2026-08-04T20:27:32+00:00] INFO: 2022-10-28_B.pdf: acciones_cargo_cc_presente: 2 overlapping renders ['0', '0']
[2026-08-04T20:27:32+00:00] INFO: 2022-10-28_B.pdf: saldos: overlap resolved by conservation identity (delta tesoreria 0)
[2026-08-04T20:27:32+00:00] INFO: 2022-10-28_B.pdf: acciones_circulacion_presente: 2 overlapping renders ['20,554,697,460', '20,554,697,460']
[2026-08-04T20:27:32+00:00] INFO: 2022-10-28_B.pdf: acciones_cargo_cc_presente: 2 overlapping renders ['0', '0']
[2026-08-04T20:27:32+00:00] INFO: 2022-10-28_B.pdf: saldos: overlap resolved by conservation identity (delta tesoreria 0)
[2026-08-04T20:27:32+00:00] INFO: 2022-10-28_B.pdf: acciones_circulacion_presente: 2 overlapping renders ['42,491,721,989', '42,495,721,989']
[2026-08-04T20:27:32+00:00] INFO: 2022-10-28_B.pdf: acciones_cargo_cc_presente: 2 overlapping renders ['0', '0']
[2026-08-04T20:27:32+00:00] INFO: 2022-10-28_B.pdf: saldos: overlap resolved by conservation identity (delta tesoreria 4,000,000)
[2026-08-04T20:27:33+00:00] ALERT: 2022-10-31_B.pdf: 3 series in one report ['A', 'AA', 'L']
[2026-08-04T20:27:33+00:00] ALERT: 2022-10-31_B.pdf: unexpected serie 'A'
[2026-08-04T20:27:33+00:00] ALERT: 2022-10-31_B.pdf: unexpected serie 'AA'
[2026-08-04T20:27:33+00:00] ALERT: 2022-10-31_B.pdf: unexpected serie 'L'
[2026-08-04T20:27:33+00:00] INFO: 2022-10-31_B.pdf: acciones_circulacion_presente: 2 overlapping renders ['490,580,551', '490,580,551']
[2026-08-04T20:27:33+00:00] INFO: 2022-10-31_B.pdf: acciones_cargo_cc_presente: 2 overlapping renders ['0', '0']
[2026-08-04T20:27:33+00:00] INFO: 2022-10-31_B.pdf: saldos: overlap resolved by conservation identity (delta tesoreria 0)
[2026-08-04T20:27:33+00:00] INFO: 2022-10-31_B.pdf: acciones_circulacion_presente: 2 overlapping renders ['20,554,697,460', '20,554,697,460']
[2026-08-04T20:27:33+00:00] INFO: 2022-10-31_B.pdf: acciones_cargo_cc_presente: 2 overlapping renders ['0', '0']
[2026-08-04T20:27:33+00:00] INFO: 2022-10-31_B.pdf: saldos: overlap resolved by conservation identity (delta tesoreria 0)
[2026-08-04T20:27:33+00:00] INFO: 2022-10-31_B.pdf: acciones_circulacion_presente: 2 overlapping renders ['42,487,721,989', '42,491,721,989']
[2026-08-04T20:27:33+00:00] INFO: 2022-10-31_B.pdf: acciones_cargo_cc_presente: 2 overlapping renders ['0', '0']
[2026-08-04T20:27:33+00:00] INFO: 2022-10-31_B.pdf: saldos: overlap resolved by conservation identity (delta tesoreria 4,000,000)
[2026-08-04T20:27:33+00:00] ALERT: 2022-11-04_B.pdf: 3 series in one report ['A', 'AA', 'L']
[2026-08-04T20:27:33+00:00] ALERT: 2022-11-04_B.pdf: unexpected serie 'A'
[2026-08-04T20:27:33+00:00] ALERT: 2022-11-04_B.pdf: unexpected serie 'AA'
[2026-08-04T20:27:33+00:00] ALERT: 2022-11-04_B.pdf: unexpected serie 'L'
[2026-08-04T20:27:33+00:00] INFO: 2022-11-04_B.pdf: acciones_circulacion_presente: 2 overlapping renders ['490,155,528', '490,155,528']
[2026-08-04T20:27:33+00:00] INFO: 2022-11-04_B.pdf: acciones_cargo_cc_presente: 2 overlapping renders ['0', '0']
[2026-08-04T20:27:33+00:00] INFO: 2022-11-04_B.pdf: saldos: overlap resolved by conservation identity (delta tesoreria 0)
[2026-08-04T20:27:33+00:00] INFO: 2022-11-04_B.pdf: acciones_circulacion_presente: 2 overlapping renders ['20,554,697,460', '20,554,697,460']
[2026-08-04T20:27:33+00:00] INFO: 2022-11-04_B.pdf: acciones_cargo_cc_presente: 2 overlapping renders ['0', '0']
[2026-08-04T20:27:33+00:00] INFO: 2022-11-04_B.pdf: saldos: overlap resolved by conservation identity (delta tesoreria 0)
[2026-08-04T20:27:33+00:00] INFO: 2022-11-04_B.pdf: acciones_circulacion_presente: 2 overlapping renders ['42,478,147,012', '42,480,147,012']
[2026-08-04T20:27:33+00:00] INFO: 2022-11-04_B.pdf: acciones_cargo_cc_presente: 2 overlapping renders ['0', '0']
[2026-08-04T20:27:33+00:00] INFO: 2022-11-04_B.pdf: saldos: overlap resolved by conservation identity (delta tesoreria 2,000,000)
[2026-08-04T20:27:34+00:00] ALERT: 2022-11-11_B.pdf: 3 series in one report ['A', 'AA', 'L']
[2026-08-04T20:27:34+00:00] ALERT: 2022-11-11_B.pdf: unexpected serie 'A'
[2026-08-04T20:27:34+00:00] ALERT: 2022-11-11_B.pdf: unexpected serie 'AA'
[2026-08-04T20:27:34+00:00] ALERT: 2022-11-11_B.pdf: unexpected serie 'L'
[2026-08-04T20:27:34+00:00] INFO: 2022-11-11_B.pdf: acciones_circulacion_presente: 2 overlapping renders ['490,155,528', '490,155,528']
[2026-08-04T20:27:34+00:00] INFO: 2022-11-11_B.pdf: acciones_cargo_cc_presente: 2 overlapping renders ['0', '0']
[2026-08-04T20:27:34+00:00] INFO: 2022-11-11_B.pdf: saldos: overlap resolved by conservation identity (delta tesoreria 0)
[2026-08-04T20:27:34+00:00] INFO: 2022-11-11_B.pdf: acciones_circulacion_presente: 2 overlapping renders ['20,554,697,460', '20,554,697,460']
[2026-08-04T20:27:34+00:00] INFO: 2022-11-11_B.pdf: acciones_cargo_cc_presente: 2 overlapping renders ['0', '0']
[2026-08-04T20:27:34+00:00] INFO: 2022-11-11_B.pdf: saldos: overlap resolved by conservation identity (delta tesoreria 0)
[2026-08-04T20:27:34+00:00] INFO: 2022-11-11_B.pdf: acciones_circulacion_presente: 2 overlapping renders ['42,465,147,012', '42,468,147,012']
[2026-08-04T20:27:34+00:00] INFO: 2022-11-11_B.pdf: acciones_cargo_cc_presente: 2 overlapping renders ['0', '0']
[2026-08-04T20:27:34+00:00] INFO: 2022-11-11_B.pdf: saldos: overlap resolved by conservation identity (delta tesoreria 3,000,000)
[2026-08-04T20:27:35+00:00] ALERT: 2022-11-18_B.pdf: 3 series in one report ['A', 'AA', 'L']
[2026-08-04T20:27:35+00:00] ALERT: 2022-11-18_B.pdf: unexpected serie 'A'
[2026-08-04T20:27:35+00:00] ALERT: 2022-11-18_B.pdf: unexpected serie 'AA'
[2026-08-04T20:27:35+00:00] ALERT: 2022-11-18_B.pdf: unexpected serie 'L'
[2026-08-04T20:27:35+00:00] INFO: 2022-11-18_B.pdf: acciones_circulacion_presente: 2 overlapping renders ['490,155,528', '490,155,528']
[2026-08-04T20:27:35+00:00] INFO: 2022-11-18_B.pdf: acciones_cargo_cc_presente: 2 overlapping renders ['0', '0']
[2026-08-04T20:27:35+00:00] INFO: 2022-11-18_B.pdf: saldos: overlap resolved by conservation identity (delta tesoreria 0)
[2026-08-04T20:27:35+00:00] INFO: 2022-11-18_B.pdf: acciones_circulacion_presente: 2 overlapping renders ['20,554,697,460', '20,554,697,460']
[2026-08-04T20:27:35+00:00] INFO: 2022-11-18_B.pdf: acciones_cargo_cc_presente: 2 overlapping renders ['0', '0']
[2026-08-04T20:27:35+00:00] INFO: 2022-11-18_B.pdf: saldos: overlap resolved by conservation identity (delta tesoreria 0)
[2026-08-04T20:27:35+00:00] INFO: 2022-11-18_B.pdf: acciones_circulacion_presente: 2 overlapping renders ['42,449,147,012', '42,451,147,012']
[2026-08-04T20:27:35+00:00] INFO: 2022-11-18_B.pdf: acciones_cargo_cc_presente: 2 overlapping renders ['0', '0']
[2026-08-04T20:27:35+00:00] INFO: 2022-11-18_B.pdf: saldos: overlap resolved by conservation identity (delta tesoreria 2,000,000)
[2026-08-04T20:27:35+00:00] ALERT: 2022-11-25_B.pdf: 3 series in one report ['A', 'AA', 'L']
[2026-08-04T20:27:35+00:00] ALERT: 2022-11-25_B.pdf: unexpected serie 'A'
[2026-08-04T20:27:35+00:00] ALERT: 2022-11-25_B.pdf: unexpected serie 'AA'
[2026-08-04T20:27:35+00:00] ALERT: 2022-11-25_B.pdf: unexpected serie 'L'
[2026-08-04T20:27:35+00:00] INFO: 2022-11-25_B.pdf: acciones_circulacion_presente: 2 overlapping renders ['490,155,528', '490,155,528']
[2026-08-04T20:27:35+00:00] INFO: 2022-11-25_B.pdf: acciones_cargo_cc_presente: 2 overlapping renders ['0', '0']
[2026-08-04T20:27:35+00:00] INFO: 2022-11-25_B.pdf: saldos: overlap resolved by conservation identity (delta tesoreria 0)
[2026-08-04T20:27:35+00:00] INFO: 2022-11-25_B.pdf: acciones_circulacion_presente: 2 overlapping renders ['20,554,697,460', '20,554,697,460']
[2026-08-04T20:27:35+00:00] INFO: 2022-11-25_B.pdf: acciones_cargo_cc_presente: 2 overlapping renders ['0', '0']
[2026-08-04T20:27:35+00:00] INFO: 2022-11-25_B.pdf: saldos: overlap resolved by conservation identity (delta tesoreria 0)
[2026-08-04T20:27:35+00:00] INFO: 2022-11-25_B.pdf: acciones_circulacion_presente: 2 overlapping renders ['42,438,189,649', '42,441,689,649']
[2026-08-04T20:27:35+00:00] INFO: 2022-11-25_B.pdf: acciones_cargo_cc_presente: 2 overlapping renders ['0', '0']
[2026-08-04T20:27:35+00:00] INFO: 2022-11-25_B.pdf: saldos: overlap resolved by conservation identity (delta tesoreria 3,500,000)
[2026-08-04T20:27:35+00:00] ALERT: 2022-11-30_B.pdf: 3 series in one report ['A', 'AA', 'L']
[2026-08-04T20:27:35+00:00] ALERT: 2022-11-30_B.pdf: unexpected serie 'A'
[2026-08-04T20:27:35+00:00] ALERT: 2022-11-30_B.pdf: unexpected serie 'AA'
[2026-08-04T20:27:35+00:00] ALERT: 2022-11-30_B.pdf: unexpected serie 'L'
[2026-08-04T20:27:35+00:00] INFO: 2022-11-30_B.pdf: acciones_circulacion_presente: 2 overlapping renders ['490,112,891', '490,112,891']
[2026-08-04T20:27:35+00:00] INFO: 2022-11-30_B.pdf: acciones_cargo_cc_presente: 2 overlapping renders ['0', '0']
[2026-08-04T20:27:35+00:00] INFO: 2022-11-30_B.pdf: saldos: overlap resolved by conservation identity (delta tesoreria 0)
[2026-08-04T20:27:35+00:00] INFO: 2022-11-30_B.pdf: acciones_circulacion_presente: 2 overlapping renders ['20,554,697,460', '20,554,697,460']
[2026-08-04T20:27:35+00:00] INFO: 2022-11-30_B.pdf: acciones_cargo_cc_presente: 2 overlapping renders ['0', '0']
[2026-08-04T20:27:35+00:00] INFO: 2022-11-30_B.pdf: saldos: overlap resolved by conservation identity (delta tesoreria 0)
[2026-08-04T20:27:35+00:00] INFO: 2022-11-30_B.pdf: acciones_circulacion_presente: 2 overlapping renders ['42,420,189,649', '42,430,189,649']
[2026-08-04T20:27:35+00:00] INFO: 2022-11-30_B.pdf: acciones_cargo_cc_presente: 2 overlapping renders ['0', '0']
[2026-08-04T20:27:35+00:00] INFO: 2022-11-30_B.pdf: saldos: overlap resolved by conservation identity (delta tesoreria 10,000,000)
[2026-08-04T20:27:36+00:00] ALERT: 2022-12-02_B.pdf: 3 series in one report ['A', 'AA', 'L']
[2026-08-04T20:27:36+00:00] ALERT: 2022-12-02_B.pdf: unexpected serie 'A'
[2026-08-04T20:27:36+00:00] ALERT: 2022-12-02_B.pdf: unexpected serie 'AA'
[2026-08-04T20:27:36+00:00] ALERT: 2022-12-02_B.pdf: unexpected serie 'L'
[2026-08-04T20:27:36+00:00] INFO: 2022-12-02_B.pdf: acciones_circulacion_presente: 2 overlapping renders ['488,305,718', '488,305,718']
[2026-08-04T20:27:36+00:00] INFO: 2022-12-02_B.pdf: acciones_cargo_cc_presente: 2 overlapping renders ['0', '0']
[2026-08-04T20:27:36+00:00] INFO: 2022-12-02_B.pdf: saldos: overlap resolved by conservation identity (delta tesoreria 0)
[2026-08-04T20:27:36+00:00] INFO: 2022-12-02_B.pdf: acciones_circulacion_presente: 2 overlapping renders ['20,554,697,460', '20,554,697,460']
[2026-08-04T20:27:36+00:00] INFO: 2022-12-02_B.pdf: acciones_cargo_cc_presente: 2 overlapping renders ['0', '0']
[2026-08-04T20:27:36+00:00] INFO: 2022-12-02_B.pdf: saldos: overlap resolved by conservation identity (delta tesoreria 0)
[2026-08-04T20:27:36+00:00] INFO: 2022-12-02_B.pdf: acciones_circulacion_presente: 2 overlapping renders ['42,407,196,822', '42,416,996,822']
[2026-08-04T20:27:36+00:00] INFO: 2022-12-02_B.pdf: acciones_cargo_cc_presente: 2 overlapping renders ['0', '0']
[2026-08-04T20:27:36+00:00] INFO: 2022-12-02_B.pdf: saldos: overlap resolved by conservation identity (delta tesoreria 9,800,000)
[2026-08-04T20:27:36+00:00] ALERT: 2022-12-09_B.pdf: 3 series in one report ['A', 'AA', 'L']
[2026-08-04T20:27:36+00:00] ALERT: 2022-12-09_B.pdf: unexpected serie 'A'
[2026-08-04T20:27:36+00:00] ALERT: 2022-12-09_B.pdf: unexpected serie 'AA'
[2026-08-04T20:27:36+00:00] ALERT: 2022-12-09_B.pdf: unexpected serie 'L'
[2026-08-04T20:27:36+00:00] INFO: 2022-12-09_B.pdf: acciones_circulacion_presente: 2 overlapping renders ['488,305,718', '488,305,718']
[2026-08-04T20:27:36+00:00] INFO: 2022-12-09_B.pdf: acciones_cargo_cc_presente: 2 overlapping renders ['0', '0']
[2026-08-04T20:27:36+00:00] INFO: 2022-12-09_B.pdf: saldos: overlap resolved by conservation identity (delta tesoreria 0)
[2026-08-04T20:27:36+00:00] INFO: 2022-12-09_B.pdf: acciones_circulacion_presente: 2 overlapping renders ['20,554,697,460', '20,554,697,460']
[2026-08-04T20:27:36+00:00] INFO: 2022-12-09_B.pdf: acciones_cargo_cc_presente: 2 overlapping renders ['0', '0']
[2026-08-04T20:27:36+00:00] INFO: 2022-12-09_B.pdf: saldos: overlap resolved by conservation identity (delta tesoreria 0)
[2026-08-04T20:27:36+00:00] INFO: 2022-12-09_B.pdf: acciones_circulacion_presente: 2 overlapping renders ['42,371,014,884', '42,376,996,822']
[2026-08-04T20:27:36+00:00] INFO: 2022-12-09_B.pdf: acciones_cargo_cc_presente: 2 overlapping renders ['0', '0']
[2026-08-04T20:27:36+00:00] INFO: 2022-12-09_B.pdf: saldos: overlap resolved by conservation identity (delta tesoreria 5,981,938)
[2026-08-04T20:27:37+00:00] ALERT: 2022-12-16_B.pdf: 3 series in one report ['A', 'AA', 'L']
[2026-08-04T20:27:37+00:00] ALERT: 2022-12-16_B.pdf: unexpected serie 'A'
[2026-08-04T20:27:37+00:00] ALERT: 2022-12-16_B.pdf: unexpected serie 'AA'
[2026-08-04T20:27:37+00:00] ALERT: 2022-12-16_B.pdf: unexpected serie 'L'
[2026-08-04T20:27:37+00:00] INFO: 2022-12-16_B.pdf: acciones_circulacion_presente: 2 overlapping renders ['488,305,718', '488,305,718']
[2026-08-04T20:27:37+00:00] INFO: 2022-12-16_B.pdf: acciones_cargo_cc_presente: 2 overlapping renders ['0', '0']
[2026-08-04T20:27:37+00:00] INFO: 2022-12-16_B.pdf: saldos: overlap resolved by conservation identity (delta tesoreria 0)
[2026-08-04T20:27:37+00:00] INFO: 2022-12-16_B.pdf: acciones_circulacion_presente: 2 overlapping renders ['20,554,697,460', '20,554,697,460']
[2026-08-04T20:27:37+00:00] INFO: 2022-12-16_B.pdf: acciones_cargo_cc_presente: 2 overlapping renders ['0', '0']
[2026-08-04T20:27:37+00:00] INFO: 2022-12-16_B.pdf: saldos: overlap resolved by conservation identity (delta tesoreria 0)
[2026-08-04T20:27:37+00:00] INFO: 2022-12-16_B.pdf: acciones_circulacion_presente: 2 overlapping renders ['42,344,496,822', '42,353,996,822']
[2026-08-04T20:27:37+00:00] INFO: 2022-12-16_B.pdf: acciones_cargo_cc_presente: 2 overlapping renders ['0', '0']
[2026-08-04T20:27:37+00:00] INFO: 2022-12-16_B.pdf: saldos: overlap resolved by conservation identity (delta tesoreria 9,500,000)
[2026-08-04T20:27:37+00:00] ALERT: 2022-12-23_B.pdf: 3 series in one report ['A', 'AA', 'L']
[2026-08-04T20:27:37+00:00] ALERT: 2022-12-23_B.pdf: unexpected serie 'A'
[2026-08-04T20:27:37+00:00] ALERT: 2022-12-23_B.pdf: unexpected serie 'AA'
[2026-08-04T20:27:37+00:00] ALERT: 2022-12-23_B.pdf: unexpected serie 'L'
[2026-08-04T20:27:37+00:00] INFO: 2022-12-23_B.pdf: acciones_circulacion_presente: 2 overlapping renders ['488,305,718', '488,305,718']
[2026-08-04T20:27:37+00:00] INFO: 2022-12-23_B.pdf: acciones_cargo_cc_presente: 2 overlapping renders ['0', '0']
[2026-08-04T20:27:37+00:00] INFO: 2022-12-23_B.pdf: saldos: overlap resolved by conservation identity (delta tesoreria 0)
[2026-08-04T20:27:37+00:00] INFO: 2022-12-23_B.pdf: acciones_circulacion_presente: 2 overlapping renders ['20,554,697,460', '20,554,697,460']
[2026-08-04T20:27:37+00:00] INFO: 2022-12-23_B.pdf: acciones_cargo_cc_presente: 2 overlapping renders ['0', '0']
[2026-08-04T20:27:37+00:00] INFO: 2022-12-23_B.pdf: saldos: overlap resolved by conservation identity (delta tesoreria 0)
[2026-08-04T20:27:37+00:00] INFO: 2022-12-23_B.pdf: acciones_circulacion_presente: 2 overlapping renders ['42,306,996,822', '42,311,996,822']
[2026-08-04T20:27:37+00:00] INFO: 2022-12-23_B.pdf: acciones_cargo_cc_presente: 2 overlapping renders ['0', '0']
[2026-08-04T20:27:37+00:00] INFO: 2022-12-23_B.pdf: saldos: overlap resolved by conservation identity (delta tesoreria 5,000,000)
[2026-08-04T20:27:38+00:00] ALERT: 2022-12-30_B.pdf: 3 series in one report ['A', 'AA', 'L']
[2026-08-04T20:27:38+00:00] ALERT: 2022-12-30_B.pdf: unexpected serie 'A'
[2026-08-04T20:27:38+00:00] ALERT: 2022-12-30_B.pdf: unexpected serie 'AA'
[2026-08-04T20:27:38+00:00] ALERT: 2022-12-30_B.pdf: unexpected serie 'L'
[2026-08-04T20:27:38+00:00] INFO: 2022-12-30_B.pdf: acciones_circulacion_presente: 2 overlapping renders ['488,305,718', '488,305,718']
[2026-08-04T20:27:38+00:00] INFO: 2022-12-30_B.pdf: acciones_cargo_cc_presente: 2 overlapping renders ['0', '0']
[2026-08-04T20:27:38+00:00] INFO: 2022-12-30_B.pdf: saldos: overlap resolved by conservation identity (delta tesoreria 0)
[2026-08-04T20:27:38+00:00] INFO: 2022-12-30_B.pdf: acciones_circulacion_presente: 2 overlapping renders ['20,554,697,460', '20,554,697,460']
[2026-08-04T20:27:38+00:00] INFO: 2022-12-30_B.pdf: acciones_cargo_cc_presente: 2 overlapping renders ['0', '0']
[2026-08-04T20:27:38+00:00] INFO: 2022-12-30_B.pdf: saldos: overlap resolved by conservation identity (delta tesoreria 0)
[2026-08-04T20:27:38+00:00] INFO: 2022-12-30_B.pdf: acciones_circulacion_presente: 2 overlapping renders ['42,285,996,822', '42,289,296,822']
[2026-08-04T20:27:38+00:00] INFO: 2022-12-30_B.pdf: acciones_cargo_cc_presente: 2 overlapping renders ['0', '0']
[2026-08-04T20:27:38+00:00] INFO: 2022-12-30_B.pdf: saldos: overlap resolved by conservation identity (delta tesoreria 3,300,000)
[2026-08-04T20:27:39+00:00] ALERT: 2023-01-06_B.pdf: 3 series in one report ['A', 'AA', 'L']
[2026-08-04T20:27:39+00:00] ALERT: 2023-01-06_B.pdf: unexpected serie 'A'
[2026-08-04T20:27:39+00:00] ALERT: 2023-01-06_B.pdf: unexpected serie 'AA'
[2026-08-04T20:27:39+00:00] ALERT: 2023-01-06_B.pdf: unexpected serie 'L'
[2026-08-04T20:27:39+00:00] INFO: 2023-01-06_B.pdf: acciones_circulacion_presente: 2 overlapping renders ['488,283,894', '488,283,894']
[2026-08-04T20:27:39+00:00] INFO: 2023-01-06_B.pdf: acciones_cargo_cc_presente: 2 overlapping renders ['0', '0']
[2026-08-04T20:27:39+00:00] INFO: 2023-01-06_B.pdf: saldos: overlap resolved by conservation identity (delta tesoreria 0)
[2026-08-04T20:27:39+00:00] INFO: 2023-01-06_B.pdf: acciones_circulacion_presente: 2 overlapping renders ['20,554,697,460', '20,554,697,460']
[2026-08-04T20:27:39+00:00] INFO: 2023-01-06_B.pdf: acciones_cargo_cc_presente: 2 overlapping renders ['0', '0']
[2026-08-04T20:27:39+00:00] INFO: 2023-01-06_B.pdf: saldos: overlap resolved by conservation identity (delta tesoreria 0)
[2026-08-04T20:27:39+00:00] INFO: 2023-01-06_B.pdf: acciones_circulacion_presente: 2 overlapping renders ['42,272,518,646', '42,274,518,646']
[2026-08-04T20:27:39+00:00] INFO: 2023-01-06_B.pdf: acciones_cargo_cc_presente: 2 overlapping renders ['0', '0']
[2026-08-04T20:27:39+00:00] INFO: 2023-01-06_B.pdf: saldos: overlap resolved by conservation identity (delta tesoreria 2,000,000)
[2026-08-04T20:28:11+00:00] ALERT: 2023-01-12_B.pdf: 3 series in one report ['A', 'AA', 'L']
[2026-08-04T20:28:11+00:00] ALERT: 2023-01-12_B.pdf: unexpected serie 'A'
[2026-08-04T20:28:12+00:00] ALERT: 2023-01-12_B.pdf: unexpected serie 'AA'
[2026-08-04T20:28:12+00:00] ALERT: 2023-01-12_B.pdf: unexpected serie 'L'
[2026-08-04T20:28:12+00:00] INFO: 2023-01-12_B.pdf: acciones_circulacion_presente: 2 overlapping renders ['488,283,894', '488,283,894']
[2026-08-04T20:28:12+00:00] INFO: 2023-01-12_B.pdf: acciones_cargo_cc_presente: 2 overlapping renders ['0', '0']
[2026-08-04T20:28:12+00:00] INFO: 2023-01-12_B.pdf: saldos: overlap resolved by conservation identity (delta tesoreria 0)
[2026-08-04T20:28:12+00:00] INFO: 2023-01-12_B.pdf: acciones_circulacion_presente: 2 overlapping renders ['20,554,697,460', '20,554,697,460']
[2026-08-04T20:28:12+00:00] INFO: 2023-01-12_B.pdf: acciones_cargo_cc_presente: 2 overlapping renders ['0', '0']
[2026-08-04T20:28:12+00:00] INFO: 2023-01-12_B.pdf: saldos: overlap resolved by conservation identity (delta tesoreria 0)
[2026-08-04T20:28:12+00:00] INFO: 2023-01-12_B.pdf: acciones_circulacion_presente: 2 overlapping renders ['42,265,018,646', '42,266,518,646']
[2026-08-04T20:28:12+00:00] INFO: 2023-01-12_B.pdf: acciones_cargo_cc_presente: 2 overlapping renders ['0', '0']
[2026-08-04T20:28:12+00:00] INFO: 2023-01-12_B.pdf: saldos: overlap resolved by conservation identity (delta tesoreria 1,500,000)
[2026-08-04T20:28:28+00:00] ALERT: 2023-01-20_B.pdf: 3 series in one report ['A', 'AA', 'L']
[2026-08-04T20:28:28+00:00] ALERT: 2023-01-20_B.pdf: unexpected serie 'A'
[2026-08-04T20:28:28+00:00] ALERT: 2023-01-20_B.pdf: unexpected serie 'AA'
[2026-08-04T20:28:28+00:00] ALERT: 2023-01-20_B.pdf: unexpected serie 'L'
[2026-08-04T20:28:29+00:00] INFO: 2023-01-20_B.pdf: acciones_circulacion_presente: 2 overlapping renders ['488,283,894', '488,283,894']
[2026-08-04T20:28:29+00:00] INFO: 2023-01-20_B.pdf: acciones_cargo_cc_presente: 2 overlapping renders ['0', '0']
[2026-08-04T20:28:29+00:00] INFO: 2023-01-20_B.pdf: saldos: overlap resolved by conservation identity (delta tesoreria 0)
[2026-08-04T20:28:29+00:00] INFO: 2023-01-20_B.pdf: acciones_circulacion_presente: 2 overlapping renders ['20,554,697,460', '20,554,697,460']
[2026-08-04T20:28:29+00:00] INFO: 2023-01-20_B.pdf: acciones_cargo_cc_presente: 2 overlapping renders ['0', '0']
[2026-08-04T20:28:29+00:00] INFO: 2023-01-20_B.pdf: saldos: overlap resolved by conservation identity (delta tesoreria 0)
[2026-08-04T20:28:29+00:00] INFO: 2023-01-20_B.pdf: acciones_circulacion_presente: 2 overlapping renders ['42,254,658,646', '42,255,018,646']
[2026-08-04T20:28:29+00:00] INFO: 2023-01-20_B.pdf: acciones_cargo_cc_presente: 2 overlapping renders ['0', '0']
[2026-08-04T20:28:29+00:00] INFO: 2023-01-20_B.pdf: saldos: overlap resolved by conservation identity (delta tesoreria 360,000)
[2026-08-04T20:28:40+00:00] ALERT: 2023-01-27_B.pdf: 3 series in one report ['A', 'AA', 'L']
[2026-08-04T20:28:40+00:00] ALERT: 2023-01-27_B.pdf: unexpected serie 'A'
[2026-08-04T20:28:40+00:00] ALERT: 2023-01-27_B.pdf: unexpected serie 'AA'
[2026-08-04T20:28:40+00:00] ALERT: 2023-01-27_B.pdf: unexpected serie 'L'
[2026-08-04T20:28:40+00:00] INFO: 2023-01-27_B.pdf: acciones_circulacion_presente: 2 overlapping renders ['488,283,894', '488,283,894']
[2026-08-04T20:28:40+00:00] INFO: 2023-01-27_B.pdf: acciones_cargo_cc_presente: 2 overlapping renders ['0', '0']
[2026-08-04T20:28:40+00:00] INFO: 2023-01-27_B.pdf: saldos: overlap resolved by conservation identity (delta tesoreria 0)
[2026-08-04T20:28:40+00:00] INFO: 2023-01-27_B.pdf: acciones_circulacion_presente: 2 overlapping renders ['20,554,697,460', '20,554,697,460']
[2026-08-04T20:28:40+00:00] INFO: 2023-01-27_B.pdf: acciones_cargo_cc_presente: 2 overlapping renders ['0', '0']
[2026-08-04T20:28:40+00:00] INFO: 2023-01-27_B.pdf: saldos: overlap resolved by conservation identity (delta tesoreria 0)
[2026-08-04T20:28:40+00:00] INFO: 2023-01-27_B.pdf: acciones_circulacion_presente: 2 overlapping renders ['42,246,018,646', '42,248,518,646']
[2026-08-04T20:28:40+00:00] INFO: 2023-01-27_B.pdf: acciones_cargo_cc_presente: 2 overlapping renders ['0', '0']
[2026-08-04T20:28:40+00:00] INFO: 2023-01-27_B.pdf: saldos: overlap resolved by conservation identity (delta tesoreria 2,500,000)
[2026-08-04T20:28:40+00:00] ALERT: 2023-01-31_B.pdf: 3 series in one report ['A', 'AA', 'L']
[2026-08-04T20:28:40+00:00] ALERT: 2023-01-31_B.pdf: unexpected serie 'A'
[2026-08-04T20:28:40+00:00] ALERT: 2023-01-31_B.pdf: unexpected serie 'AA'
[2026-08-04T20:28:40+00:00] ALERT: 2023-01-31_B.pdf: unexpected serie 'L'
[2026-08-04T20:28:40+00:00] INFO: 2023-01-31_B.pdf: acciones_circulacion_presente: 2 overlapping renders ['488,283,894', '488,283,894']
[2026-08-04T20:28:40+00:00] INFO: 2023-01-31_B.pdf: acciones_cargo_cc_presente: 2 overlapping renders ['0', '0']
[2026-08-04T20:28:40+00:00] INFO: 2023-01-31_B.pdf: saldos: overlap resolved by conservation identity (delta tesoreria 0)
[2026-08-04T20:28:40+00:00] INFO: 2023-01-31_B.pdf: acciones_circulacion_presente: 2 overlapping renders ['20,554,697,460', '20,554,697,460']
[2026-08-04T20:28:40+00:00] INFO: 2023-01-31_B.pdf: acciones_cargo_cc_presente: 2 overlapping renders ['0', '0']
[2026-08-04T20:28:40+00:00] INFO: 2023-01-31_B.pdf: saldos: overlap resolved by conservation identity (delta tesoreria 0)
[2026-08-04T20:28:40+00:00] INFO: 2023-01-31_B.pdf: acciones_circulacion_presente: 2 overlapping renders ['42,241,018,646', '42,244,718,646']
[2026-08-04T20:28:40+00:00] INFO: 2023-01-31_B.pdf: acciones_cargo_cc_presente: 2 overlapping renders ['0', '0']
[2026-08-04T20:28:40+00:00] INFO: 2023-01-31_B.pdf: saldos: overlap resolved by conservation identity (delta tesoreria 3,700,000)
[2026-08-04T20:28:40+00:00] ALERT: 2023-02-03_B.pdf: 3 series in one report ['A', 'AA', 'L']
[2026-08-04T20:28:40+00:00] ALERT: 2023-02-03_B.pdf: unexpected serie 'A'
[2026-08-04T20:28:40+00:00] ALERT: 2023-02-03_B.pdf: unexpected serie 'AA'
[2026-08-04T20:28:40+00:00] ALERT: 2023-02-03_B.pdf: unexpected serie 'L'
[2026-08-04T20:28:40+00:00] INFO: 2023-02-03_B.pdf: acciones_circulacion_presente: 2 overlapping renders ['486,694,018', '486,694,018']
[2026-08-04T20:28:40+00:00] INFO: 2023-02-03_B.pdf: acciones_cargo_cc_presente: 2 overlapping renders ['0', '0']
[2026-08-04T20:28:40+00:00] INFO: 2023-02-03_B.pdf: saldos: overlap resolved by conservation identity (delta tesoreria 0)
[2026-08-04T20:28:40+00:00] INFO: 2023-02-03_B.pdf: acciones_circulacion_presente: 2 overlapping renders ['20,554,697,460', '20,554,697,460']
[2026-08-04T20:28:40+00:00] INFO: 2023-02-03_B.pdf: acciones_cargo_cc_presente: 2 overlapping renders ['0', '0']
[2026-08-04T20:28:40+00:00] INFO: 2023-02-03_B.pdf: saldos: overlap resolved by conservation identity (delta tesoreria 0)
[2026-08-04T20:28:40+00:00] INFO: 2023-02-03_B.pdf: acciones_circulacion_presente: 2 overlapping renders ['42,231,608,333', '42,235,608,522']
[2026-08-04T20:28:40+00:00] INFO: 2023-02-03_B.pdf: acciones_cargo_cc_presente: 2 overlapping renders ['0', '0']
[2026-08-04T20:28:40+00:00] INFO: 2023-02-03_B.pdf: saldos: overlap resolved by conservation identity (delta tesoreria 4,000,189)
[2026-08-04T20:28:41+00:00] ALERT: 2023-02-10_B.pdf: 3 series in one report ['A', 'AA', 'L']
[2026-08-04T20:28:41+00:00] ALERT: 2023-02-10_B.pdf: unexpected serie 'A'
[2026-08-04T20:28:41+00:00] ALERT: 2023-02-10_B.pdf: unexpected serie 'AA'
[2026-08-04T20:28:41+00:00] ALERT: 2023-02-10_B.pdf: unexpected serie 'L'
[2026-08-04T20:28:41+00:00] INFO: 2023-02-10_B.pdf: acciones_circulacion_presente: 2 overlapping renders ['486,694,018', '486,694,018']
[2026-08-04T20:28:41+00:00] INFO: 2023-02-10_B.pdf: acciones_cargo_cc_presente: 2 overlapping renders ['0', '0']
[2026-08-04T20:28:41+00:00] INFO: 2023-02-10_B.pdf: saldos: overlap resolved by conservation identity (delta tesoreria 0)
[2026-08-04T20:28:41+00:00] INFO: 2023-02-10_B.pdf: acciones_circulacion_presente: 2 overlapping renders ['20,554,697,460', '20,554,697,460']
[2026-08-04T20:28:41+00:00] INFO: 2023-02-10_B.pdf: acciones_cargo_cc_presente: 2 overlapping renders ['0', '0']
[2026-08-04T20:28:41+00:00] INFO: 2023-02-10_B.pdf: saldos: overlap resolved by conservation identity (delta tesoreria 0)
[2026-08-04T20:28:41+00:00] INFO: 2023-02-10_B.pdf: acciones_circulacion_presente: 2 overlapping renders ['42,222,108,522', '42,225,108,522']
[2026-08-04T20:28:41+00:00] INFO: 2023-02-10_B.pdf: acciones_cargo_cc_presente: 2 overlapping renders ['0', '0']
[2026-08-04T20:28:41+00:00] INFO: 2023-02-10_B.pdf: saldos: overlap resolved by conservation identity (delta tesoreria 3,000,000)
[2026-08-04T20:28:41+00:00] ALERT: 2023-02-17_B.pdf: 3 series in one report ['A', 'AA', 'L']
[2026-08-04T20:28:41+00:00] ALERT: 2023-02-17_B.pdf: unexpected serie 'A'
[2026-08-04T20:28:41+00:00] ALERT: 2023-02-17_B.pdf: unexpected serie 'AA'
[2026-08-04T20:28:41+00:00] ALERT: 2023-02-17_B.pdf: unexpected serie 'L'
[2026-08-04T20:28:41+00:00] INFO: 2023-02-17_B.pdf: acciones_circulacion_presente: 2 overlapping renders ['486,694,018', '486,694,018']
[2026-08-04T20:28:41+00:00] INFO: 2023-02-17_B.pdf: acciones_cargo_cc_presente: 2 overlapping renders ['0', '0']
[2026-08-04T20:28:41+00:00] INFO: 2023-02-17_B.pdf: saldos: overlap resolved by conservation identity (delta tesoreria 0)
[2026-08-04T20:28:41+00:00] INFO: 2023-02-17_B.pdf: acciones_circulacion_presente: 2 overlapping renders ['20,554,697,460', '20,554,697,460']
[2026-08-04T20:28:41+00:00] INFO: 2023-02-17_B.pdf: acciones_cargo_cc_presente: 2 overlapping renders ['0', '0']
[2026-08-04T20:28:41+00:00] INFO: 2023-02-17_B.pdf: saldos: overlap resolved by conservation identity (delta tesoreria 0)
[2026-08-04T20:28:41+00:00] INFO: 2023-02-17_B.pdf: acciones_circulacion_presente: 2 overlapping renders ['42,213,608,522', '42,214,608,522']
[2026-08-04T20:28:41+00:00] INFO: 2023-02-17_B.pdf: acciones_cargo_cc_presente: 2 overlapping renders ['0', '0']
[2026-08-04T20:28:41+00:00] INFO: 2023-02-17_B.pdf: saldos: overlap resolved by conservation identity (delta tesoreria 1,000,000)
[2026-08-04T20:28:42+00:00] ALERT: 2023-02-24_B.pdf: 3 series in one report ['A', 'AA', 'L']
[2026-08-04T20:28:42+00:00] ALERT: 2023-02-24_B.pdf: unexpected serie 'A'
[2026-08-04T20:28:42+00:00] ALERT: 2023-02-24_B.pdf: unexpected serie 'AA'
[2026-08-04T20:28:42+00:00] ALERT: 2023-02-24_B.pdf: unexpected serie 'L'
[2026-08-04T20:28:42+00:00] INFO: 2023-02-24_B.pdf: acciones_circulacion_presente: 2 overlapping renders ['486,694,018', '486,694,018']
[2026-08-04T20:28:42+00:00] INFO: 2023-02-24_B.pdf: acciones_cargo_cc_presente: 2 overlapping renders ['0', '0']
[2026-08-04T20:28:42+00:00] INFO: 2023-02-24_B.pdf: saldos: overlap resolved by conservation identity (delta tesoreria 0)
[2026-08-04T20:28:42+00:00] INFO: 2023-02-24_B.pdf: acciones_circulacion_presente: 2 overlapping renders ['20,554,697,460', '20,554,697,460']
[2026-08-04T20:28:42+00:00] INFO: 2023-02-24_B.pdf: acciones_cargo_cc_presente: 2 overlapping renders ['0', '0']
[2026-08-04T20:28:42+00:00] INFO: 2023-02-24_B.pdf: saldos: overlap resolved by conservation identity (delta tesoreria 0)
[2026-08-04T20:28:42+00:00] INFO: 2023-02-24_B.pdf: acciones_circulacion_presente: 2 overlapping renders ['42,208,108,522', '42,209,108,522']
[2026-08-04T20:28:42+00:00] INFO: 2023-02-24_B.pdf: acciones_cargo_cc_presente: 2 overlapping renders ['0', '0']
[2026-08-04T20:28:42+00:00] INFO: 2023-02-24_B.pdf: saldos: overlap resolved by conservation identity (delta tesoreria 1,000,000)
[2026-08-04T20:28:42+00:00] ALERT: 2023-02-28_B.pdf: 3 series in one report ['A', 'AA', 'L']
[2026-08-04T20:28:42+00:00] ALERT: 2023-02-28_B.pdf: unexpected serie 'A'
[2026-08-04T20:28:42+00:00] ALERT: 2023-02-28_B.pdf: unexpected serie 'AA'
[2026-08-04T20:28:42+00:00] ALERT: 2023-02-28_B.pdf: unexpected serie 'L'
[2026-08-04T20:28:42+00:00] INFO: 2023-02-28_B.pdf: acciones_circulacion_presente: 2 overlapping renders ['486,694,018', '486,694,018']
[2026-08-04T20:28:42+00:00] INFO: 2023-02-28_B.pdf: acciones_cargo_cc_presente: 2 overlapping renders ['0', '0']
[2026-08-04T20:28:42+00:00] INFO: 2023-02-28_B.pdf: saldos: overlap resolved by conservation identity (delta tesoreria 0)
[2026-08-04T20:28:42+00:00] INFO: 2023-02-28_B.pdf: acciones_circulacion_presente: 2 overlapping renders ['20,554,697,460', '20,554,697,460']
[2026-08-04T20:28:42+00:00] INFO: 2023-02-28_B.pdf: acciones_cargo_cc_presente: 2 overlapping renders ['0', '0']
[2026-08-04T20:28:42+00:00] INFO: 2023-02-28_B.pdf: saldos: overlap resolved by conservation identity (delta tesoreria 0)
[2026-08-04T20:28:42+00:00] INFO: 2023-02-28_B.pdf: acciones_circulacion_presente: 2 overlapping renders ['42,204,608,522', '42,207,108,522']
[2026-08-04T20:28:42+00:00] INFO: 2023-02-28_B.pdf: acciones_cargo_cc_presente: 2 overlapping renders ['0', '0']
[2026-08-04T20:28:42+00:00] INFO: 2023-02-28_B.pdf: saldos: overlap resolved by conservation identity (delta tesoreria 2,500,000)
[2026-08-04T20:28:43+00:00] ALERT: 2023-03-03_B.pdf: 3 series in one report ['A', 'AA', 'L']
[2026-08-04T20:28:43+00:00] ALERT: 2023-03-03_B.pdf: unexpected serie 'A'
[2026-08-04T20:28:43+00:00] ALERT: 2023-03-03_B.pdf: unexpected serie 'AA'
[2026-08-04T20:28:43+00:00] ALERT: 2023-03-03_B.pdf: unexpected serie 'L'
[2026-08-04T20:28:43+00:00] INFO: 2023-03-03_B.pdf: acciones_circulacion_presente: 2 overlapping renders ['486,448,027', '486,448,027']
[2026-08-04T20:28:43+00:00] INFO: 2023-03-03_B.pdf: acciones_cargo_cc_presente: 2 overlapping renders ['0', '0']
[2026-08-04T20:28:43+00:00] INFO: 2023-03-03_B.pdf: saldos: overlap resolved by conservation identity (delta tesoreria 0)
[2026-08-04T20:28:43+00:00] INFO: 2023-03-03_B.pdf: acciones_circulacion_presente: 2 overlapping renders ['20,554,697,460', '20,554,697,460']
[2026-08-04T20:28:43+00:00] INFO: 2023-03-03_B.pdf: acciones_cargo_cc_presente: 2 overlapping renders ['0', '0']
[2026-08-04T20:28:43+00:00] INFO: 2023-03-03_B.pdf: saldos: overlap resolved by conservation identity (delta tesoreria 0)
[2026-08-04T20:28:43+00:00] INFO: 2023-03-03_B.pdf: acciones_circulacion_presente: 2 overlapping renders ['42,200,854,513', '42,201,854,513']
[2026-08-04T20:28:43+00:00] INFO: 2023-03-03_B.pdf: acciones_cargo_cc_presente: 2 overlapping renders ['0', '0']
[2026-08-04T20:28:43+00:00] INFO: 2023-03-03_B.pdf: saldos: overlap resolved by conservation identity (delta tesoreria 1,000,000)
[2026-08-04T20:28:43+00:00] ALERT: 2023-03-10_B.pdf: 3 series in one report ['A', 'AA', 'L']
[2026-08-04T20:28:43+00:00] ALERT: 2023-03-10_B.pdf: unexpected serie 'A'
[2026-08-04T20:28:43+00:00] ALERT: 2023-03-10_B.pdf: unexpected serie 'AA'
[2026-08-04T20:28:43+00:00] ALERT: 2023-03-10_B.pdf: unexpected serie 'L'
[2026-08-04T20:28:43+00:00] INFO: 2023-03-10_B.pdf: acciones_circulacion_presente: 2 overlapping renders ['486,448,027', '486,448,027']
[2026-08-04T20:28:43+00:00] INFO: 2023-03-10_B.pdf: acciones_cargo_cc_presente: 2 overlapping renders ['0', '0']
[2026-08-04T20:28:43+00:00] INFO: 2023-03-10_B.pdf: saldos: overlap resolved by conservation identity (delta tesoreria 0)
[2026-08-04T20:28:43+00:00] INFO: 2023-03-10_B.pdf: acciones_circulacion_presente: 2 overlapping renders ['20,554,697,460', '20,554,697,460']
[2026-08-04T20:28:43+00:00] INFO: 2023-03-10_B.pdf: acciones_cargo_cc_presente: 2 overlapping renders ['0', '0']
[2026-08-04T20:28:43+00:00] INFO: 2023-03-10_B.pdf: saldos: overlap resolved by conservation identity (delta tesoreria 0)
[2026-08-04T20:28:43+00:00] INFO: 2023-03-10_B.pdf: acciones_circulacion_presente: 2 overlapping renders ['42,194,854,513', '42,195,454,513']
[2026-08-04T20:28:43+00:00] INFO: 2023-03-10_B.pdf: acciones_cargo_cc_presente: 2 overlapping renders ['0', '0']
[2026-08-04T20:28:43+00:00] INFO: 2023-03-10_B.pdf: saldos: overlap resolved by conservation identity (delta tesoreria 600,000)
[2026-08-04T20:28:44+00:00] INFO: 2023-03-17_B.pdf: acciones_circulacion_presente: 2 overlapping renders ['63,229,500,000', '63,230,000,000']
[2026-08-04T20:28:44+00:00] INFO: 2023-03-17_B.pdf: acciones_cargo_cc_presente: 2 overlapping renders ['0', '0']
[2026-08-04T20:28:44+00:00] INFO: 2023-03-17_B.pdf: saldos: overlap resolved by conservation identity (delta tesoreria 500,000)
[2026-08-04T20:28:44+00:00] INFO: 2023-03-23_B.pdf: acciones_circulacion_presente: 2 overlapping renders ['63,227,000,000', '63,227,500,000']
[2026-08-04T20:28:44+00:00] INFO: 2023-03-23_B.pdf: acciones_cargo_cc_presente: 2 overlapping renders ['0', '0']
[2026-08-04T20:28:44+00:00] INFO: 2023-03-23_B.pdf: saldos: overlap resolved by conservation identity (delta tesoreria 500,000)
[2026-08-04T20:28:45+00:00] INFO: 2023-03-31_B.pdf: acciones_circulacion_presente: 2 overlapping renders ['63,223,500,000', '63,224,000,000']
[2026-08-04T20:28:45+00:00] INFO: 2023-03-31_B.pdf: acciones_cargo_cc_presente: 2 overlapping renders ['0', '0']
[2026-08-04T20:28:45+00:00] INFO: 2023-03-31_B.pdf: saldos: overlap resolved by conservation identity (delta tesoreria 500,000)
[2026-08-04T20:28:45+00:00] INFO: 2023-04-05_B.pdf: acciones_circulacion_presente: 2 overlapping renders ['63,222,000,000', '63,222,700,000']
[2026-08-04T20:28:45+00:00] INFO: 2023-04-05_B.pdf: acciones_cargo_cc_presente: 2 overlapping renders ['0', '0']
[2026-08-04T20:28:45+00:00] INFO: 2023-04-05_B.pdf: saldos: overlap resolved by conservation identity (delta tesoreria 700,000)
[2026-08-04T20:28:46+00:00] INFO: 2023-04-14_B.pdf: acciones_circulacion_presente: 2 overlapping renders ['63,219,890,000', '63,220,260,000']
[2026-08-04T20:28:46+00:00] INFO: 2023-04-14_B.pdf: acciones_cargo_cc_presente: 2 overlapping renders ['0', '0']
[2026-08-04T20:28:46+00:00] INFO: 2023-04-14_B.pdf: saldos: overlap resolved by conservation identity (delta tesoreria 370,000)
[2026-08-04T20:28:46+00:00] INFO: 2023-04-21_B.pdf: acciones_circulacion_presente: 2 overlapping renders ['63,212,500,000', '63,213,000,000']
[2026-08-04T20:28:46+00:00] INFO: 2023-04-21_B.pdf: acciones_cargo_cc_presente: 2 overlapping renders ['0', '0']
[2026-08-04T20:28:46+00:00] INFO: 2023-04-21_B.pdf: saldos: overlap resolved by conservation identity (delta tesoreria 500,000)
[2026-08-04T20:28:46+00:00] INFO: 2023-04-28_B.pdf: acciones_circulacion_presente: 2 overlapping renders ['63,209,775,000', '63,210,000,000']
[2026-08-04T20:28:46+00:00] INFO: 2023-04-28_B.pdf: acciones_cargo_cc_presente: 2 overlapping renders ['0', '0']
[2026-08-04T20:28:46+00:00] INFO: 2023-04-28_B.pdf: saldos: overlap resolved by conservation identity (delta tesoreria 225,000)
[2026-08-04T20:28:47+00:00] INFO: 2023-05-05_B.pdf: acciones_circulacion_presente: 2 overlapping renders ['63,205,000,000', '63,208,000,000']
[2026-08-04T20:28:47+00:00] INFO: 2023-05-05_B.pdf: acciones_cargo_cc_presente: 2 overlapping renders ['0', '0']
[2026-08-04T20:28:47+00:00] INFO: 2023-05-05_B.pdf: saldos: overlap resolved by conservation identity (delta tesoreria 3,000,000)
[2026-08-04T20:28:47+00:00] INFO: 2023-05-12_B.pdf: acciones_circulacion_presente: 2 overlapping renders ['63,202,800,000', '63,203,050,000']
[2026-08-04T20:28:47+00:00] INFO: 2023-05-12_B.pdf: acciones_cargo_cc_presente: 2 overlapping renders ['0', '0']
[2026-08-04T20:28:47+00:00] INFO: 2023-05-12_B.pdf: saldos: overlap resolved by conservation identity (delta tesoreria 250,000)
[2026-08-04T20:28:48+00:00] INFO: 2023-05-19_B.pdf: acciones_circulacion_presente: 2 overlapping renders ['63,201,500,000', '63,202,000,000']
[2026-08-04T20:28:48+00:00] INFO: 2023-05-19_B.pdf: acciones_cargo_cc_presente: 2 overlapping renders ['0', '0']
[2026-08-04T20:28:48+00:00] INFO: 2023-05-19_B.pdf: saldos: overlap resolved by conservation identity (delta tesoreria 500,000)
[2026-08-04T20:28:49+00:00] INFO: 2023-05-26_B.pdf: acciones_circulacion_presente: 2 overlapping renders ['63,198,800,000', '63,199,200,000']
[2026-08-04T20:28:49+00:00] INFO: 2023-05-26_B.pdf: acciones_cargo_cc_presente: 2 overlapping renders ['0', '0']
[2026-08-04T20:28:49+00:00] INFO: 2023-05-26_B.pdf: saldos: overlap resolved by conservation identity (delta tesoreria 400,000)
[2026-08-04T20:28:49+00:00] INFO: 2023-05-30_B.pdf: acciones_circulacion_presente: 2 overlapping renders ['63,194,000,000', '63,198,700,000']
[2026-08-04T20:28:49+00:00] INFO: 2023-05-30_B.pdf: acciones_cargo_cc_presente: 2 overlapping renders ['0', '0']
[2026-08-04T20:28:49+00:00] INFO: 2023-05-30_B.pdf: saldos: overlap resolved by conservation identity (delta tesoreria 4,700,000)
[2026-08-04T20:28:50+00:00] INFO: 2023-06-02_B.pdf: acciones_circulacion_presente: 2 overlapping renders ['63,184,000,000', '63,187,000,000']
[2026-08-04T20:28:50+00:00] INFO: 2023-06-02_B.pdf: acciones_cargo_cc_presente: 2 overlapping renders ['0', '0']
[2026-08-04T20:28:50+00:00] INFO: 2023-06-02_B.pdf: saldos: overlap resolved by conservation identity (delta tesoreria 3,000,000)
[2026-08-04T20:28:50+00:00] INFO: 2023-06-09_B.pdf: acciones_circulacion_presente: 2 overlapping renders ['63,178,700,000', '63,178,900,000']
[2026-08-04T20:28:50+00:00] INFO: 2023-06-09_B.pdf: acciones_cargo_cc_presente: 2 overlapping renders ['0', '0']
[2026-08-04T20:28:50+00:00] INFO: 2023-06-09_B.pdf: saldos: overlap resolved by conservation identity (delta tesoreria 200,000)
[2026-08-04T20:28:50+00:00] INFO: 2023-06-16_B.pdf: acciones_circulacion_presente: 2 overlapping renders ['63,170,000,000', '63,173,300,000']
[2026-08-04T20:28:50+00:00] INFO: 2023-06-16_B.pdf: acciones_cargo_cc_presente: 2 overlapping renders ['0', '0']
[2026-08-04T20:28:50+00:00] INFO: 2023-06-16_B.pdf: saldos: overlap resolved by conservation identity (delta tesoreria 3,300,000)
[2026-08-04T20:28:51+00:00] INFO: 2023-06-23_B.pdf: acciones_circulacion_presente: 2 overlapping renders ['63,167,500,000', '63,168,000,000']
[2026-08-04T20:28:51+00:00] INFO: 2023-06-23_B.pdf: acciones_cargo_cc_presente: 2 overlapping renders ['0', '0']
[2026-08-04T20:28:51+00:00] INFO: 2023-06-23_B.pdf: saldos: overlap resolved by conservation identity (delta tesoreria 500,000)
[2026-08-04T20:28:51+00:00] INFO: 2023-06-30_B.pdf: acciones_circulacion_presente: 2 overlapping renders ['63,165,250,000', '63,165,750,000']
[2026-08-04T20:28:51+00:00] INFO: 2023-06-30_B.pdf: acciones_cargo_cc_presente: 2 overlapping renders ['0', '0']
[2026-08-04T20:28:51+00:00] INFO: 2023-06-30_B.pdf: saldos: overlap resolved by conservation identity (delta tesoreria 500,000)
[2026-08-04T20:28:51+00:00] INFO: 2023-07-07_B.pdf: acciones_circulacion_presente: 2 overlapping renders ['63,164,100,000', '63,164,300,000']
[2026-08-04T20:28:51+00:00] INFO: 2023-07-07_B.pdf: acciones_cargo_cc_presente: 2 overlapping renders ['0', '0']
[2026-08-04T20:28:51+00:00] INFO: 2023-07-07_B.pdf: saldos: overlap resolved by conservation identity (delta tesoreria 200,000)
[2026-08-04T20:28:52+00:00] INFO: 2023-07-14_B.pdf: acciones_circulacion_presente: 2 overlapping renders ['63,150,000,000', '63,154,000,000']
[2026-08-04T20:28:52+00:00] INFO: 2023-07-14_B.pdf: acciones_cargo_cc_presente: 2 overlapping renders ['0', '0']
[2026-08-04T20:28:52+00:00] INFO: 2023-07-14_B.pdf: saldos: overlap resolved by conservation identity (delta tesoreria 4,000,000)
[2026-08-04T20:28:52+00:00] INFO: 2023-07-21_B.pdf: acciones_circulacion_presente: 2 overlapping renders ['63,140,000,000', '63,143,000,000']
[2026-08-04T20:28:52+00:00] INFO: 2023-07-21_B.pdf: acciones_cargo_cc_presente: 2 overlapping renders ['0', '0']
[2026-08-04T20:28:52+00:00] INFO: 2023-07-21_B.pdf: saldos: overlap resolved by conservation identity (delta tesoreria 3,000,000)
[2026-08-04T20:28:52+00:00] INFO: 2023-07-28_B.pdf: acciones_circulacion_presente: 2 overlapping renders ['63,126,000,000', '63,127,999,940']
[2026-08-04T20:28:52+00:00] INFO: 2023-07-28_B.pdf: acciones_cargo_cc_presente: 2 overlapping renders ['0', '0']
[2026-08-04T20:28:52+00:00] INFO: 2023-07-28_B.pdf: saldos: overlap resolved by conservation identity (delta tesoreria 1,999,940)
[2026-08-04T20:28:52+00:00] INFO: 2023-07-31_B.pdf: acciones_circulacion_presente: 2 overlapping renders ['63,122,500,000', '63,126,000,000']
[2026-08-04T20:28:52+00:00] INFO: 2023-07-31_B.pdf: acciones_cargo_cc_presente: 2 overlapping renders ['0', '0']
[2026-08-04T20:28:52+00:00] INFO: 2023-07-31_B.pdf: saldos: overlap resolved by conservation identity (delta tesoreria 3,500,000)
[2026-08-04T20:28:53+00:00] INFO: 2023-08-04_B.pdf: acciones_circulacion_presente: 2 overlapping renders ['63,113,000,000', '63,115,000,000']
[2026-08-04T20:28:53+00:00] INFO: 2023-08-04_B.pdf: acciones_cargo_cc_presente: 2 overlapping renders ['0', '0']
[2026-08-04T20:28:53+00:00] INFO: 2023-08-04_B.pdf: saldos: overlap resolved by conservation identity (delta tesoreria 2,000,000)
[2026-08-04T20:28:53+00:00] INFO: 2023-08-11_B.pdf: acciones_circulacion_presente: 2 overlapping renders ['63,102,330,000', '63,103,000,000']
[2026-08-04T20:28:53+00:00] INFO: 2023-08-11_B.pdf: acciones_cargo_cc_presente: 2 overlapping renders ['0', '0']
[2026-08-04T20:28:53+00:00] INFO: 2023-08-11_B.pdf: saldos: overlap resolved by conservation identity (delta tesoreria 670,000)
[2026-08-04T20:28:53+00:00] INFO: 2023-08-18_B.pdf: acciones_circulacion_presente: 2 overlapping renders ['63,097,700,000', '63,098,700,000']
[2026-08-04T20:28:53+00:00] INFO: 2023-08-18_B.pdf: acciones_cargo_cc_presente: 2 overlapping renders ['0', '0']
[2026-08-04T20:28:53+00:00] INFO: 2023-08-18_B.pdf: saldos: overlap resolved by conservation identity (delta tesoreria 1,000,000)
[2026-08-04T20:28:53+00:00] INFO: 2023-08-25_B.pdf: acciones_circulacion_presente: 2 overlapping renders ['63,093,000,000', '63,093,650,000']
[2026-08-04T20:28:53+00:00] INFO: 2023-08-25_B.pdf: acciones_cargo_cc_presente: 2 overlapping renders ['0', '0']
[2026-08-04T20:28:53+00:00] INFO: 2023-08-25_B.pdf: saldos: overlap resolved by conservation identity (delta tesoreria 650,000)
[2026-08-04T20:28:54+00:00] INFO: 2023-08-31_B.pdf: acciones_circulacion_presente: 2 overlapping renders ['62,987,460,000', '63,089,863,153']
[2026-08-04T20:28:54+00:00] INFO: 2023-08-31_B.pdf: acciones_cargo_cc_presente: 2 overlapping renders ['0', '0']
[2026-08-04T20:28:54+00:00] INFO: 2023-08-31_B.pdf: saldos: overlap resolved by conservation identity (delta tesoreria 102,403,153)
[2026-08-04T20:28:54+00:00] INFO: 2023-09-01_B.pdf: acciones_circulacion_presente: 2 overlapping renders ['62,985,000,000', '62,987,460,000']
[2026-08-04T20:28:54+00:00] INFO: 2023-09-01_B.pdf: acciones_cargo_cc_presente: 2 overlapping renders ['0', '0']
[2026-08-04T20:28:54+00:00] INFO: 2023-09-01_B.pdf: saldos: overlap resolved by conservation identity (delta tesoreria 2,460,000)
[2026-08-04T20:28:54+00:00] INFO: 2023-09-08_B.pdf: acciones_circulacion_presente: 2 overlapping renders ['62,961,000,000', '62,963,597,090']
[2026-08-04T20:28:54+00:00] INFO: 2023-09-08_B.pdf: acciones_cargo_cc_presente: 2 overlapping renders ['0', '0']
[2026-08-04T20:28:54+00:00] INFO: 2023-09-08_B.pdf: saldos: overlap resolved by conservation identity (delta tesoreria 2,597,090)
[2026-08-04T20:28:54+00:00] INFO: 2023-09-15_B.pdf: acciones_circulacion_presente: 2 overlapping renders ['62,933,050,000', '62,945,000,000']
[2026-08-04T20:28:54+00:00] INFO: 2023-09-15_B.pdf: acciones_cargo_cc_presente: 2 overlapping renders ['0', '0']
[2026-08-04T20:28:54+00:00] INFO: 2023-09-15_B.pdf: saldos: overlap resolved by conservation identity (delta tesoreria 11,950,000)
[2026-08-04T20:28:54+00:00] INFO: 2023-09-22_B.pdf: acciones_circulacion_presente: 2 overlapping renders ['62,916,000,000', '62,919,889,952']
[2026-08-04T20:28:54+00:00] INFO: 2023-09-22_B.pdf: acciones_cargo_cc_presente: 2 overlapping renders ['0', '0']
[2026-08-04T20:28:54+00:00] INFO: 2023-09-22_B.pdf: saldos: overlap resolved by conservation identity (delta tesoreria 3,889,952)
[2026-08-04T20:28:55+00:00] INFO: 2023-09-29_B.pdf: acciones_circulacion_presente: 2 overlapping renders ['62,879,000,000', '62,887,000,000']
[2026-08-04T20:28:55+00:00] INFO: 2023-09-29_B.pdf: acciones_cargo_cc_presente: 2 overlapping renders ['0', '0']
[2026-08-04T20:28:55+00:00] INFO: 2023-09-29_B.pdf: saldos: overlap resolved by conservation identity (delta tesoreria 8,000,000)
[2026-08-04T20:28:55+00:00] INFO: 2023-10-06_B.pdf: acciones_circulacion_presente: 2 overlapping renders ['62,850,000,000', '62,854,959,720']
[2026-08-04T20:28:55+00:00] INFO: 2023-10-06_B.pdf: acciones_cargo_cc_presente: 2 overlapping renders ['0', '0']
[2026-08-04T20:28:55+00:00] INFO: 2023-10-06_B.pdf: saldos: overlap resolved by conservation identity (delta tesoreria 4,959,720)
[2026-08-04T20:28:55+00:00] INFO: 2023-10-13_B.pdf: acciones_circulacion_presente: 2 overlapping renders ['62,806,000,000', '62,817,000,000']
[2026-08-04T20:28:55+00:00] INFO: 2023-10-13_B.pdf: acciones_cargo_cc_presente: 2 overlapping renders ['0', '0']
[2026-08-04T20:28:55+00:00] INFO: 2023-10-13_B.pdf: saldos: overlap resolved by conservation identity (delta tesoreria 11,000,000)
[2026-08-04T20:28:55+00:00] INFO: 2023-10-20_B.pdf: acciones_circulacion_presente: 2 overlapping renders ['62,779,200,000', '62,782,200,000']
[2026-08-04T20:28:55+00:00] INFO: 2023-10-20_B.pdf: acciones_cargo_cc_presente: 2 overlapping renders ['0', '0']
[2026-08-04T20:28:55+00:00] INFO: 2023-10-20_B.pdf: saldos: overlap resolved by conservation identity (delta tesoreria 3,000,000)
[2026-08-04T20:28:56+00:00] INFO: 2023-10-27_B.pdf: acciones_circulacion_presente: 2 overlapping renders ['62,754,200,000', '62,762,200,000']
[2026-08-04T20:28:56+00:00] INFO: 2023-10-27_B.pdf: acciones_cargo_cc_presente: 2 overlapping renders ['0', '0']
[2026-08-04T20:28:56+00:00] INFO: 2023-10-27_B.pdf: saldos: overlap resolved by conservation identity (delta tesoreria 8,000,000)
[2026-08-04T20:28:56+00:00] INFO: 2023-10-31_B.pdf: acciones_circulacion_presente: 2 overlapping renders ['62,740,000,000', '62,746,800,318']
[2026-08-04T20:28:56+00:00] INFO: 2023-10-31_B.pdf: acciones_cargo_cc_presente: 2 overlapping renders ['0', '0']
[2026-08-04T20:28:56+00:00] INFO: 2023-10-31_B.pdf: saldos: overlap resolved by conservation identity (delta tesoreria 6,800,318)
[2026-08-04T20:28:57+00:00] INFO: 2023-11-03_B.pdf: acciones_circulacion_presente: 2 overlapping renders ['62,731,200,000', '62,735,000,000']
[2026-08-04T20:28:57+00:00] INFO: 2023-11-03_B.pdf: acciones_cargo_cc_presente: 2 overlapping renders ['0', '0']
[2026-08-04T20:28:57+00:00] INFO: 2023-11-03_B.pdf: saldos: overlap resolved by conservation identity (delta tesoreria 3,800,000)
[2026-08-04T20:28:57+00:00] INFO: 2023-11-10_B.pdf: acciones_circulacion_presente: 2 overlapping renders ['62,704,000,000', '62,706,927,430']
[2026-08-04T20:28:57+00:00] INFO: 2023-11-10_B.pdf: acciones_cargo_cc_presente: 2 overlapping renders ['0', '0']
[2026-08-04T20:28:57+00:00] INFO: 2023-11-10_B.pdf: saldos: overlap resolved by conservation identity (delta tesoreria 2,927,430)
[2026-08-04T20:28:57+00:00] INFO: 2023-11-17_B.pdf: acciones_circulacion_presente: 2 overlapping renders ['62,684,000,000', '62,687,000,000']
[2026-08-04T20:28:57+00:00] INFO: 2023-11-17_B.pdf: acciones_cargo_cc_presente: 2 overlapping renders ['0', '0']
[2026-08-04T20:28:57+00:00] INFO: 2023-11-17_B.pdf: saldos: overlap resolved by conservation identity (delta tesoreria 3,000,000)
[2026-08-04T20:28:58+00:00] INFO: 2023-11-24_B.pdf: acciones_circulacion_presente: 2 overlapping renders ['62,666,240,000', '62,669,440,000']
[2026-08-04T20:28:58+00:00] INFO: 2023-11-24_B.pdf: acciones_cargo_cc_presente: 2 overlapping renders ['0', '0']
[2026-08-04T20:28:58+00:00] INFO: 2023-11-24_B.pdf: saldos: overlap resolved by conservation identity (delta tesoreria 3,200,000)
[2026-08-04T20:28:58+00:00] INFO: 2023-11-30_B.pdf: acciones_circulacion_presente: 2 overlapping renders ['62,630,000,000', '62,636,000,000']
[2026-08-04T20:28:58+00:00] INFO: 2023-11-30_B.pdf: acciones_cargo_cc_presente: 2 overlapping renders ['0', '0']
[2026-08-04T20:28:58+00:00] INFO: 2023-11-30_B.pdf: saldos: overlap resolved by conservation identity (delta tesoreria 6,000,000)
[2026-08-04T20:28:58+00:00] INFO: 2023-12-01_B.pdf: acciones_circulacion_presente: 2 overlapping renders ['62,620,000,000', '62,630,000,000']
[2026-08-04T20:28:58+00:00] INFO: 2023-12-01_B.pdf: acciones_cargo_cc_presente: 2 overlapping renders ['0', '0']
[2026-08-04T20:28:58+00:00] INFO: 2023-12-01_B.pdf: saldos: overlap resolved by conservation identity (delta tesoreria 10,000,000)
[2026-08-04T20:28:58+00:00] INFO: 2023-12-08_B.pdf: acciones_circulacion_presente: 2 overlapping renders ['62,578,000,000', '62,590,000,000']
[2026-08-04T20:28:58+00:00] INFO: 2023-12-08_B.pdf: acciones_cargo_cc_presente: 2 overlapping renders ['0', '0']
[2026-08-04T20:28:58+00:00] INFO: 2023-12-08_B.pdf: saldos: overlap resolved by conservation identity (delta tesoreria 12,000,000)
[2026-08-04T20:28:59+00:00] INFO: 2023-12-15_B.pdf: acciones_circulacion_presente: 2 overlapping renders ['62,535,000,000', '62,545,000,000']
[2026-08-04T20:28:59+00:00] INFO: 2023-12-15_B.pdf: acciones_cargo_cc_presente: 2 overlapping renders ['0', '0']
[2026-08-04T20:28:59+00:00] INFO: 2023-12-15_B.pdf: saldos: overlap resolved by conservation identity (delta tesoreria 10,000,000)
[2026-08-04T20:28:59+00:00] INFO: 2023-12-22_B.pdf: acciones_circulacion_presente: 2 overlapping renders ['62,475,000,000', '62,485,000,000']
[2026-08-04T20:28:59+00:00] INFO: 2023-12-22_B.pdf: acciones_cargo_cc_presente: 2 overlapping renders ['0', '0']
[2026-08-04T20:28:59+00:00] INFO: 2023-12-22_B.pdf: saldos: overlap resolved by conservation identity (delta tesoreria 10,000,000)
[2026-08-04T20:29:00+00:00] INFO: 2023-12-29_B.pdf: acciones_circulacion_presente: 2 overlapping renders ['62,450,000,000', '62,467,000,000']
[2026-08-04T20:29:00+00:00] INFO: 2023-12-29_B.pdf: acciones_cargo_cc_presente: 2 overlapping renders ['0', '0']
[2026-08-04T20:29:00+00:00] INFO: 2023-12-29_B.pdf: saldos: overlap resolved by conservation identity (delta tesoreria 17,000,000)
[2026-08-04T20:29:00+00:00] INFO: 2024-01-05_B.pdf: acciones_circulacion_presente: 2 overlapping renders ['62,443,000,000', '62,445,000,000']
[2026-08-04T20:29:00+00:00] INFO: 2024-01-05_B.pdf: acciones_cargo_cc_presente: 2 overlapping renders ['0', '0']
[2026-08-04T20:29:00+00:00] INFO: 2024-01-05_B.pdf: saldos: overlap resolved by conservation identity (delta tesoreria 2,000,000)
[2026-08-04T20:29:00+00:00] INFO: 2024-01-12_B.pdf: acciones_circulacion_presente: 2 overlapping renders ['62,415,000,000', '62,421,000,000']
[2026-08-04T20:29:00+00:00] INFO: 2024-01-12_B.pdf: acciones_cargo_cc_presente: 2 overlapping renders ['0', '0']
[2026-08-04T20:29:00+00:00] INFO: 2024-01-12_B.pdf: saldos: overlap resolved by conservation identity (delta tesoreria 6,000,000)
[2026-08-04T20:29:00+00:00] INFO: 2024-01-19_B.pdf: acciones_circulacion_presente: 2 overlapping renders ['62,386,350,965', '62,392,350,965']
[2026-08-04T20:29:00+00:00] INFO: 2024-01-19_B.pdf: acciones_cargo_cc_presente: 2 overlapping renders ['0', '0']
[2026-08-04T20:29:00+00:00] INFO: 2024-01-19_B.pdf: saldos: overlap resolved by conservation identity (delta tesoreria 6,000,000)
[2026-08-04T20:29:00+00:00] INFO: 2024-01-26_B.pdf: acciones_circulacion_presente: 2 overlapping renders ['62,356,000,000', '62,362,000,000']
[2026-08-04T20:29:00+00:00] INFO: 2024-01-26_B.pdf: acciones_cargo_cc_presente: 2 overlapping renders ['0', '0']
[2026-08-04T20:29:00+00:00] INFO: 2024-01-26_B.pdf: saldos: overlap resolved by conservation identity (delta tesoreria 6,000,000)
[2026-08-04T20:29:01+00:00] INFO: 2024-01-31_B.pdf: acciones_circulacion_presente: 2 overlapping renders ['62,338,000,000', '62,344,000,000']
[2026-08-04T20:29:01+00:00] INFO: 2024-01-31_B.pdf: acciones_cargo_cc_presente: 2 overlapping renders ['0', '0']
[2026-08-04T20:29:01+00:00] INFO: 2024-01-31_B.pdf: saldos: overlap resolved by conservation identity (delta tesoreria 6,000,000)
[2026-08-04T20:29:01+00:00] INFO: 2024-02-02_B.pdf: acciones_circulacion_presente: 2 overlapping renders ['62,326,000,000', '62,332,000,000']
[2026-08-04T20:29:01+00:00] INFO: 2024-02-02_B.pdf: acciones_cargo_cc_presente: 2 overlapping renders ['0', '0']
[2026-08-04T20:29:01+00:00] INFO: 2024-02-02_B.pdf: saldos: overlap resolved by conservation identity (delta tesoreria 6,000,000)
[2026-08-04T20:29:01+00:00] INFO: 2024-02-09_B.pdf: acciones_circulacion_presente: 2 overlapping renders ['62,299,500,000', '62,306,000,000']
[2026-08-04T20:29:01+00:00] INFO: 2024-02-09_B.pdf: acciones_cargo_cc_presente: 2 overlapping renders ['0', '0']
[2026-08-04T20:29:01+00:00] INFO: 2024-02-09_B.pdf: saldos: overlap resolved by conservation identity (delta tesoreria 6,500,000)
[2026-08-04T20:29:02+00:00] INFO: 2024-02-16_B.pdf: acciones_circulacion_presente: 2 overlapping renders ['62,265,000,000', '62,272,000,000']
[2026-08-04T20:29:02+00:00] INFO: 2024-02-16_B.pdf: acciones_cargo_cc_presente: 2 overlapping renders ['0', '0']
[2026-08-04T20:29:02+00:00] INFO: 2024-02-16_B.pdf: saldos: overlap resolved by conservation identity (delta tesoreria 7,000,000)
[2026-08-04T20:29:02+00:00] INFO: 2024-02-23_B.pdf: acciones_circulacion_presente: 2 overlapping renders ['62,238,000,000', '62,242,500,000']
[2026-08-04T20:29:02+00:00] INFO: 2024-02-23_B.pdf: acciones_cargo_cc_presente: 2 overlapping renders ['0', '0']
[2026-08-04T20:29:02+00:00] INFO: 2024-02-23_B.pdf: saldos: overlap resolved by conservation identity (delta tesoreria 4,500,000)
[2026-08-04T20:29:03+00:00] INFO: 2024-02-29_B.pdf: acciones_circulacion_presente: 2 overlapping renders ['62,213,000,000', '62,219,000,000']
[2026-08-04T20:29:03+00:00] INFO: 2024-02-29_B.pdf: acciones_cargo_cc_presente: 2 overlapping renders ['0', '0']
[2026-08-04T20:29:03+00:00] INFO: 2024-02-29_B.pdf: saldos: overlap resolved by conservation identity (delta tesoreria 6,000,000)
[2026-08-04T20:29:03+00:00] INFO: 2024-03-01_B.pdf: acciones_circulacion_presente: 2 overlapping renders ['62,207,000,000', '62,213,000,000']
[2026-08-04T20:29:03+00:00] INFO: 2024-03-01_B.pdf: acciones_cargo_cc_presente: 2 overlapping renders ['0', '0']
[2026-08-04T20:29:03+00:00] INFO: 2024-03-01_B.pdf: saldos: overlap resolved by conservation identity (delta tesoreria 6,000,000)
[2026-08-04T20:29:03+00:00] INFO: 2024-03-08_B.pdf: acciones_circulacion_presente: 2 overlapping renders ['62,193,000,000', '62,195,000,000']
[2026-08-04T20:29:03+00:00] INFO: 2024-03-08_B.pdf: acciones_cargo_cc_presente: 2 overlapping renders ['0', '0']
[2026-08-04T20:29:03+00:00] INFO: 2024-03-08_B.pdf: saldos: overlap resolved by conservation identity (delta tesoreria 2,000,000)
[2026-08-04T20:29:03+00:00] INFO: 2024-03-15_B.pdf: acciones_circulacion_presente: 2 overlapping renders ['62,179,000,000', '62,185,000,000']
[2026-08-04T20:29:03+00:00] INFO: 2024-03-15_B.pdf: acciones_cargo_cc_presente: 2 overlapping renders ['0', '0']
[2026-08-04T20:29:03+00:00] INFO: 2024-03-15_B.pdf: saldos: overlap resolved by conservation identity (delta tesoreria 6,000,000)
[2026-08-04T20:29:04+00:00] INFO: 2024-03-22_B.pdf: acciones_circulacion_presente: 2 overlapping renders ['62,149,500,000', '62,157,000,000']
[2026-08-04T20:29:04+00:00] INFO: 2024-03-22_B.pdf: acciones_cargo_cc_presente: 2 overlapping renders ['0', '0']
[2026-08-04T20:29:04+00:00] INFO: 2024-03-22_B.pdf: saldos: overlap resolved by conservation identity (delta tesoreria 7,500,000)
[2026-08-04T20:29:04+00:00] INFO: 2024-03-27_B.pdf: acciones_circulacion_presente: 2 overlapping renders ['62,144,000,000', '62,145,267,252']
[2026-08-04T20:29:04+00:00] INFO: 2024-03-27_B.pdf: acciones_cargo_cc_presente: 2 overlapping renders ['0', '0']
[2026-08-04T20:29:04+00:00] INFO: 2024-03-27_B.pdf: saldos: overlap resolved by conservation identity (delta tesoreria 1,267,252)
[2026-08-04T20:29:05+00:00] INFO: 2024-04-05_B.pdf: acciones_circulacion_presente: 2 overlapping renders ['62,098,000,000', '62,106,000,000']
[2026-08-04T20:29:05+00:00] INFO: 2024-04-05_B.pdf: acciones_cargo_cc_presente: 2 overlapping renders ['0', '0']
[2026-08-04T20:29:05+00:00] INFO: 2024-04-05_B.pdf: saldos: overlap resolved by conservation identity (delta tesoreria 8,000,000)
[2026-08-04T20:29:05+00:00] INFO: 2024-04-12_B.pdf: acciones_circulacion_presente: 2 overlapping renders ['62,053,700,000', '62,062,000,000']
[2026-08-04T20:29:05+00:00] INFO: 2024-04-12_B.pdf: acciones_cargo_cc_presente: 2 overlapping renders ['0', '0']
[2026-08-04T20:29:05+00:00] INFO: 2024-04-12_B.pdf: saldos: overlap resolved by conservation identity (delta tesoreria 8,300,000)
[2026-08-04T20:29:05+00:00] INFO: 2024-04-19_B.pdf: acciones_circulacion_presente: 2 overlapping renders ['62,014,000,000', '62,021,000,000']
[2026-08-04T20:29:05+00:00] INFO: 2024-04-19_B.pdf: acciones_cargo_cc_presente: 2 overlapping renders ['0', '0']
[2026-08-04T20:29:05+00:00] INFO: 2024-04-19_B.pdf: saldos: overlap resolved by conservation identity (delta tesoreria 7,000,000)
[2026-08-04T20:29:06+00:00] INFO: 2024-04-26_B.pdf: acciones_circulacion_presente: 2 overlapping renders ['61,975,000,000', '61,983,300,000']
[2026-08-04T20:29:06+00:00] INFO: 2024-04-26_B.pdf: acciones_cargo_cc_presente: 2 overlapping renders ['0', '0']
[2026-08-04T20:29:06+00:00] INFO: 2024-04-26_B.pdf: saldos: overlap resolved by conservation identity (delta tesoreria 8,300,000)
[2026-08-04T20:29:07+00:00] INFO: 2024-04-30_B.pdf: acciones_circulacion_presente: 2 overlapping renders ['61,960,000,000', '61,968,300,000']
[2026-08-04T20:29:07+00:00] INFO: 2024-04-30_B.pdf: acciones_cargo_cc_presente: 2 overlapping renders ['0', '0']
[2026-08-04T20:29:07+00:00] INFO: 2024-04-30_B.pdf: saldos: overlap resolved by conservation identity (delta tesoreria 8,300,000)
[2026-08-04T20:29:08+00:00] INFO: 2024-05-03_B.pdf: acciones_circulacion_presente: 2 overlapping renders ['61,950,000,000', '61,954,000,000']
[2026-08-04T20:29:08+00:00] INFO: 2024-05-03_B.pdf: acciones_cargo_cc_presente: 2 overlapping renders ['0', '0']
[2026-08-04T20:29:08+00:00] INFO: 2024-05-03_B.pdf: saldos: overlap resolved by conservation identity (delta tesoreria 4,000,000)
[2026-08-04T20:29:09+00:00] INFO: 2024-05-10_B.pdf: acciones_circulacion_presente: 2 overlapping renders ['61,924,000,000', '61,930,000,000']
[2026-08-04T20:29:09+00:00] INFO: 2024-05-10_B.pdf: acciones_cargo_cc_presente: 2 overlapping renders ['0', '0']
[2026-08-04T20:29:09+00:00] INFO: 2024-05-10_B.pdf: saldos: overlap resolved by conservation identity (delta tesoreria 6,000,000)
[2026-08-04T20:29:09+00:00] INFO: 2024-05-17_B.pdf: acciones_circulacion_presente: 2 overlapping renders ['61,894,000,000', '61,900,000,000']
[2026-08-04T20:29:09+00:00] INFO: 2024-05-17_B.pdf: acciones_cargo_cc_presente: 2 overlapping renders ['0', '0']
[2026-08-04T20:29:09+00:00] INFO: 2024-05-17_B.pdf: saldos: overlap resolved by conservation identity (delta tesoreria 6,000,000)
[2026-08-04T20:29:09+00:00] INFO: 2024-05-24_B.pdf: acciones_circulacion_presente: 2 overlapping renders ['61,871,000,000', '61,875,000,000']
[2026-08-04T20:29:09+00:00] INFO: 2024-05-24_B.pdf: acciones_cargo_cc_presente: 2 overlapping renders ['0', '0']
[2026-08-04T20:29:09+00:00] INFO: 2024-05-24_B.pdf: saldos: overlap resolved by conservation identity (delta tesoreria 4,000,000)
[2026-08-04T20:29:09+00:00] INFO: 2024-05-31_B.pdf: acciones_circulacion_presente: 2 overlapping renders ['61,842,000,000', '61,852,000,000']
[2026-08-04T20:29:09+00:00] INFO: 2024-05-31_B.pdf: acciones_cargo_cc_presente: 2 overlapping renders ['0', '0']
[2026-08-04T20:29:09+00:00] INFO: 2024-05-31_B.pdf: saldos: overlap resolved by conservation identity (delta tesoreria 10,000,000)
[2026-08-04T20:29:10+00:00] INFO: 2024-06-07_B.pdf: acciones_circulacion_presente: 2 overlapping renders ['61,800,000,000', '61,808,000,000']
[2026-08-04T20:29:10+00:00] INFO: 2024-06-07_B.pdf: acciones_cargo_cc_presente: 2 overlapping renders ['0', '0']
[2026-08-04T20:29:10+00:00] INFO: 2024-06-07_B.pdf: saldos: overlap resolved by conservation identity (delta tesoreria 8,000,000)
[2026-08-04T20:29:11+00:00] INFO: 2024-06-14_B.pdf: acciones_circulacion_presente: 2 overlapping renders ['61,772,000,000', '61,779,000,000']
[2026-08-04T20:29:11+00:00] INFO: 2024-06-14_B.pdf: acciones_cargo_cc_presente: 2 overlapping renders ['0', '0']
[2026-08-04T20:29:11+00:00] INFO: 2024-06-14_B.pdf: saldos: overlap resolved by conservation identity (delta tesoreria 7,000,000)
[2026-08-04T20:29:11+00:00] INFO: 2024-06-21_B.pdf: acciones_circulacion_presente: 2 overlapping renders ['61,732,200,000', '61,745,000,000']
[2026-08-04T20:29:11+00:00] INFO: 2024-06-21_B.pdf: acciones_cargo_cc_presente: 2 overlapping renders ['0', '0']
[2026-08-04T20:29:11+00:00] INFO: 2024-06-21_B.pdf: saldos: overlap resolved by conservation identity (delta tesoreria 12,800,000)
[2026-08-04T20:29:11+00:00] INFO: 2024-06-28_B.pdf: acciones_circulacion_presente: 2 overlapping renders ['61,652,000,000', '61,664,000,000']
[2026-08-04T20:29:11+00:00] INFO: 2024-06-28_B.pdf: acciones_cargo_cc_presente: 2 overlapping renders ['0', '0']
[2026-08-04T20:29:11+00:00] INFO: 2024-06-28_B.pdf: saldos: overlap resolved by conservation identity (delta tesoreria 12,000,000)
[2026-08-04T20:29:12+00:00] INFO: 2024-07-05_B.pdf: acciones_circulacion_presente: 2 overlapping renders ['61,617,000,000', '61,624,549,662']
[2026-08-04T20:29:12+00:00] INFO: 2024-07-05_B.pdf: acciones_cargo_cc_presente: 2 overlapping renders ['0', '0']
[2026-08-04T20:29:12+00:00] INFO: 2024-07-05_B.pdf: saldos: overlap resolved by conservation identity (delta tesoreria 7,549,662)
[2026-08-04T20:29:12+00:00] INFO: 2024-07-12_B.pdf: acciones_circulacion_presente: 2 overlapping renders ['61,600,000,000', '61,602,000,000']
[2026-08-04T20:29:12+00:00] INFO: 2024-07-12_B.pdf: acciones_cargo_cc_presente: 2 overlapping renders ['0', '0']
[2026-08-04T20:29:12+00:00] INFO: 2024-07-12_B.pdf: saldos: overlap resolved by conservation identity (delta tesoreria 2,000,000)
[2026-08-04T20:29:13+00:00] INFO: 2024-07-19_B.pdf: acciones_circulacion_presente: 2 overlapping renders ['61,560,000,000', '61,570,000,000']
[2026-08-04T20:29:13+00:00] INFO: 2024-07-19_B.pdf: acciones_cargo_cc_presente: 2 overlapping renders ['0', '0']
[2026-08-04T20:29:13+00:00] INFO: 2024-07-19_B.pdf: saldos: overlap resolved by conservation identity (delta tesoreria 10,000,000)
[2026-08-04T20:29:13+00:00] INFO: 2024-07-26_B.pdf: acciones_circulacion_presente: 2 overlapping renders ['61,525,000,000', '61,530,000,000']
[2026-08-04T20:29:13+00:00] INFO: 2024-07-26_B.pdf: acciones_cargo_cc_presente: 2 overlapping renders ['0', '0']
[2026-08-04T20:29:13+00:00] INFO: 2024-07-26_B.pdf: saldos: overlap resolved by conservation identity (delta tesoreria 5,000,000)
[2026-08-04T20:29:13+00:00] INFO: 2024-07-31_B.pdf: acciones_circulacion_presente: 2 overlapping renders ['61,512,000,000', '61,517,000,000']
[2026-08-04T20:29:13+00:00] INFO: 2024-07-31_B.pdf: acciones_cargo_cc_presente: 2 overlapping renders ['0', '0']
[2026-08-04T20:29:13+00:00] INFO: 2024-07-31_B.pdf: saldos: overlap resolved by conservation identity (delta tesoreria 5,000,000)
[2026-08-04T20:29:13+00:00] INFO: 2024-08-02_B.pdf: acciones_circulacion_presente: 2 overlapping renders ['61,503,000,000', '61,505,445,349']
[2026-08-04T20:29:13+00:00] INFO: 2024-08-02_B.pdf: acciones_cargo_cc_presente: 2 overlapping renders ['0', '0']
[2026-08-04T20:29:13+00:00] INFO: 2024-08-02_B.pdf: saldos: overlap resolved by conservation identity (delta tesoreria 2,445,349)
[2026-08-04T20:29:13+00:00] INFO: 2024-08-09_B.pdf: acciones_circulacion_presente: 2 overlapping renders ['61,495,000,000', '61,497,500,000']
[2026-08-04T20:29:13+00:00] INFO: 2024-08-09_B.pdf: acciones_cargo_cc_presente: 2 overlapping renders ['0', '0']
[2026-08-04T20:29:13+00:00] INFO: 2024-08-09_B.pdf: saldos: overlap resolved by conservation identity (delta tesoreria 2,500,000)
[2026-08-04T20:29:14+00:00] INFO: 2024-08-16_B.pdf: acciones_circulacion_presente: 2 overlapping renders ['61,488,000,000', '61,489,000,000']
[2026-08-04T20:29:14+00:00] INFO: 2024-08-16_B.pdf: acciones_cargo_cc_presente: 2 overlapping renders ['0', '0']
[2026-08-04T20:29:14+00:00] INFO: 2024-08-16_B.pdf: saldos: overlap resolved by conservation identity (delta tesoreria 1,000,000)
[2026-08-04T20:29:14+00:00] INFO: 2024-08-23_B.pdf: acciones_circulacion_presente: 2 overlapping renders ['61,483,000,000', '61,484,000,000']
[2026-08-04T20:29:14+00:00] INFO: 2024-08-23_B.pdf: acciones_cargo_cc_presente: 2 overlapping renders ['0', '0']
[2026-08-04T20:29:14+00:00] INFO: 2024-08-23_B.pdf: saldos: overlap resolved by conservation identity (delta tesoreria 1,000,000)
[2026-08-04T20:29:15+00:00] INFO: 2024-08-30_B.pdf: acciones_circulacion_presente: 2 overlapping renders ['61,478,000,000', '61,479,000,000']
[2026-08-04T20:29:15+00:00] INFO: 2024-08-30_B.pdf: acciones_cargo_cc_presente: 2 overlapping renders ['0', '0']
[2026-08-04T20:29:15+00:00] INFO: 2024-08-30_B.pdf: saldos: overlap resolved by conservation identity (delta tesoreria 1,000,000)
[2026-08-04T20:29:15+00:00] INFO: 2024-09-06_B.pdf: acciones_circulacion_presente: 2 overlapping renders ['61,473,000,000', '61,474,000,000']
[2026-08-04T20:29:15+00:00] INFO: 2024-09-06_B.pdf: acciones_cargo_cc_presente: 2 overlapping renders ['0', '0']
[2026-08-04T20:29:15+00:00] INFO: 2024-09-06_B.pdf: saldos: overlap resolved by conservation identity (delta tesoreria 1,000,000)
[2026-08-04T20:29:16+00:00] INFO: 2024-09-13_B.pdf: acciones_circulacion_presente: 2 overlapping renders ['61,460,500,000', '61,462,500,000']
[2026-08-04T20:29:16+00:00] INFO: 2024-09-13_B.pdf: acciones_cargo_cc_presente: 2 overlapping renders ['0', '0']
[2026-08-04T20:29:16+00:00] INFO: 2024-09-13_B.pdf: saldos: overlap resolved by conservation identity (delta tesoreria 2,000,000)
[2026-08-04T20:29:17+00:00] INFO: 2024-09-20_B.pdf: acciones_circulacion_presente: 2 overlapping renders ['61,444,500,000', '61,451,500,000']
[2026-08-04T20:29:17+00:00] INFO: 2024-09-20_B.pdf: acciones_cargo_cc_presente: 2 overlapping renders ['0', '0']
[2026-08-04T20:29:17+00:00] INFO: 2024-09-20_B.pdf: saldos: overlap resolved by conservation identity (delta tesoreria 7,000,000)
[2026-08-04T20:29:17+00:00] INFO: 2024-09-27_B.pdf: acciones_circulacion_presente: 2 overlapping renders ['61,415,000,000', '61,420,000,000']
[2026-08-04T20:29:17+00:00] INFO: 2024-09-27_B.pdf: acciones_cargo_cc_presente: 2 overlapping renders ['0', '0']
[2026-08-04T20:29:17+00:00] INFO: 2024-09-27_B.pdf: saldos: overlap resolved by conservation identity (delta tesoreria 5,000,000)
[2026-08-04T20:29:17+00:00] INFO: 2024-09-30_B.pdf: acciones_circulacion_presente: 2 overlapping renders ['61,410,000,000', '61,415,000,000']
[2026-08-04T20:29:17+00:00] INFO: 2024-09-30_B.pdf: acciones_cargo_cc_presente: 2 overlapping renders ['0', '0']
[2026-08-04T20:29:17+00:00] INFO: 2024-09-30_B.pdf: saldos: overlap resolved by conservation identity (delta tesoreria 5,000,000)
[2026-08-04T20:29:18+00:00] INFO: 2024-10-04_B.pdf: acciones_circulacion_presente: 2 overlapping renders ['61,389,000,000', '61,395,000,000']
[2026-08-04T20:29:18+00:00] INFO: 2024-10-04_B.pdf: acciones_cargo_cc_presente: 2 overlapping renders ['0', '0']
[2026-08-04T20:29:18+00:00] INFO: 2024-10-04_B.pdf: saldos: overlap resolved by conservation identity (delta tesoreria 6,000,000)
[2026-08-04T20:29:18+00:00] INFO: 2024-10-11_B.pdf: acciones_circulacion_presente: 2 overlapping renders ['61,353,000,000', '61,360,000,000']
[2026-08-04T20:29:18+00:00] INFO: 2024-10-11_B.pdf: acciones_cargo_cc_presente: 2 overlapping renders ['0', '0']
[2026-08-04T20:29:18+00:00] INFO: 2024-10-11_B.pdf: saldos: overlap resolved by conservation identity (delta tesoreria 7,000,000)
[2026-08-04T20:29:18+00:00] INFO: 2024-10-18_B.pdf: acciones_circulacion_presente: 2 overlapping renders ['61,333,000,000', '61,334,000,000']
[2026-08-04T20:29:18+00:00] INFO: 2024-10-18_B.pdf: acciones_cargo_cc_presente: 2 overlapping renders ['0', '0']
[2026-08-04T20:29:18+00:00] INFO: 2024-10-18_B.pdf: saldos: overlap resolved by conservation identity (delta tesoreria 1,000,000)
[2026-08-04T20:29:18+00:00] INFO: 2024-10-25_B.pdf: acciones_circulacion_presente: 2 overlapping renders ['61,315,000,000', '61,318,000,000']
[2026-08-04T20:29:18+00:00] INFO: 2024-10-25_B.pdf: acciones_cargo_cc_presente: 2 overlapping renders ['0', '0']
[2026-08-04T20:29:18+00:00] INFO: 2024-10-25_B.pdf: saldos: overlap resolved by conservation identity (delta tesoreria 3,000,000)
[2026-08-04T20:29:19+00:00] INFO: 2024-10-31_B.pdf: acciones_circulacion_presente: 2 overlapping renders ['61,283,000,000', '61,295,000,000']
[2026-08-04T20:29:19+00:00] INFO: 2024-10-31_B.pdf: acciones_cargo_cc_presente: 2 overlapping renders ['0', '0']
[2026-08-04T20:29:19+00:00] INFO: 2024-10-31_B.pdf: saldos: overlap resolved by conservation identity (delta tesoreria 12,000,000)
[2026-08-04T20:29:19+00:00] INFO: 2024-11-08_B.pdf: acciones_circulacion_presente: 2 overlapping renders ['61,238,000,000', '61,245,000,000']
[2026-08-04T20:29:19+00:00] INFO: 2024-11-08_B.pdf: acciones_cargo_cc_presente: 2 overlapping renders ['0', '0']
[2026-08-04T20:29:19+00:00] INFO: 2024-11-08_B.pdf: saldos: overlap resolved by conservation identity (delta tesoreria 7,000,000)
[2026-08-04T20:29:19+00:00] INFO: 2024-11-15_B.pdf: acciones_circulacion_presente: 2 overlapping renders ['61,195,000,000', '61,202,000,000']
[2026-08-04T20:29:19+00:00] INFO: 2024-11-15_B.pdf: acciones_cargo_cc_presente: 2 overlapping renders ['0', '0']
[2026-08-04T20:29:19+00:00] INFO: 2024-11-15_B.pdf: saldos: overlap resolved by conservation identity (delta tesoreria 7,000,000)
[2026-08-04T20:29:19+00:00] INFO: 2024-11-22_B.pdf: acciones_circulacion_presente: 2 overlapping renders ['61,163,000,000', '61,168,000,000']
[2026-08-04T20:29:19+00:00] INFO: 2024-11-22_B.pdf: acciones_cargo_cc_presente: 2 overlapping renders ['0', '0']
[2026-08-04T20:29:19+00:00] INFO: 2024-11-22_B.pdf: saldos: overlap resolved by conservation identity (delta tesoreria 5,000,000)
[2026-08-04T20:29:19+00:00] INFO: 2024-11-29_B.pdf: acciones_circulacion_presente: 2 overlapping renders ['61,140,000,000', '61,146,500,000']
[2026-08-04T20:29:19+00:00] INFO: 2024-11-29_B.pdf: acciones_cargo_cc_presente: 2 overlapping renders ['0', '0']
[2026-08-04T20:29:19+00:00] INFO: 2024-11-29_B.pdf: saldos: overlap resolved by conservation identity (delta tesoreria 6,500,000)
[2026-08-04T20:29:20+00:00] INFO: 2024-12-06_B.pdf: acciones_circulacion_presente: 2 overlapping renders ['61,117,500,000', '61,125,000,000']
[2026-08-04T20:29:20+00:00] INFO: 2024-12-06_B.pdf: acciones_cargo_cc_presente: 2 overlapping renders ['0', '0']
[2026-08-04T20:29:20+00:00] INFO: 2024-12-06_B.pdf: saldos: overlap resolved by conservation identity (delta tesoreria 7,500,000)
[2026-08-04T20:29:20+00:00] INFO: 2024-12-13_B.pdf: acciones_circulacion_presente: 2 overlapping renders ['61,090,000,000', '61,100,000,000']
[2026-08-04T20:29:20+00:00] INFO: 2024-12-13_B.pdf: acciones_cargo_cc_presente: 2 overlapping renders ['0', '0']
[2026-08-04T20:29:20+00:00] INFO: 2024-12-13_B.pdf: saldos: overlap resolved by conservation identity (delta tesoreria 10,000,000)
[2026-08-04T20:29:20+00:00] INFO: 2024-12-20_B.pdf: acciones_circulacion_presente: 2 overlapping renders ['61,041,000,000', '61,046,000,000']
[2026-08-04T20:29:20+00:00] INFO: 2024-12-20_B.pdf: acciones_cargo_cc_presente: 2 overlapping renders ['0', '0']
[2026-08-04T20:29:20+00:00] INFO: 2024-12-20_B.pdf: saldos: overlap resolved by conservation identity (delta tesoreria 5,000,000)
[2026-08-04T20:29:20+00:00] INFO: 2024-12-27_B.pdf: acciones_circulacion_presente: 2 overlapping renders ['61,017,500,000', '61,025,000,000']
[2026-08-04T20:29:20+00:00] INFO: 2024-12-27_B.pdf: acciones_cargo_cc_presente: 2 overlapping renders ['0', '0']
[2026-08-04T20:29:20+00:00] INFO: 2024-12-27_B.pdf: saldos: overlap resolved by conservation identity (delta tesoreria 7,500,000)
[2026-08-04T20:29:21+00:00] INFO: 2024-12-31_B.pdf: acciones_circulacion_presente: 2 overlapping renders ['61,000,000,000', '61,007,500,000']
[2026-08-04T20:29:21+00:00] INFO: 2024-12-31_B.pdf: acciones_cargo_cc_presente: 2 overlapping renders ['0', '0']
[2026-08-04T20:29:21+00:00] INFO: 2024-12-31_B.pdf: saldos: overlap resolved by conservation identity (delta tesoreria 7,500,000)
[2026-08-04T20:29:21+00:00] INFO: 2025-01-03_B.pdf: acciones_circulacion_presente: 2 overlapping renders ['60,988,100,638', '60,995,000,000']
[2026-08-04T20:29:21+00:00] INFO: 2025-01-03_B.pdf: acciones_cargo_cc_presente: 2 overlapping renders ['0', '0']
[2026-08-04T20:29:21+00:00] INFO: 2025-01-03_B.pdf: saldos: overlap resolved by conservation identity (delta tesoreria 6,899,362)
[2026-08-04T20:29:21+00:00] INFO: 2025-01-10_B.pdf: acciones_circulacion_presente: 2 overlapping renders ['60,965,000,000', '60,969,000,000']
[2026-08-04T20:29:21+00:00] INFO: 2025-01-10_B.pdf: acciones_cargo_cc_presente: 2 overlapping renders ['0', '0']
[2026-08-04T20:29:21+00:00] INFO: 2025-01-10_B.pdf: saldos: overlap resolved by conservation identity (delta tesoreria 4,000,000)
[2026-08-04T20:29:21+00:00] INFO: 2025-01-17_B.pdf: acciones_circulacion_presente: 2 overlapping renders ['60,956,500,000', '60,957,000,000']
[2026-08-04T20:29:21+00:00] INFO: 2025-01-17_B.pdf: acciones_cargo_cc_presente: 2 overlapping renders ['0', '0']
[2026-08-04T20:29:21+00:00] INFO: 2025-01-17_B.pdf: saldos: overlap resolved by conservation identity (delta tesoreria 500,000)
[2026-08-04T20:29:22+00:00] INFO: 2025-01-24_B.pdf: acciones_circulacion_presente: 2 overlapping renders ['60,952,000,000', '60,953,000,000']
[2026-08-04T20:29:22+00:00] INFO: 2025-01-24_B.pdf: acciones_cargo_cc_presente: 2 overlapping renders ['0', '0']
[2026-08-04T20:29:22+00:00] INFO: 2025-01-24_B.pdf: saldos: overlap resolved by conservation identity (delta tesoreria 1,000,000)
[2026-08-04T20:29:22+00:00] INFO: 2025-01-31_B.pdf: acciones_circulacion_presente: 2 overlapping renders ['60,949,000,000', '60,950,000,000']
[2026-08-04T20:29:22+00:00] INFO: 2025-01-31_B.pdf: acciones_cargo_cc_presente: 2 overlapping renders ['0', '0']
[2026-08-04T20:29:22+00:00] INFO: 2025-01-31_B.pdf: saldos: overlap resolved by conservation identity (delta tesoreria 1,000,000)
[2026-08-04T20:29:23+00:00] INFO: 2025-02-07_B.pdf: acciones_circulacion_presente: 2 overlapping renders ['60,938,000,000', '60,942,000,000']
[2026-08-04T20:29:23+00:00] INFO: 2025-02-07_B.pdf: acciones_cargo_cc_presente: 2 overlapping renders ['0', '0']
[2026-08-04T20:29:23+00:00] INFO: 2025-02-07_B.pdf: saldos: overlap resolved by conservation identity (delta tesoreria 4,000,000)
[2026-08-04T20:29:25+00:00] INFO: 2025-02-14_B.pdf: acciones_circulacion_presente: 2 overlapping renders ['60,914,000,000', '60,920,000,000']
[2026-08-04T20:29:25+00:00] INFO: 2025-02-14_B.pdf: acciones_cargo_cc_presente: 2 overlapping renders ['0', '0']
[2026-08-04T20:29:25+00:00] INFO: 2025-02-14_B.pdf: saldos: overlap resolved by conservation identity (delta tesoreria 6,000,000)
[2026-08-04T20:29:26+00:00] INFO: 2025-02-21_B.pdf: acciones_circulacion_presente: 2 overlapping renders ['60,889,000,000', '60,894,000,000']
[2026-08-04T20:29:26+00:00] INFO: 2025-02-21_B.pdf: acciones_cargo_cc_presente: 2 overlapping renders ['0', '0']
[2026-08-04T20:29:26+00:00] INFO: 2025-02-21_B.pdf: saldos: overlap resolved by conservation identity (delta tesoreria 5,000,000)
[2026-08-04T20:29:26+00:00] INFO: 2025-02-28_B.pdf: acciones_circulacion_presente: 2 overlapping renders ['60,865,000,000', '60,870,000,000']
[2026-08-04T20:29:26+00:00] INFO: 2025-02-28_B.pdf: acciones_cargo_cc_presente: 2 overlapping renders ['0', '0']
[2026-08-04T20:29:26+00:00] INFO: 2025-02-28_B.pdf: saldos: overlap resolved by conservation identity (delta tesoreria 5,000,000)
[2026-08-04T20:29:27+00:00] INFO: 2025-03-07_B.pdf: acciones_circulacion_presente: 2 overlapping renders ['60,852,000,000', '60,854,000,000']
[2026-08-04T20:29:27+00:00] INFO: 2025-03-07_B.pdf: acciones_cargo_cc_presente: 2 overlapping renders ['0', '0']
[2026-08-04T20:29:27+00:00] INFO: 2025-03-07_B.pdf: saldos: overlap resolved by conservation identity (delta tesoreria 2,000,000)
[2026-08-04T20:29:27+00:00] INFO: 2025-03-14_B.pdf: acciones_circulacion_presente: 2 overlapping renders ['60,837,000,000', '60,847,000,000']
[2026-08-04T20:29:27+00:00] INFO: 2025-03-14_B.pdf: acciones_cargo_cc_presente: 2 overlapping renders ['0', '0']
[2026-08-04T20:29:27+00:00] INFO: 2025-03-14_B.pdf: saldos: overlap resolved by conservation identity (delta tesoreria 10,000,000)
[2026-08-04T20:29:28+00:00] INFO: 2025-03-21_B.pdf: acciones_circulacion_presente: 2 overlapping renders ['60,802,500,000', '60,816,000,000']
[2026-08-04T20:29:28+00:00] INFO: 2025-03-21_B.pdf: acciones_cargo_cc_presente: 2 overlapping renders ['0', '0']
[2026-08-04T20:29:28+00:00] INFO: 2025-03-21_B.pdf: saldos: overlap resolved by conservation identity (delta tesoreria 13,500,000)
[2026-08-04T20:29:28+00:00] INFO: 2025-03-28_B.pdf: acciones_circulacion_presente: 2 overlapping renders ['60,745,500,000', '60,748,000,000']
[2026-08-04T20:29:28+00:00] INFO: 2025-03-28_B.pdf: acciones_cargo_cc_presente: 2 overlapping renders ['0', '0']
[2026-08-04T20:29:29+00:00] INFO: 2025-03-28_B.pdf: saldos: overlap resolved by conservation identity (delta tesoreria 2,500,000)
[2026-08-04T20:29:43+00:00] INFO: 2025-03-31_B.pdf: acciones_circulacion_presente: 2 overlapping renders ['60,740,415,384', '60,745,500,000']
[2026-08-04T20:29:43+00:00] INFO: 2025-03-31_B.pdf: acciones_cargo_cc_presente: 2 overlapping renders ['0', '0']
[2026-08-04T20:29:43+00:00] INFO: 2025-03-31_B.pdf: saldos: overlap resolved by conservation identity (delta tesoreria 5,084,616)
[2026-08-04T20:29:51+00:00] INFO: 2025-04-04_B.pdf: acciones_circulacion_presente: 2 overlapping renders ['60,737,500,000', '60,738,500,000']
[2026-08-04T20:29:51+00:00] INFO: 2025-04-04_B.pdf: acciones_cargo_cc_presente: 2 overlapping renders ['0', '0']
[2026-08-04T20:29:51+00:00] INFO: 2025-04-04_B.pdf: saldos: overlap resolved by conservation identity (delta tesoreria 1,000,000)
[2026-08-04T20:29:58+00:00] INFO: 2025-04-11_B.pdf: acciones_circulacion_presente: 2 overlapping renders ['60,729,000,000', '60,730,000,000']
[2026-08-04T20:29:58+00:00] INFO: 2025-04-11_B.pdf: acciones_cargo_cc_presente: 2 overlapping renders ['0', '0']
[2026-08-04T20:29:58+00:00] INFO: 2025-04-11_B.pdf: saldos: overlap resolved by conservation identity (delta tesoreria 1,000,000)
[2026-08-04T20:30:08+00:00] INFO: 2025-04-16_B.pdf: acciones_circulacion_presente: 2 overlapping renders ['60,727,500,000', '60,728,000,000']
[2026-08-04T20:30:08+00:00] INFO: 2025-04-16_B.pdf: acciones_cargo_cc_presente: 2 overlapping renders ['0', '0']
[2026-08-04T20:30:08+00:00] INFO: 2025-04-16_B.pdf: saldos: overlap resolved by conservation identity (delta tesoreria 500,000)
[2026-08-04T20:30:21+00:00] INFO: 2025-04-25_B.pdf: acciones_circulacion_presente: 2 overlapping renders ['60,724,750,000', '60,725,750,000']
[2026-08-04T20:30:21+00:00] INFO: 2025-04-25_B.pdf: acciones_cargo_cc_presente: 2 overlapping renders ['0', '0']
[2026-08-04T20:30:21+00:00] INFO: 2025-04-25_B.pdf: saldos: overlap resolved by conservation identity (delta tesoreria 1,000,000)
[2026-08-04T20:30:32+00:00] INFO: 2025-04-30_B.pdf: acciones_circulacion_presente: 2 overlapping renders ['60,707,104,329', '60,716,000,000']
[2026-08-04T20:30:32+00:00] INFO: 2025-04-30_B.pdf: acciones_cargo_cc_presente: 2 overlapping renders ['0', '0']
[2026-08-04T20:30:32+00:00] INFO: 2025-04-30_B.pdf: saldos: overlap resolved by conservation identity (delta tesoreria 8,895,671)
[2026-08-04T20:30:42+00:00] INFO: 2025-05-02_B.pdf: acciones_circulacion_presente: 2 overlapping renders ['60,697,000,000', '60,707,104,329']
[2026-08-04T20:30:42+00:00] INFO: 2025-05-02_B.pdf: acciones_cargo_cc_presente: 2 overlapping renders ['0', '0']
[2026-08-04T20:30:42+00:00] INFO: 2025-05-02_B.pdf: saldos: overlap resolved by conservation identity (delta tesoreria 10,104,329)
[2026-08-04T20:30:50+00:00] INFO: 2025-05-09_B.pdf: acciones_circulacion_presente: 2 overlapping renders ['60,661,950,000', '60,671,100,000']
[2026-08-04T20:30:50+00:00] INFO: 2025-05-09_B.pdf: acciones_cargo_cc_presente: 2 overlapping renders ['0', '0']
[2026-08-04T20:30:50+00:00] INFO: 2025-05-09_B.pdf: saldos: overlap resolved by conservation identity (delta tesoreria 9,150,000)
[2026-08-04T20:30:54+00:00] INFO: 2025-05-16_B.pdf: acciones_circulacion_presente: 2 overlapping renders ['60,620,000,000', '60,628,000,000']
[2026-08-04T20:30:54+00:00] INFO: 2025-05-16_B.pdf: acciones_cargo_cc_presente: 2 overlapping renders ['0', '0']
[2026-08-04T20:30:54+00:00] INFO: 2025-05-16_B.pdf: saldos: overlap resolved by conservation identity (delta tesoreria 8,000,000)
[2026-08-04T20:31:00+00:00] INFO: 2025-05-23_B.pdf: acciones_circulacion_presente: 2 overlapping renders ['60,586,500,000', '60,592,500,000']
[2026-08-04T20:31:01+00:00] INFO: 2025-05-23_B.pdf: acciones_cargo_cc_presente: 2 overlapping renders ['0', '0']
[2026-08-04T20:31:01+00:00] INFO: 2025-05-23_B.pdf: saldos: overlap resolved by conservation identity (delta tesoreria 6,000,000)
[2026-08-04T20:31:10+00:00] INFO: 2025-05-30_B.pdf: acciones_circulacion_presente: 2 overlapping renders ['60,560,200,000', '60,568,000,000']
[2026-08-04T20:31:10+00:00] INFO: 2025-05-30_B.pdf: acciones_cargo_cc_presente: 2 overlapping renders ['0', '0']
[2026-08-04T20:31:10+00:00] INFO: 2025-05-30_B.pdf: saldos: overlap resolved by conservation identity (delta tesoreria 7,800,000)
[2026-08-04T20:31:16+00:00] INFO: 2025-06-06_B.pdf: acciones_circulacion_presente: 2 overlapping renders ['60,514,500,000', '60,520,000,000']
[2026-08-04T20:31:16+00:00] INFO: 2025-06-06_B.pdf: acciones_cargo_cc_presente: 2 overlapping renders ['0', '0']
[2026-08-04T20:31:16+00:00] INFO: 2025-06-06_B.pdf: saldos: overlap resolved by conservation identity (delta tesoreria 5,500,000)
[2026-08-04T20:31:21+00:00] INFO: 2025-06-13_B.pdf: acciones_circulacion_presente: 2 overlapping renders ['60,464,496,112', '60,468,500,000']
[2026-08-04T20:31:21+00:00] INFO: 2025-06-13_B.pdf: acciones_cargo_cc_presente: 2 overlapping renders ['0', '0']
[2026-08-04T20:31:21+00:00] INFO: 2025-06-13_B.pdf: saldos: overlap resolved by conservation identity (delta tesoreria 4,003,888)
[2026-08-04T20:31:25+00:00] INFO: 2025-06-20_B.pdf: acciones_circulacion_presente: 2 overlapping renders ['60,456,000,000', '60,460,500,000']
[2026-08-04T20:31:25+00:00] INFO: 2025-06-20_B.pdf: acciones_cargo_cc_presente: 2 overlapping renders ['0', '0']
[2026-08-04T20:31:25+00:00] INFO: 2025-06-20_B.pdf: saldos: overlap resolved by conservation identity (delta tesoreria 4,500,000)
[2026-08-04T20:31:33+00:00] INFO: 2025-06-27_B.pdf: acciones_circulacion_presente: 2 overlapping renders ['60,447,000,000', '60,450,000,000']
[2026-08-04T20:31:33+00:00] INFO: 2025-06-27_B.pdf: acciones_cargo_cc_presente: 2 overlapping renders ['0', '0']
[2026-08-04T20:31:33+00:00] INFO: 2025-06-27_B.pdf: saldos: overlap resolved by conservation identity (delta tesoreria 3,000,000)
[2026-08-04T20:31:43+00:00] INFO: 2025-06-30_B.pdf: acciones_circulacion_presente: 2 overlapping renders ['60,445,500,000', '60,447,000,000']
[2026-08-04T20:31:43+00:00] INFO: 2025-06-30_B.pdf: acciones_cargo_cc_presente: 2 overlapping renders ['0', '0']
[2026-08-04T20:31:43+00:00] INFO: 2025-06-30_B.pdf: saldos: overlap resolved by conservation identity (delta tesoreria 1,500,000)
[2026-08-04T20:31:51+00:00] INFO: 2025-07-04_B.pdf: acciones_circulacion_presente: 2 overlapping renders ['60,437,598,951', '60,438,500,000']
[2026-08-04T20:31:51+00:00] INFO: 2025-07-04_B.pdf: acciones_cargo_cc_presente: 2 overlapping renders ['0', '0']
[2026-08-04T20:31:51+00:00] INFO: 2025-07-04_B.pdf: saldos: overlap resolved by conservation identity (delta tesoreria 901,049)
[2026-08-04T20:32:03+00:00] INFO: 2025-07-11_B.pdf: acciones_circulacion_presente: 2 overlapping renders ['60,423,000,000', '60,425,000,000']
[2026-08-04T20:32:03+00:00] INFO: 2025-07-11_B.pdf: acciones_cargo_cc_presente: 2 overlapping renders ['0', '0']
[2026-08-04T20:32:03+00:00] INFO: 2025-07-11_B.pdf: saldos: overlap resolved by conservation identity (delta tesoreria 2,000,000)
[2026-08-04T20:32:09+00:00] INFO: 2025-07-18_B.pdf: acciones_circulacion_presente: 2 overlapping renders ['60,408,019,627', '60,412,500,000']
[2026-08-04T20:32:09+00:00] INFO: 2025-07-18_B.pdf: acciones_cargo_cc_presente: 2 overlapping renders ['0', '0']
[2026-08-04T20:32:09+00:00] INFO: 2025-07-18_B.pdf: saldos: overlap resolved by conservation identity (delta tesoreria 4,480,373)
[2026-08-04T20:32:15+00:00] INFO: 2025-07-25_B.pdf: acciones_circulacion_presente: 2 overlapping renders ['60,392,500,000', '60,395,000,000']
[2026-08-04T20:32:15+00:00] INFO: 2025-07-25_B.pdf: acciones_cargo_cc_presente: 2 overlapping renders ['0', '0']
[2026-08-04T20:32:15+00:00] INFO: 2025-07-25_B.pdf: saldos: overlap resolved by conservation identity (delta tesoreria 2,500,000)
[2026-08-04T20:32:21+00:00] INFO: 2025-07-31_B.pdf: acciones_circulacion_presente: 2 overlapping renders ['60,384,000,000', '60,385,500,000']
[2026-08-04T20:32:21+00:00] INFO: 2025-07-31_B.pdf: acciones_cargo_cc_presente: 2 overlapping renders ['0', '0']
[2026-08-04T20:32:21+00:00] INFO: 2025-07-31_B.pdf: saldos: overlap resolved by conservation identity (delta tesoreria 1,500,000)
[2026-08-04T20:32:25+00:00] INFO: 2025-08-01_B.pdf: acciones_circulacion_presente: 2 overlapping renders ['60,382,000,000', '60,384,000,000']
[2026-08-04T20:32:25+00:00] INFO: 2025-08-01_B.pdf: acciones_cargo_cc_presente: 2 overlapping renders ['0', '0']
[2026-08-04T20:32:25+00:00] INFO: 2025-08-01_B.pdf: saldos: overlap resolved by conservation identity (delta tesoreria 2,000,000)
[2026-08-04T20:32:31+00:00] INFO: 2025-08-08_B.pdf: acciones_circulacion_presente: 2 overlapping renders ['60,374,500,000', '60,375,500,000']
[2026-08-04T20:32:31+00:00] INFO: 2025-08-08_B.pdf: acciones_cargo_cc_presente: 2 overlapping renders ['0', '0']
[2026-08-04T20:32:31+00:00] INFO: 2025-08-08_B.pdf: saldos: overlap resolved by conservation identity (delta tesoreria 1,000,000)
[2026-08-04T20:32:34+00:00] INFO: 2025-08-15_B.pdf: acciones_circulacion_presente: 2 overlapping renders ['60,372,000,000', '60,372,500,000']
[2026-08-04T20:32:34+00:00] INFO: 2025-08-15_B.pdf: acciones_cargo_cc_presente: 2 overlapping renders ['0', '0']
[2026-08-04T20:32:34+00:00] INFO: 2025-08-15_B.pdf: saldos: overlap resolved by conservation identity (delta tesoreria 500,000)
[2026-08-04T20:32:37+00:00] INFO: 2025-08-22_B.pdf: acciones_circulacion_presente: 2 overlapping renders ['60,368,500,000', '60,369,000,000']
[2026-08-04T20:32:37+00:00] INFO: 2025-08-22_B.pdf: acciones_cargo_cc_presente: 2 overlapping renders ['0', '0']
[2026-08-04T20:32:37+00:00] INFO: 2025-08-22_B.pdf: saldos: overlap resolved by conservation identity (delta tesoreria 500,000)
[2026-08-04T20:32:44+00:00] INFO: 2025-08-29_B.pdf: acciones_circulacion_presente: 2 overlapping renders ['60,356,000,000', '60,358,000,000']
[2026-08-04T20:32:44+00:00] INFO: 2025-08-29_B.pdf: acciones_cargo_cc_presente: 2 overlapping renders ['0', '0']
[2026-08-04T20:32:44+00:00] INFO: 2025-08-29_B.pdf: saldos: overlap resolved by conservation identity (delta tesoreria 2,000,000)
[2026-08-04T20:32:51+00:00] INFO: 2025-09-05_B.pdf: acciones_circulacion_presente: 2 overlapping renders ['60,346,000,000', '60,348,000,000']
[2026-08-04T20:32:51+00:00] INFO: 2025-09-05_B.pdf: acciones_cargo_cc_presente: 2 overlapping renders ['0', '0']
[2026-08-04T20:32:51+00:00] INFO: 2025-09-05_B.pdf: saldos: overlap resolved by conservation identity (delta tesoreria 2,000,000)
[2026-08-04T20:32:56+00:00] INFO: 2025-09-12_B.pdf: acciones_circulacion_presente: 2 overlapping renders ['60,336,000,000', '60,338,000,000']
[2026-08-04T20:32:56+00:00] INFO: 2025-09-12_B.pdf: acciones_cargo_cc_presente: 2 overlapping renders ['0', '0']
[2026-08-04T20:32:56+00:00] INFO: 2025-09-12_B.pdf: saldos: overlap resolved by conservation identity (delta tesoreria 2,000,000)
[2026-08-04T20:33:01+00:00] INFO: 2025-09-19_B.pdf: acciones_circulacion_presente: 2 overlapping renders ['60,330,300,000', '60,332,000,000']
[2026-08-04T20:33:01+00:00] INFO: 2025-09-19_B.pdf: acciones_cargo_cc_presente: 2 overlapping renders ['0', '0']
[2026-08-04T20:33:01+00:00] INFO: 2025-09-19_B.pdf: saldos: overlap resolved by conservation identity (delta tesoreria 1,700,000)
[2026-08-04T20:33:06+00:00] INFO: 2025-09-26_B.pdf: acciones_circulacion_presente: 2 overlapping renders ['60,325,000,000', '60,326,000,000']
[2026-08-04T20:33:06+00:00] INFO: 2025-09-26_B.pdf: acciones_cargo_cc_presente: 2 overlapping renders ['0', '0']
[2026-08-04T20:33:06+00:00] INFO: 2025-09-26_B.pdf: saldos: overlap resolved by conservation identity (delta tesoreria 1,000,000)
[2026-08-04T20:33:13+00:00] INFO: 2025-09-30_B.pdf: acciones_circulacion_presente: 2 overlapping renders ['60,321,750,000', '60,324,000,000']
[2026-08-04T20:33:13+00:00] INFO: 2025-09-30_B.pdf: acciones_cargo_cc_presente: 2 overlapping renders ['0', '0']
[2026-08-04T20:33:13+00:00] INFO: 2025-09-30_B.pdf: saldos: overlap resolved by conservation identity (delta tesoreria 2,250,000)
[2026-08-04T20:33:19+00:00] INFO: 2025-10-03_B.pdf: acciones_circulacion_presente: 2 overlapping renders ['60,318,000,000', '60,319,200,000']
[2026-08-04T20:33:19+00:00] INFO: 2025-10-03_B.pdf: acciones_cargo_cc_presente: 2 overlapping renders ['0', '0']
[2026-08-04T20:33:19+00:00] INFO: 2025-10-03_B.pdf: saldos: overlap resolved by conservation identity (delta tesoreria 1,200,000)
[2026-08-04T20:33:24+00:00] INFO: 2025-10-10_B.pdf: acciones_circulacion_presente: 2 overlapping renders ['60,315,000,000', '60,315,500,000']
[2026-08-04T20:33:24+00:00] INFO: 2025-10-10_B.pdf: acciones_cargo_cc_presente: 2 overlapping renders ['0', '0']
[2026-08-04T20:33:24+00:00] INFO: 2025-10-10_B.pdf: saldos: overlap resolved by conservation identity (delta tesoreria 500,000)
[2026-08-04T20:33:30+00:00] INFO: 2025-10-17_B.pdf: acciones_circulacion_presente: 2 overlapping renders ['60,311,175,000', '60,311,800,000']
[2026-08-04T20:33:30+00:00] INFO: 2025-10-17_B.pdf: acciones_cargo_cc_presente: 2 overlapping renders ['0', '0']
[2026-08-04T20:33:30+00:00] INFO: 2025-10-17_B.pdf: saldos: overlap resolved by conservation identity (delta tesoreria 625,000)
[2026-08-04T20:33:33+00:00] INFO: 2025-10-23_B.pdf: acciones_circulacion_presente: 2 overlapping renders ['60,308,600,000', '60,309,000,000']
[2026-08-04T20:33:33+00:00] INFO: 2025-10-23_B.pdf: acciones_cargo_cc_presente: 2 overlapping renders ['0', '0']
[2026-08-04T20:33:33+00:00] INFO: 2025-10-23_B.pdf: saldos: overlap resolved by conservation identity (delta tesoreria 400,000)
[2026-08-04T20:33:38+00:00] INFO: 2025-10-31_B.pdf: acciones_circulacion_presente: 2 overlapping renders ['60,307,500,000', '60,307,600,000']
[2026-08-04T20:33:38+00:00] INFO: 2025-10-31_B.pdf: acciones_cargo_cc_presente: 2 overlapping renders ['0', '0']
[2026-08-04T20:33:38+00:00] INFO: 2025-10-31_B.pdf: saldos: overlap resolved by conservation identity (delta tesoreria 100,000)
[2026-08-04T20:33:42+00:00] INFO: 2025-11-07_B.pdf: acciones_circulacion_presente: 2 overlapping renders ['60,306,750,000', '60,307,000,000']
[2026-08-04T20:33:42+00:00] INFO: 2025-11-07_B.pdf: acciones_cargo_cc_presente: 2 overlapping renders ['0', '0']
[2026-08-04T20:33:42+00:00] INFO: 2025-11-07_B.pdf: saldos: overlap resolved by conservation identity (delta tesoreria 250,000)
[2026-08-04T20:33:43+00:00] INFO: 2025-11-14_B.pdf: acciones_circulacion_presente: 2 overlapping renders ['60,306,300,000', '60,306,400,000']
[2026-08-04T20:33:43+00:00] INFO: 2025-11-14_B.pdf: acciones_cargo_cc_presente: 2 overlapping renders ['0', '0']
[2026-08-04T20:33:43+00:00] INFO: 2025-11-14_B.pdf: saldos: overlap resolved by conservation identity (delta tesoreria 100,000)
[2026-08-04T20:33:45+00:00] INFO: 2025-11-21_B.pdf: acciones_circulacion_presente: 2 overlapping renders ['60,305,600,000', '60,305,700,000']
[2026-08-04T20:33:45+00:00] INFO: 2025-11-21_B.pdf: acciones_cargo_cc_presente: 2 overlapping renders ['0', '0']
[2026-08-04T20:33:45+00:00] INFO: 2025-11-21_B.pdf: saldos: overlap resolved by conservation identity (delta tesoreria 100,000)
[2026-08-04T20:33:50+00:00] INFO: 2025-11-28_B.pdf: acciones_circulacion_presente: 2 overlapping renders ['60,303,750,000', '60,304,000,000']
[2026-08-04T20:33:50+00:00] INFO: 2025-11-28_B.pdf: acciones_cargo_cc_presente: 2 overlapping renders ['0', '0']
[2026-08-04T20:33:50+00:00] INFO: 2025-11-28_B.pdf: saldos: overlap resolved by conservation identity (delta tesoreria 250,000)
[2026-08-04T20:33:57+00:00] INFO: 2025-12-05_B.pdf: acciones_circulacion_presente: 2 overlapping renders ['60,295,500,000', '60,297,500,000']
[2026-08-04T20:33:57+00:00] INFO: 2025-12-05_B.pdf: acciones_cargo_cc_presente: 2 overlapping renders ['0', '0']
[2026-08-04T20:33:57+00:00] INFO: 2025-12-05_B.pdf: saldos: overlap resolved by conservation identity (delta tesoreria 2,000,000)
[2026-08-04T20:34:00+00:00] INFO: 2025-12-11_B.pdf: acciones_circulacion_presente: 2 overlapping renders ['60,287,000,000', '60,288,000,000']
[2026-08-04T20:34:00+00:00] INFO: 2025-12-11_B.pdf: acciones_cargo_cc_presente: 2 overlapping renders ['0', '0']
[2026-08-04T20:34:00+00:00] INFO: 2025-12-11_B.pdf: saldos: overlap resolved by conservation identity (delta tesoreria 1,000,000)
[2026-08-04T20:34:02+00:00] INFO: 2025-12-19_B.pdf: acciones_circulacion_presente: 2 overlapping renders ['60,280,400,000', '60,281,000,000']
[2026-08-04T20:34:02+00:00] INFO: 2025-12-19_B.pdf: acciones_cargo_cc_presente: 2 overlapping renders ['0', '0']
[2026-08-04T20:34:02+00:00] INFO: 2025-12-19_B.pdf: saldos: overlap resolved by conservation identity (delta tesoreria 600,000)
[2026-08-04T20:34:11+00:00] INFO: 2025-12-26_B.pdf: acciones_circulacion_presente: 2 overlapping renders ['60,273,000,000', '60,275,500,000']
[2026-08-04T20:34:11+00:00] INFO: 2025-12-26_B.pdf: acciones_cargo_cc_presente: 2 overlapping renders ['0', '0']
[2026-08-04T20:34:11+00:00] INFO: 2025-12-26_B.pdf: saldos: overlap resolved by conservation identity (delta tesoreria 2,500,000)
[2026-08-04T20:34:18+00:00] INFO: 2025-12-31_B.pdf: acciones_circulacion_presente: 2 overlapping renders ['60,263,500,000', '60,266,500,000']
[2026-08-04T20:34:18+00:00] INFO: 2025-12-31_B.pdf: acciones_cargo_cc_presente: 2 overlapping renders ['0', '0']
[2026-08-04T20:34:18+00:00] INFO: 2025-12-31_B.pdf: saldos: overlap resolved by conservation identity (delta tesoreria 3,000,000)
[2026-08-04T20:34:24+00:00] INFO: 2026-01-02_B.pdf: acciones_circulacion_presente: 2 overlapping renders ['60,263,400,000', '60,263,500,000']
[2026-08-04T20:34:24+00:00] INFO: 2026-01-02_B.pdf: acciones_cargo_cc_presente: 2 overlapping renders ['0', '0']
[2026-08-04T20:34:24+00:00] INFO: 2026-01-02_B.pdf: saldos: overlap resolved by conservation identity (delta tesoreria 100,000)
[2026-08-04T20:34:34+00:00] INFO: 2026-01-09_B.pdf: acciones_circulacion_presente: 2 overlapping renders ['60,251,000,000', '60,252,750,000']
[2026-08-04T20:34:34+00:00] INFO: 2026-01-09_B.pdf: acciones_cargo_cc_presente: 2 overlapping renders ['0', '0']
[2026-08-04T20:34:34+00:00] INFO: 2026-01-09_B.pdf: saldos: overlap resolved by conservation identity (delta tesoreria 1,750,000)
[2026-08-04T20:34:46+00:00] INFO: 2026-01-16_B.pdf: acciones_circulacion_presente: 2 overlapping renders ['60,242,000,000', '60,242,500,000']
[2026-08-04T20:34:46+00:00] INFO: 2026-01-16_B.pdf: acciones_cargo_cc_presente: 2 overlapping renders ['0', '0']
[2026-08-04T20:34:46+00:00] INFO: 2026-01-16_B.pdf: saldos: overlap resolved by conservation identity (delta tesoreria 500,000)
[2026-08-04T20:34:51+00:00] INFO: 2026-01-23_B.pdf: acciones_circulacion_presente: 2 overlapping renders ['60,240,750,000', '60,241,000,000']
[2026-08-04T20:34:51+00:00] INFO: 2026-01-23_B.pdf: acciones_cargo_cc_presente: 2 overlapping renders ['0', '0']
[2026-08-04T20:34:51+00:00] INFO: 2026-01-23_B.pdf: saldos: overlap resolved by conservation identity (delta tesoreria 250,000)
[2026-08-04T20:35:05+00:00] INFO: 2026-01-30_B.pdf: acciones_circulacion_presente: 2 overlapping renders ['60,238,900,000', '60,239,900,000']
[2026-08-04T20:35:05+00:00] INFO: 2026-01-30_B.pdf: acciones_cargo_cc_presente: 2 overlapping renders ['0', '0']
[2026-08-04T20:35:05+00:00] INFO: 2026-01-30_B.pdf: saldos: overlap resolved by conservation identity (delta tesoreria 1,000,000)
[2026-08-04T20:35:11+00:00] INFO: 2026-02-06_B.pdf: acciones_circulacion_presente: 2 overlapping renders ['60,238,495,000', '60,238,600,000']
[2026-08-04T20:35:11+00:00] INFO: 2026-02-06_B.pdf: acciones_cargo_cc_presente: 2 overlapping renders ['0', '0']
[2026-08-04T20:35:11+00:00] INFO: 2026-02-06_B.pdf: saldos: overlap resolved by conservation identity (delta tesoreria 105,000)
[2026-08-04T20:35:24+00:00] INFO: 2026-02-13_B.pdf: acciones_circulacion_presente: 2 overlapping renders ['60,234,000,000', '60,236,250,000']
[2026-08-04T20:35:24+00:00] INFO: 2026-02-13_B.pdf: acciones_cargo_cc_presente: 2 overlapping renders ['0', '0']
[2026-08-04T20:35:24+00:00] INFO: 2026-02-13_B.pdf: saldos: overlap resolved by conservation identity (delta tesoreria 2,250,000)
[2026-08-04T20:35:35+00:00] INFO: 2026-02-20_B.pdf: acciones_circulacion_presente: 2 overlapping renders ['60,229,500,000', '60,230,500,000']
[2026-08-04T20:35:35+00:00] INFO: 2026-02-20_B.pdf: acciones_cargo_cc_presente: 2 overlapping renders ['0', '0']
[2026-08-04T20:35:35+00:00] INFO: 2026-02-20_B.pdf: saldos: overlap resolved by conservation identity (delta tesoreria 1,000,000)
[2026-08-04T20:35:40+00:00] INFO: 2026-02-27_B.pdf: acciones_circulacion_presente: 2 overlapping renders ['60,225,240,000', '60,225,500,000']
[2026-08-04T20:35:40+00:00] INFO: 2026-02-27_B.pdf: acciones_cargo_cc_presente: 2 overlapping renders ['0', '0']
[2026-08-04T20:35:40+00:00] INFO: 2026-02-27_B.pdf: saldos: overlap resolved by conservation identity (delta tesoreria 260,000)
[2026-08-04T20:35:54+00:00] INFO: 2026-03-06_B.pdf: acciones_circulacion_presente: 2 overlapping renders ['60,218,000,000', '60,220,000,000']
[2026-08-04T20:35:54+00:00] INFO: 2026-03-06_B.pdf: acciones_cargo_cc_presente: 2 overlapping renders ['0', '0']
[2026-08-04T20:35:54+00:00] INFO: 2026-03-06_B.pdf: saldos: overlap resolved by conservation identity (delta tesoreria 2,000,000)
[2026-08-04T20:36:06+00:00] INFO: 2026-03-13_B.pdf: acciones_circulacion_presente: 2 overlapping renders ['60,212,000,000', '60,212,000,000']
[2026-08-04T20:36:06+00:00] INFO: 2026-03-13_B.pdf: acciones_cargo_cc_presente: 2 overlapping renders ['1,000,000', '0']
[2026-08-04T20:36:06+00:00] INFO: 2026-03-13_B.pdf: saldos: overlap resolved by conservation identity (delta tesoreria 0)
[2026-08-04T20:36:15+00:00] INFO: 2026-03-20_B.pdf: acciones_circulacion_presente: 2 overlapping renders ['60,204,000,000', '60,208,390,000']
[2026-08-04T20:36:15+00:00] INFO: 2026-03-20_B.pdf: acciones_cargo_cc_presente: 2 overlapping renders ['0', '0']
[2026-08-04T20:36:15+00:00] INFO: 2026-03-20_B.pdf: saldos: overlap resolved by conservation identity (delta tesoreria 4,390,000)
[2026-08-04T20:36:24+00:00] INFO: 2026-03-27_B.pdf: acciones_circulacion_presente: 2 overlapping renders ['60,197,250,000', '60,199,500,000']
[2026-08-04T20:36:24+00:00] INFO: 2026-03-27_B.pdf: acciones_cargo_cc_presente: 2 overlapping renders ['0', '0']
[2026-08-04T20:36:24+00:00] INFO: 2026-03-27_B.pdf: saldos: overlap resolved by conservation identity (delta tesoreria 2,250,000)
[2026-08-04T20:36:30+00:00] INFO: 2026-03-31_B.pdf: acciones_circulacion_presente: 2 overlapping renders ['60,195,000,000', '60,196,250,000']
[2026-08-04T20:36:30+00:00] INFO: 2026-03-31_B.pdf: acciones_cargo_cc_presente: 2 overlapping renders ['0', '0']
[2026-08-04T20:36:30+00:00] INFO: 2026-03-31_B.pdf: saldos: overlap resolved by conservation identity (delta tesoreria 1,250,000)
[2026-08-04T20:36:36+00:00] INFO: 2026-04-01_B.pdf: acciones_circulacion_presente: 2 overlapping renders ['60,194,000,000', '60,195,000,000']
[2026-08-04T20:36:36+00:00] INFO: 2026-04-01_B.pdf: acciones_cargo_cc_presente: 2 overlapping renders ['0', '0']
[2026-08-04T20:36:36+00:00] INFO: 2026-04-01_B.pdf: saldos: overlap resolved by conservation identity (delta tesoreria 1,000,000)
[2026-08-04T20:36:44+00:00] INFO: 2026-04-10_B.pdf: acciones_circulacion_presente: 2 overlapping renders ['60,187,500,000', '60,188,800,000']
[2026-08-04T20:36:44+00:00] INFO: 2026-04-10_B.pdf: acciones_cargo_cc_presente: 2 overlapping renders ['0', '0']
[2026-08-04T20:36:44+00:00] INFO: 2026-04-10_B.pdf: saldos: overlap resolved by conservation identity (delta tesoreria 1,300,000)
[2026-08-04T20:36:49+00:00] INFO: 2026-04-17_B.pdf: acciones_circulacion_presente: 2 overlapping renders ['60,176,800,000', '60,178,500,000']
[2026-08-04T20:36:49+00:00] INFO: 2026-04-17_B.pdf: acciones_cargo_cc_presente: 2 overlapping renders ['0', '0']
[2026-08-04T20:36:49+00:00] INFO: 2026-04-17_B.pdf: saldos: overlap resolved by conservation identity (delta tesoreria 1,700,000)
[2026-08-04T20:36:53+00:00] INFO: 2026-04-20_B.pdf: acciones_circulacion_presente: 2 overlapping renders ['60,175,800,000', '60,176,800,000']
[2026-08-04T20:36:54+00:00] INFO: 2026-04-20_B.pdf: acciones_cargo_cc_presente: 2 overlapping renders ['0', '0']
[2026-08-04T20:36:54+00:00] INFO: 2026-04-20_B.pdf: saldos: overlap resolved by conservation identity (delta tesoreria 1,000,000)
[2026-08-04T20:37:10+00:00] INFO: 2026-04-21_B.pdf: acciones_circulacion_presente: 2 overlapping renders ['60,174,000,000', '60,175,800,000']
[2026-08-04T20:37:10+00:00] INFO: 2026-04-21_B.pdf: acciones_cargo_cc_presente: 2 overlapping renders ['0', '0']
[2026-08-04T20:37:10+00:00] INFO: 2026-04-21_B.pdf: saldos: overlap resolved by conservation identity (delta tesoreria 1,800,000)
[2026-08-04T20:37:21+00:00] INFO: 2026-04-22_B.pdf: acciones_circulacion_presente: 2 overlapping renders ['60,170,000,000', '60,174,000,000']
[2026-08-04T20:37:21+00:00] INFO: 2026-04-22_B.pdf: acciones_cargo_cc_presente: 2 overlapping renders ['0', '0']
[2026-08-04T20:37:21+00:00] INFO: 2026-04-22_B.pdf: saldos: overlap resolved by conservation identity (delta tesoreria 4,000,000)
[2026-08-04T20:37:28+00:00] INFO: 2026-04-23_B.pdf: acciones_circulacion_presente: 2 overlapping renders ['60,168,000,000', '60,170,000,000']
[2026-08-04T20:37:28+00:00] INFO: 2026-04-23_B.pdf: acciones_cargo_cc_presente: 2 overlapping renders ['0', '0']
[2026-08-04T20:37:28+00:00] INFO: 2026-04-23_B.pdf: saldos: overlap resolved by conservation identity (delta tesoreria 2,000,000)
[2026-08-04T20:37:34+00:00] INFO: 2026-04-24_B.pdf: acciones_circulacion_presente: 2 overlapping renders ['60,167,500,000', '60,168,000,000']
[2026-08-04T20:37:34+00:00] INFO: 2026-04-24_B.pdf: acciones_cargo_cc_presente: 2 overlapping renders ['0', '0']
[2026-08-04T20:37:34+00:00] INFO: 2026-04-24_B.pdf: saldos: overlap resolved by conservation identity (delta tesoreria 500,000)
[2026-08-04T20:37:46+00:00] INFO: 2026-04-30_B.pdf: acciones_circulacion_presente: 2 overlapping renders ['60,155,500,000', '60,158,000,000']
[2026-08-04T20:37:46+00:00] INFO: 2026-04-30_B.pdf: acciones_cargo_cc_presente: 2 overlapping renders ['0', '0']
[2026-08-04T20:37:46+00:00] INFO: 2026-04-30_B.pdf: saldos: overlap resolved by conservation identity (delta tesoreria 2,500,000)
[2026-08-04T20:37:56+00:00] INFO: 2026-05-08_B.pdf: acciones_circulacion_presente: 2 overlapping renders ['60,149,000,000', '60,150,000,000']
[2026-08-04T20:37:56+00:00] INFO: 2026-05-08_B.pdf: acciones_cargo_cc_presente: 2 overlapping renders ['0', '0']
[2026-08-04T20:37:56+00:00] INFO: 2026-05-08_B.pdf: saldos: overlap resolved by conservation identity (delta tesoreria 1,000,000)
[2026-08-04T20:37:59+00:00] INFO: 2026-05-15_B.pdf: acciones_circulacion_presente: 2 overlapping renders ['60,136,000,000', '60,141,000,000']
[2026-08-04T20:37:59+00:00] INFO: 2026-05-15_B.pdf: acciones_cargo_cc_presente: 2 overlapping renders ['0', '0']
[2026-08-04T20:37:59+00:00] INFO: 2026-05-15_B.pdf: saldos: overlap resolved by conservation identity (delta tesoreria 5,000,000)
[2026-08-04T20:37:59+00:00] INFO: 2026-05-22_B.pdf: acciones_circulacion_presente: 2 overlapping renders ['60,116,500,000', '60,120,500,000']
[2026-08-04T20:37:59+00:00] INFO: 2026-05-22_B.pdf: acciones_cargo_cc_presente: 2 overlapping renders ['0', '0']
[2026-08-04T20:37:59+00:00] INFO: 2026-05-22_B.pdf: saldos: overlap resolved by conservation identity (delta tesoreria 4,000,000)
[2026-08-04T20:37:59+00:00] INFO: 2026-05-29_B.pdf: acciones_circulacion_presente: 2 overlapping renders ['60,084,650,000', '60,107,500,000']
[2026-08-04T20:37:59+00:00] INFO: 2026-05-29_B.pdf: acciones_cargo_cc_presente: 2 overlapping renders ['0', '0']
[2026-08-04T20:37:59+00:00] INFO: 2026-05-29_B.pdf: saldos: overlap resolved by conservation identity (delta tesoreria 22,850,000)
[2026-08-04T20:38:00+00:00] INFO: 2026-06-05_B.pdf: acciones_circulacion_presente: 2 overlapping renders ['60,073,000,000', '60,074,000,000']
[2026-08-04T20:38:00+00:00] INFO: 2026-06-05_B.pdf: acciones_cargo_cc_presente: 2 overlapping renders ['0', '0']
[2026-08-04T20:38:00+00:00] INFO: 2026-06-05_B.pdf: saldos: overlap resolved by conservation identity (delta tesoreria 1,000,000)
[2026-08-04T20:38:00+00:00] INFO: 2026-06-12_B.pdf: acciones_circulacion_presente: 2 overlapping renders ['60,071,000,000', '60,071,570,000']
[2026-08-04T20:38:00+00:00] INFO: 2026-06-12_B.pdf: acciones_cargo_cc_presente: 2 overlapping renders ['0', '0']
[2026-08-04T20:38:00+00:00] INFO: 2026-06-12_B.pdf: saldos: overlap resolved by conservation identity (delta tesoreria 570,000)
[2026-08-04T20:38:00+00:00] INFO: 2026-06-19_B.pdf: acciones_circulacion_presente: 2 overlapping renders ['60,063,500,000', '60,064,000,000']
[2026-08-04T20:38:00+00:00] INFO: 2026-06-19_B.pdf: acciones_cargo_cc_presente: 2 overlapping renders ['0', '0']
[2026-08-04T20:38:00+00:00] INFO: 2026-06-19_B.pdf: saldos: overlap resolved by conservation identity (delta tesoreria 500,000)
[2026-08-04T20:38:01+00:00] INFO: 2026-06-26_B.pdf: acciones_circulacion_presente: 2 overlapping renders ['60,058,000,000', '60,058,500,000']
[2026-08-04T20:38:01+00:00] INFO: 2026-06-26_B.pdf: acciones_cargo_cc_presente: 2 overlapping renders ['0', '0']
[2026-08-04T20:38:01+00:00] INFO: 2026-06-26_B.pdf: saldos: overlap resolved by conservation identity (delta tesoreria 500,000)
[2026-08-04T20:38:01+00:00] INFO: 2026-06-30_B.pdf: acciones_circulacion_presente: 2 overlapping renders ['60,054,500,000', '60,057,818,857']
[2026-08-04T20:38:01+00:00] INFO: 2026-06-30_B.pdf: acciones_cargo_cc_presente: 2 overlapping renders ['0', '0']
[2026-08-04T20:38:01+00:00] INFO: 2026-06-30_B.pdf: saldos: overlap resolved by conservation identity (delta tesoreria 3,318,857)
[2026-08-04T20:38:02+00:00] INFO: 2026-07-03_B.pdf: acciones_circulacion_presente: 2 overlapping renders ['60,052,000,000', '60,052,500,000']
[2026-08-04T20:38:02+00:00] INFO: 2026-07-03_B.pdf: acciones_cargo_cc_presente: 2 overlapping renders ['0', '0']
[2026-08-04T20:38:02+00:00] INFO: 2026-07-03_B.pdf: saldos: overlap resolved by conservation identity (delta tesoreria 500,000)
[2026-08-04T20:38:02+00:00] INFO: 2026-07-10_B.pdf: acciones_circulacion_presente: 2 overlapping renders ['60,039,000,000', '60,040,500,000']
[2026-08-04T20:38:02+00:00] INFO: 2026-07-10_B.pdf: acciones_cargo_cc_presente: 2 overlapping renders ['0', '0']
[2026-08-04T20:38:02+00:00] INFO: 2026-07-10_B.pdf: saldos: overlap resolved by conservation identity (delta tesoreria 1,500,000)
[2026-08-04T20:38:02+00:00] INFO: 2026-07-17_B.pdf: acciones_circulacion_presente: 2 overlapping renders ['60,030,000,000', '60,031,500,000']
[2026-08-04T20:38:02+00:00] INFO: 2026-07-17_B.pdf: acciones_cargo_cc_presente: 2 overlapping renders ['0', '0']
[2026-08-04T20:38:02+00:00] INFO: 2026-07-17_B.pdf: saldos: overlap resolved by conservation identity (delta tesoreria 1,500,000)
[2026-08-04T20:38:03+00:00] INFO: 2026-07-24_B.pdf: acciones_circulacion_presente: 2 overlapping renders ['60,020,500,000', '60,022,000,000']
[2026-08-04T20:38:03+00:00] INFO: 2026-07-24_B.pdf: acciones_cargo_cc_presente: 2 overlapping renders ['0', '0']
[2026-08-04T20:38:03+00:00] INFO: 2026-07-24_B.pdf: saldos: overlap resolved by conservation identity (delta tesoreria 1,500,000)
[2026-08-04T20:38:03+00:00] INFO: 2026-07-31_B.pdf: acciones_circulacion_presente: 2 overlapping renders ['59,993,000,000', '59,996,000,000']
[2026-08-04T20:38:03+00:00] INFO: 2026-07-31_B.pdf: acciones_cargo_cc_presente: 2 overlapping renders ['0', '0']
[2026-08-04T20:38:03+00:00] INFO: 2026-07-31_B.pdf: saldos: overlap resolved by conservation identity (delta tesoreria 3,000,000)
[2026-08-04T20:38:04+00:00] INFO: 2026-08-03_B.pdf: acciones_circulacion_presente: 2 overlapping renders ['59,985,000,000', '59,993,000,000']
[2026-08-04T20:38:04+00:00] INFO: 2026-08-03_B.pdf: acciones_cargo_cc_presente: 2 overlapping renders ['0', '0']
[2026-08-04T20:38:04+00:00] INFO: 2026-08-03_B.pdf: saldos: overlap resolved by conservation identity (delta tesoreria 8,000,000)
[2026-08-04T20:38:04+00:00] INFO: parse: 492 report-series parsed, 453 appended, 0 unparsed
[2026-08-04T20:38:04+00:00] INFO: backfill complete in 27m42s: 259 PDFs downloaded, 453 ledger rows added, 0 unparsed, 0 download failures
