report_date,published_at,asunto,pdf_url,doc_id
2021-08-04,2021-08-04T16:55,Recompras,https://www.bmv.com.mx/docs-pub/recompra/recompra_1119793_1.pdf,1119793
2021-08-05,2021-08-05T16:51,Recompras,https://www.bmv.com.mx/docs-pub/recompra/recompra_1120034_1.pdf,1120034
2021-08-06,2021-08-06T15:57,Recompras,https://www.bmv.com.mx/docs-pub/recompra/recompra_1120337_1.pdf,1120337
2021-08-09,2021-08-09T16:58,Recompras,https://www.bmv.com.mx/docs-pub/recompra/recompra_1120558_1.pdf,1120558
2021-08-10,2021-08-10T16:50,Recompras,https://www.bmv.com.mx/docs-pub/recompra/recompra_1120849_1.pdf,1120849
2021-08-11,2021-08-11T16:32,Recompras,https://www.bmv.com.mx/docs-pub/recompra/recompra_1121088_1.pdf,1121088
2021-08-12,2021-08-12T17:15,Recompras,https://www.bmv.com.mx/docs-pub/recompra/recompra_1121373_1.pdf,1121373
2021-08-13,2021-08-13T17:31,Recompras,https://www.bmv.com.mx/docs-pub/recompra/recompra_1121661_1.pdf,1121661
2021-08-16,2021-08-16T17:43,Recompras,https://www.bmv.com.mx/docs-pub/recompra/recompra_1121963_1.pdf,1121963
2021-08-17,2021-08-17T16:52,Recompras,https://www.bmv.com.mx/docs-pub/recompra/recompra_1122196_1.pdf,1122196
2021-08-18,2021-08-18T16:45,Recompras,https://www.bmv.com.mx/docs-pub/recompra/recompra_1122447_1.pdf,1122447
2021-08-19,2021-08-19T17:24,Recompras,https://www.bmv.com.mx/docs-pub/recompra/recompra_1122757_1.pdf,1122757
2021-08-20,2021-08-20T17:16,Recompras,https://www.bmv.com.mx/docs-pub/recompra/recompra_1123078_1.pdf,1123078
2021-08-23,2021-08-23T16:48,Recompras,https://www.bmv.com.mx/docs-pub/recompra/recompra_1123303_1.pdf,1123303
2021-08-24,2021-08-24T16:58,Recompras,https://www.bmv.com.mx/docs-pub/recompra/recompra_1123608_1.pdf,1123608
2021-08-25,2021-08-25T17:09,Recompras,https://www.bmv.com.mx/docs-pub/recompra/recompra_1123976_1.pdf,1123976
2021-08-26,2021-08-26T16:27,Recompras,https://www.bmv.com.mx/docs-pub/recompra/recompra_1124248_1.pdf,1124248
2021-08-27,2021-08-27T17:55,Recompras,https://www.bmv.com.mx/docs-pub/recompra/recompra_1124530_1.pdf,1124530
2021-08-30,2021-08-30T16:44,Recompras,https://www.bmv.com.mx/docs-pub/recompra/recompra_1124789_1.pdf,1124789
2021-08-31,2021-08-31T17:20,Recompras,https://www.bmv.com.mx/docs-pub/recompra/recompra_1125162_1.pdf,1125162
2021-09-01,2021-09-01T17:38,Recompras,https://www.bmv.com.mx/docs-pub/recompra/recompra_1125686_1.pdf,1125686
2021-09-02,2021-09-02T17:26,Recompras,https://www.bmv.com.mx/docs-pub/recompra/recompra_1125893_1.pdf,1125893
2021-09-03,2021-09-03T17:24,Recompras,https://www.bmv.com.mx/docs-pub/recompra/recompra_1126238_1.pdf,1126238
2021-09-06,2021-09-06T17:21,Recompras,https://www.bmv.com.mx/docs-pub/recompra/recompra_1126464_1.pdf,1126464
2021-09-07,2021-09-07T16:27,Recompras,https://www.bmv.com.mx/docs-pub/recompra/recompra_1126702_1.pdf,1126702
2021-09-08,2021-09-08T16:39,Recompras,https://www.bmv.com.mx/docs-pub/recompra/recompra_1127016_1.pdf,1127016
2021-09-09,2021-09-09T16:52,Recompras,https://www.bmv.com.mx/docs-pub/recompra/recompra_1127283_1.pdf,1127283
2021-09-10,2021-09-10T17:03,Recompras,https://www.bmv.com.mx/docs-pub/recompra/recompra_1127582_1.pdf,1127582
2021-09-13,2021-09-13T17:17,Recompras,https://www.bmv.com.mx/docs-pub/recompra/recompra_1127859_1.pdf,1127859
2021-09-14,2021-09-14T16:30,Recompras,https://www.bmv.com.mx/docs-pub/recompra/recompra_1128103_1.pdf,1128103
2021-09-15,2021-09-15T17:11,Recompras,https://www.bmv.com.mx/docs-pub/recompra/recompra_1128429_1.pdf,1128429
2021-09-17,2021-09-17T17:09,Recompras,https://www.bmv.com.mx/docs-pub/recompra/recompra_1128780_1.pdf,1128780
2021-09-20,2021-09-20T16:54,Recompras,https://www.bmv.com.mx/docs-pub/recompra/recompra_1129128_1.pdf,1129128
2021-09-21,2021-09-21T16:39,Recompras,https://www.bmv.com.mx/docs-pub/recompra/recompra_1129548_1.pdf,1129548
2021-09-22,2021-09-22T16:57,Recompras,https://www.bmv.com.mx/docs-pub/recompra/recompra_1129929_1.pdf,1129929
2021-09-23,2021-09-23T17:37,Recompras,https://www.bmv.com.mx/docs-pub/recompra/recompra_1130280_1.pdf,1130280
2021-09-24,2021-09-24T17:03,Recompras,https://www.bmv.com.mx/docs-pub/recompra/recompra_1130678_1.pdf,1130678
2021-09-27,2021-09-27T17:22,Recompras,https://www.bmv.com.mx/docs-pub/recompra/recompra_1130901_1.pdf,1130901
2021-09-28,2021-09-28T16:57,Recompras,https://www.bmv.com.mx/docs-pub/recompra/recompra_1131162_1.pdf,1131162
2021-09-29,2021-09-29T17:03,Recompras,https://www.bmv.com.mx/docs-pub/recompra/recompra_1131453_1.pdf,1131453
2021-09-30,2021-09-30T17:01,Recompras,https://www.bmv.com.mx/docs-pub/recompra/recompra_1131710_1.pdf,1131710
2021-10-01,2021-10-01T17:43,Recompras,https://www.bmv.com.mx/docs-pub/recompra/recompra_1132163_1.pdf,1132163
2021-10-04,2021-10-04T17:13,Recompras,https://www.bmv.com.mx/docs-pub/recompra/recompra_1132478_1.pdf,1132478
2021-10-05,2021-10-05T17:43,Recompras,https://www.bmv.com.mx/docs-pub/recompra/recompra_1132825_1.pdf,1132825
2021-10-06,2021-10-06T17:21,Recompras,https://www.bmv.com.mx/docs-pub/recompra/recompra_1133116_1.pdf,1133116
2021-10-07,2021-10-07T17:53,Recompras,https://www.bmv.com.mx/docs-pub/recompra/recompra_1133421_1.pdf,1133421
2021-10-08,2021-10-08T16:56,Recompras,https://www.bmv.com.mx/docs-pub/recompra/recompra_1133603_1.pdf,1133603
2021-10-11,2021-10-11T17:13,Recompras,https://www.bmv.com.mx/docs-pub/recompra/recompra_1133823_1.pdf,1133823
2021-10-12,2021-10-12T16:57,Recompras,https://www.bmv.com.mx/docs-pub/recompra/recompra_1134067_1.pdf,1134067
2021-10-13,2021-10-13T17:22,Recompras,https://www.bmv.com.mx/docs-pub/recompra/recompra_1134277_1.pdf,1134277
2021-10-14,2021-10-14T16:42,Recompras,https://www.bmv.com.mx/docs-pub/recompra/recompra_1134511_1.pdf,1134511
2021-10-15,2021-10-15T17:14,Recompras,https://www.bmv.com.mx/docs-pub/recompra/recompra_1134740_1.pdf,1134740
2021-10-18,2021-10-18T17:02,Recompras,https://www.bmv.com.mx/docs-pub/recompra/recompra_1134956_1.pdf,1134956
2021-10-19,2021-10-19T17:38,Recompras,https://www.bmv.com.mx/docs-pub/recompra/recompra_1135235_1.pdf,1135235
2021-10-20,2021-10-20T17:43,Recompras,https://www.bmv.com.mx/docs-pub/recompra/recompra_1135623_1.pdf,1135623
2021-10-21,2021-10-21T16:51,Recompras,https://www.bmv.com.mx/docs-pub/recompra/recompra_1135968_1.pdf,1135968
2021-10-22,2021-10-22T17:40,Recompras,https://www.bmv.com.mx/docs-pub/recompra/recompra_1136267_1.pdf,1136267
2021-10-25,2021-10-25T17:12,Recompras,https://www.bmv.com.mx/docs-pub/recompra/recompra_1136574_1.pdf,1136574
2021-10-26,2021-10-26T16:40,Recompras,https://www.bmv.com.mx/docs-pub/recompra/recompra_1136878_1.pdf,1136878
2021-10-27,2021-10-27T17:28,Recompras,https://www.bmv.com.mx/docs-pub/recompra/recompra_1137519_1.pdf,1137519
2021-10-28,2021-10-28T17:42,Recompras,https://www.bmv.com.mx/docs-pub/recompra/recompra_1138297_1.pdf,1138297
2021-10-29,2021-10-29T17:03,Recompras,https://www.bmv.com.mx/docs-pub/recompra/recompra_1138688_1.pdf,1138688
2021-11-01,2021-11-01T17:22,Recompras,https://www.bmv.com.mx/docs-pub/recompra/recompra_1139121_1.pdf,1139121
2021-11-03,2021-11-03T17:14,Recompras,https://www.bmv.com.mx/docs-pub/recompra/recompra_1139469_1.pdf,1139469
2021-11-04,2021-11-04T17:22,Recompras,https://www.bmv.com.mx/docs-pub/recompra/recompra_1139795_1.pdf,1139795
2021-11-05,2021-11-05T16:34,Recompras,https://www.bmv.com.mx/docs-pub/recompra/recompra_1140130_1.pdf,1140130
2021-11-08,2021-11-08T17:25,Recompras,https://www.bmv.com.mx/docs-pub/recompra/recompra_1140466_1.pdf,1140466
2021-11-09,2021-11-09T17:52,Recompras,https://www.bmv.com.mx/docs-pub/recompra/recompra_1140766_1.pdf,1140766
2021-11-10,2021-11-10T17:54,Recompras,https://www.bmv.com.mx/docs-pub/recompra/recompra_1141030_1.pdf,1141030
2021-11-11,2021-11-11T17:22,Recompras,https://www.bmv.com.mx/docs-pub/recompra/recompra_1141312_1.pdf,1141312
2021-11-12,2021-11-12T17:03,Recompras,https://www.bmv.com.mx/docs-pub/recompra/recompra_1141658_1.pdf,1141658
2021-11-16,2021-11-16T17:40,Recompras,https://www.bmv.com.mx/docs-pub/recompra/recompra_1141990_1.pdf,1141990
2021-11-17,2021-11-17T17:15,Recompras,https://www.bmv.com.mx/docs-pub/recompra/recompra_1142271_1.pdf,1142271
2021-11-18,2021-11-18T17:52,Recompras,https://www.bmv.com.mx/docs-pub/recompra/recompra_1142737_1.pdf,1142737
2021-11-19,2021-11-19T17:35,Recompras,https://www.bmv.com.mx/docs-pub/recompra/recompra_1143051_1.pdf,1143051
2021-11-22,2021-11-22T18:51,Recompras,https://www.bmv.com.mx/docs-pub/recompra/recompra_1143381_1.pdf,1143381
2021-11-23,2021-11-23T17:45,Recompras,https://www.bmv.com.mx/docs-pub/recompra/recompra_1143748_1.pdf,1143748
2021-11-24,2021-11-24T17:19,Recompras,https://www.bmv.com.mx/docs-pub/recompra/recompra_1144018_1.pdf,1144018
2021-11-25,2021-11-25T17:09,Recompras,https://www.bmv.com.mx/docs-pub/recompra/recompra_1144355_1.pdf,1144355
2021-11-26,2021-11-26T17:53,Recompras,https://www.bmv.com.mx/docs-pub/recompra/recompra_1144627_1.pdf,1144627
2021-11-29,2021-11-29T16:55,Recompras,https://www.bmv.com.mx/docs-pub/recompra/recompra_1144851_1.pdf,1144851
2021-11-30,2021-11-30T18:53,Recompras,https://www.bmv.com.mx/docs-pub/recompra/recompra_1145216_1.pdf,1145216
2021-12-01,2021-12-01T19:42,Recompras,https://www.bmv.com.mx/docs-pub/recompra/recompra_1145685_1.pdf,1145685
2021-12-02,2021-12-02T20:24,Recompras,https://www.bmv.com.mx/docs-pub/recompra/recompra_1146137_1.pdf,1146137
2021-12-03,2021-12-03T17:37,Recompras,https://www.bmv.com.mx/docs-pub/recompra/recompra_1146484_1.pdf,1146484
2021-12-06,2021-12-06T16:48,Recompras,https://www.bmv.com.mx/docs-pub/recompra/recompra_1146718_1.pdf,1146718
2021-12-07,2021-12-07T17:09,Recompras,https://www.bmv.com.mx/docs-pub/recompra/recompra_1147016_1.pdf,1147016
2021-12-08,2021-12-08T17:54,Recompras,https://www.bmv.com.mx/docs-pub/recompra/recompra_1147398_1.pdf,1147398
2021-12-09,2021-12-09T17:12,Recompras,https://www.bmv.com.mx/docs-pub/recompra/recompra_1147825_1.pdf,1147825
2021-12-10,2021-12-10T16:41,Recompras,https://www.bmv.com.mx/docs-pub/recompra/recompra_1148287_1.pdf,1148287
2021-12-13,2021-12-13T17:37,Recompras,https://www.bmv.com.mx/docs-pub/recompra/recompra_1148969_1.pdf,1148969
2021-12-14,2021-12-14T17:41,Recompras,https://www.bmv.com.mx/docs-pub/recompra/recompra_1149551_1.pdf,1149551
2021-12-15,2021-12-15T16:41,Recompras,https://www.bmv.com.mx/docs-pub/recompra/recompra_1150064_1.pdf,1150064
2021-12-16,2021-12-16T17:10,Recompras,https://www.bmv.com.mx/docs-pub/recompra/recompra_1150474_1.pdf,1150474
2021-12-17,2021-12-17T17:20,Recompras,https://www.bmv.com.mx/docs-pub/recompra/recompra_1151107_1.pdf,1151107
2021-12-20,2021-12-20T18:57,Recompras,https://www.bmv.com.mx/docs-pub/recompra/recompra_1151552_1.pdf,1151552
2021-12-21,2021-12-21T16:09,Recompras,https://www.bmv.com.mx/docs-pub/recompra/recompra_1151813_1.pdf,1151813
2021-12-22,2021-12-22T16:34,Recompras,https://www.bmv.com.mx/docs-pub/recompra/recompra_1152143_1.pdf,1152143
2021-12-23,2021-12-23T16:25,Recompras,https://www.bmv.com.mx/docs-pub/recompra/recompra_1152560_1.pdf,1152560
2021-12-24,2021-12-24T16:13,Recompras,https://www.bmv.com.mx/docs-pub/recompra/recompra_1152874_1.pdf,1152874
2021-12-27,2021-12-27T17:23,Recompras,https://www.bmv.com.mx/docs-pub/recompra/recompra_1153121_1.pdf,1153121
2021-12-28,2021-12-28T17:04,Recompras,https://www.bmv.com.mx/docs-pub/recompra/recompra_1153357_1.pdf,1153357
2021-12-29,2021-12-29T16:42,Recompras,https://www.bmv.com.mx/docs-pub/recompra/recompra_1153643_1.pdf,1153643
2021-12-30,2021-12-30T17:08,Recompras,https://www.bmv.com.mx/docs-pub/recompra/recompra_1154230_1.pdf,1154230
2021-12-31,2021-12-31T16:12,Recompras,https://www.bmv.com.mx/docs-pub/recompra/recompra_1154477_1.pdf,1154477
2022-01-04,2022-01-04T16:40,Recompras,https://www.bmv.com.mx/docs-pub/recompra/recompra_1154895_1.pdf,1154895
2022-01-04,2022-01-04T17:09,Recompras,https://www.bmv.com.mx/docs-pub/recompra/recompra_1154905_1.pdf,1154905
2022-01-05,2022-01-05T16:37,Recompras,https://www.bmv.com.mx/docs-pub/recompra/recompra_1155274_1.pdf,1155274
2022-01-06,2022-01-06T17:27,Recompras,https://www.bmv.com.mx/docs-pub/recompra/recompra_1155544_1.pdf,1155544
2022-01-07,2022-01-07T17:36,Recompras,https://www.bmv.com.mx/docs-pub/recompra/recompra_1155917_1.pdf,1155917
2022-01-10,2022-01-10T16:24,Recompras,https://www.bmv.com.mx/docs-pub/recompra/recompra_1156297_1.pdf,1156297
2022-01-11,2022-01-11T16:51,Recompras,https://www.bmv.com.mx/docs-pub/recompra/recompra_1156692_1.pdf,1156692
2022-01-12,2022-01-12T16:12,Recompras,https://www.bmv.com.mx/docs-pub/recompra/recompra_1156930_1.pdf,1156930
2022-01-13,2022-01-13T16:24,Recompras,https://www.bmv.com.mx/docs-pub/recompra/recompra_1157464_1.pdf,1157464
2022-01-14,2022-01-14T17:03,Recompras,https://www.bmv.com.mx/docs-pub/recompra/recompra_1157784_1.pdf,1157784
2022-01-17,2022-01-17T17:03,Recompras,https://www.bmv.com.mx/docs-pub/recompra/recompra_1158186_1.pdf,1158186
2022-01-18,2022-01-18T16:19,Recompras,https://www.bmv.com.mx/docs-pub/recompra/recompra_1158688_1.pdf,1158688
2022-01-19,2022-01-19T17:34,Recompras,https://www.bmv.com.mx/docs-pub/recompra/recompra_1159010_1.pdf,1159010
2022-01-20,2022-01-20T16:56,Recompras,https://www.bmv.com.mx/docs-pub/recompra/recompra_1159285_1.pdf,1159285
2022-01-21,2022-01-21T17:17,Recompras,https://www.bmv.com.mx/docs-pub/recompra/recompra_1159700_1.pdf,1159700
2022-01-24,2022-01-24T17:07,Recompras,https://www.bmv.com.mx/docs-pub/recompra/recompra_1159923_1.pdf,1159923
2022-01-25,2022-01-25T18:03,Recompras,https://www.bmv.com.mx/docs-pub/recompra/recompra_1160297_1.pdf,1160297
2022-01-26,2022-01-26T17:32,Recompras,https://www.bmv.com.mx/docs-pub/recompra/recompra_1160694_1.pdf,1160694
2022-01-27,2022-01-27T17:17,Recompras,https://www.bmv.com.mx/docs-pub/recompra/recompra_1160968_1.pdf,1160968
2022-01-28,2022-01-28T17:06,Recompras,https://www.bmv.com.mx/docs-pub/recompra/recompra_1161355_1.pdf,1161355
2022-01-31,2022-01-31T16:58,Recompras,https://www.bmv.com.mx/docs-pub/recompra/recompra_1161566_1.pdf,1161566
2022-02-01,2022-02-01T17:43,Recompras,https://www.bmv.com.mx/docs-pub/recompra/recompra_1162147_1.pdf,1162147
2022-02-02,2022-02-02T17:04,Recompras,https://www.bmv.com.mx/docs-pub/recompra/recompra_1162464_1.pdf,1162464
2022-02-03,2022-02-03T16:55,Recompras,https://www.bmv.com.mx/docs-pub/recompra/recompra_1162946_1.pdf,1162946
2022-02-04,2022-02-04T17:17,Recompras,https://www.bmv.com.mx/docs-pub/recompra/recompra_1163336_1.pdf,1163336
2022-02-08,2022-02-08T17:12,Recompras,https://www.bmv.com.mx/docs-pub/recompra/recompra_1163718_1.pdf,1163718
2022-02-09,2022-02-09T16:55,Recompras,https://www.bmv.com.mx/docs-pub/recompra/recompra_1163987_1.pdf,1163987
2022-02-10,2022-02-10T16:46,Recompras,https://www.bmv.com.mx/docs-pub/recompra/recompra_1164247_1.pdf,1164247
2022-02-11,2022-02-11T16:21,Recompras,https://www.bmv.com.mx/docs-pub/recompra/recompra_1164510_1.pdf,1164510
2022-02-14,2022-02-14T16:42,Recompras,https://www.bmv.com.mx/docs-pub/recompra/recompra_1164727_1.pdf,1164727
2022-02-15,2022-02-15T17:14,Recompras,https://www.bmv.com.mx/docs-pub/recompra/recompra_1165001_1.pdf,1165001
2022-02-16,2022-02-16T17:18,Recompras,https://www.bmv.com.mx/docs-pub/recompra/recompra_1165325_1.pdf,1165325
2022-02-17,2022-02-17T17:08,Recompras,https://www.bmv.com.mx/docs-pub/recompra/recompra_1165625_1.pdf,1165625
2022-02-18,2022-02-18T17:31,Recompras,https://www.bmv.com.mx/docs-pub/recompra/recompra_1165920_1.pdf,1165920
2022-02-21,2022-02-21T16:12,Recompras,https://www.bmv.com.mx/docs-pub/recompra/recompra_1166176_1.pdf,1166176
2022-02-22,2022-02-22T16:35,Recompras,https://www.bmv.com.mx/docs-pub/recompra/recompra_1166465_1.pdf,1166465
2022-02-23,2022-02-23T17:23,Recompras,https://www.bmv.com.mx/docs-pub/recompra/recompra_1166943_1.pdf,1166943
2022-02-24,2022-02-24T16:25,Recompras,https://www.bmv.com.mx/docs-pub/recompra/recompra_1167320_1.pdf,1167320
2022-02-25,2022-02-25T17:03,Recompras,https://www.bmv.com.mx/docs-pub/recompra/recompra_1167880_1.pdf,1167880
2022-02-28,2022-02-28T17:32,Recompras,https://www.bmv.com.mx/docs-pub/recompra/recompra_1168474_1.pdf,1168474
2022-03-01,2022-03-01T17:54,Recompras,https://www.bmv.com.mx/docs-pub/recompra/recompra_1168930_1.pdf,1168930
2022-03-02,2022-03-02T17:08,Recompras,https://www.bmv.com.mx/docs-pub/recompra/recompra_1169343_1.pdf,1169343
2022-03-03,2022-03-03T17:00,Recompras,https://www.bmv.com.mx/docs-pub/recompra/recompra_1169764_1.pdf,1169764
2022-03-04,2022-03-04T17:20,Recompras,https://www.bmv.com.mx/docs-pub/recompra/recompra_1170128_1.pdf,1170128
2022-03-07,2022-03-07T17:25,Recompras,https://www.bmv.com.mx/docs-pub/recompra/recompra_1170500_1.pdf,1170500
2022-03-08,2022-03-08T16:47,Recompras,https://www.bmv.com.mx/docs-pub/recompra/recompra_1170744_1.pdf,1170744
2022-03-09,2022-03-09T17:36,Recompras,https://www.bmv.com.mx/docs-pub/recompra/recompra_1171085_1.pdf,1171085
2022-03-10,2022-03-10T16:59,Recompras,https://www.bmv.com.mx/docs-pub/recompra/recompra_1171427_1.pdf,1171427
2022-03-11,2022-03-11T17:02,Recompras,https://www.bmv.com.mx/docs-pub/recompra/recompra_1171800_1.pdf,1171800
2022-03-14,2022-03-14T16:57,Recompras,https://www.bmv.com.mx/docs-pub/recompra/recompra_1172175_1.pdf,1172175
2022-03-15,2022-03-15T16:47,Recompras,https://www.bmv.com.mx/docs-pub/recompra/recompra_1172453_1.pdf,1172453
2022-03-16,2022-03-16T17:01,Recompras,https://www.bmv.com.mx/docs-pub/recompra/recompra_1172737_1.pdf,1172737
2022-03-17,2022-03-17T16:30,Recompras,https://www.bmv.com.mx/docs-pub/recompra/recompra_1172962_1.pdf,1172962
2022-03-18,2022-03-18T17:33,Recompras,https://www.bmv.com.mx/docs-pub/recompra/recompra_1173454_1.pdf,1173454
2022-03-22,2022-03-22T16:44,Recompras,https://www.bmv.com.mx/docs-pub/recompra/recompra_1174003_1.pdf,1174003
2022-03-23,2022-03-23T16:53,Recompras,https://www.bmv.com.mx/docs-pub/recompra/recompra_1174525_1.pdf,1174525
2022-03-24,2022-03-24T17:02,Recompras,https://www.bmv.com.mx/docs-pub/recompra/recompra_1174903_1.pdf,1174903
2022-03-25,2022-03-25T17:02,Recompras,https://www.bmv.com.mx/docs-pub/recompra/recompra_1175396_1.pdf,1175396
2022-03-28,2022-03-28T17:33,Recompras,https://www.bmv.com.mx/docs-pub/recompra/recompra_1175651_1.pdf,1175651
2022-03-29,2022-03-29T17:02,Recompras,https://www.bmv.com.mx/docs-pub/recompra/recompra_1175903_1.pdf,1175903
2022-03-30,2022-03-30T17:33,Recompras,https://www.bmv.com.mx/docs-pub/recompra/recompra_1176320_1.pdf,1176320
2022-03-31,2022-03-31T17:33,Recompras,https://www.bmv.com.mx/docs-pub/recompra/recompra_1176735_1.pdf,1176735
2022-04-01,2022-04-01T17:59,Recompras,https://www.bmv.com.mx/docs-pub/recompra/recompra_1177173_1.pdf,1177173
2022-04-04,2022-04-04T17:00,Recompras,https://www.bmv.com.mx/docs-pub/recompra/recompra_1177378_1.pdf,1177378
2022-04-05,2022-04-05T16:54,Recompras,https://www.bmv.com.mx/docs-pub/recompra/recompra_1177820_1.pdf,1177820
2022-04-06,2022-04-06T17:35,Recompras,https://www.bmv.com.mx/docs-pub/recompra/recompra_1178236_1.pdf,1178236
2022-04-07,2022-04-07T17:55,Recompras,https://www.bmv.com.mx/docs-pub/recompra/recompra_1178528_1.pdf,1178528
2022-04-08,2022-04-08T17:22,Recompras,https://www.bmv.com.mx/docs-pub/recompra/recompra_1178854_1.pdf,1178854
2022-04-11,2022-04-11T16:52,Recompras,https://www.bmv.com.mx/docs-pub/recompra/recompra_1179096_1.pdf,1179096
2022-04-12,2022-04-12T17:35,Recompras,https://www.bmv.com.mx/docs-pub/recompra/recompra_1179445_1.pdf,1179445
2022-04-13,2022-04-13T17:08,Recompras,https://www.bmv.com.mx/docs-pub/recompra/recompra_1179800_1.pdf,1179800
2022-04-18,2022-04-18T17:06,Recompras,https://www.bmv.com.mx/docs-pub/recompra/recompra_1180164_1.pdf,1180164
2022-04-19,2022-04-19T16:53,Recompras,https://www.bmv.com.mx/docs-pub/recompra/recompra_1180501_1.pdf,1180501
2022-04-20,2022-04-20T17:58,Recompras,https://www.bmv.com.mx/docs-pub/recompra/recompra_1180989_1.pdf,1180989
2022-04-21,2022-04-21T17:36,Recompras,https://www.bmv.com.mx/docs-pub/recompra/recompra_1181290_1.pdf,1181290
2022-04-22,2022-04-22T17:20,Recompras,https://www.bmv.com.mx/docs-pub/recompra/recompra_1181761_1.pdf,1181761
2022-04-25,2022-04-25T17:05,Recompras,https://www.bmv.com.mx/docs-pub/recompra/recompra_1182138_1.pdf,1182138
2022-04-26,2022-04-26T17:15,Recompras,https://www.bmv.com.mx/docs-pub/recompra/recompra_1182596_1.pdf,1182596
2022-04-27,2022-04-27T17:22,Recompras,https://www.bmv.com.mx/docs-pub/recompra/recompra_1183167_1.pdf,1183167
2022-04-28,2022-04-28T16:33,Recompras,https://www.bmv.com.mx/docs-pub/recompra/recompra_1183914_1.pdf,1183914
2022-04-29,2022-04-29T19:08,Recompras,https://www.bmv.com.mx/docs-pub/recompra/recompra_1185479_1.pdf,1185479
2022-05-02,2022-05-02T17:18,Recompras,https://www.bmv.com.mx/docs-pub/recompra/recompra_1186534_1.pdf,1186534
2022-05-03,2022-05-03T17:00,Recompras,https://www.bmv.com.mx/docs-pub/recompra/recompra_1187273_1.pdf,1187273
2022-05-04,2022-05-04T17:16,Recompras,https://www.bmv.com.mx/docs-pub/recompra/recompra_1188172_1.pdf,1188172
2022-05-05,2022-05-05T16:44,Recompras,https://www.bmv.com.mx/docs-pub/recompra/recompra_1188601_1.pdf,1188601
2022-05-06,2022-05-06T16:55,Recompras,https://www.bmv.com.mx/docs-pub/recompra/recompra_1189051_1.pdf,1189051
2022-05-09,2022-05-09T17:01,Recompras,https://www.bmv.com.mx/docs-pub/recompra/recompra_1189391_1.pdf,1189391
2022-05-11,2022-05-11T09:44,Recompras,https://www.bmv.com.mx/docs-pub/recompra/recompra_1189784_1.pdf,1189784
2022-05-11,2022-05-11T17:13,Recompras,https://www.bmv.com.mx/docs-pub/recompra/recompra_1189992_1.pdf,1189992
2022-05-12,2022-05-12T17:17,Recompras,https://www.bmv.com.mx/docs-pub/recompra/recompra_1190252_1.pdf,1190252
2022-05-13,2022-05-13T17:35,Recompras,https://www.bmv.com.mx/docs-pub/recompra/recompra_1190577_1.pdf,1190577
2022-05-16,2022-05-16T17:13,Recompras,https://www.bmv.com.mx/docs-pub/recompra/recompra_1190905_1.pdf,1190905
2022-05-17,2022-05-17T17:35,Recompras,https://www.bmv.com.mx/docs-pub/recompra/recompra_1191242_1.pdf,1191242
2022-05-18,2022-05-18T17:26,Recompras,https://www.bmv.com.mx/docs-pub/recompra/recompra_1191749_1.pdf,1191749
2022-05-19,2022-05-19T16:44,Recompras,https://www.bmv.com.mx/docs-pub/recompra/recompra_1192016_1.pdf,1192016
2022-05-20,2022-05-20T17:12,Recompras,https://www.bmv.com.mx/docs-pub/recompra/recompra_1192574_1.pdf,1192574
2022-05-23,2022-05-23T16:47,Recompras,https://www.bmv.com.mx/docs-pub/recompra/recompra_1192865_1.pdf,1192865
2022-05-24,2022-05-24T17:42,Recompras,https://www.bmv.com.mx/docs-pub/recompra/recompra_1193229_1.pdf,1193229
2022-05-25,2022-05-25T17:42,Recompras,https://www.bmv.com.mx/docs-pub/recompra/recompra_1193546_1.pdf,1193546
2022-05-27,2022-05-27T10:25,Recompras,https://www.bmv.com.mx/docs-pub/recompra/recompra_1194051_1.pdf,1194051
2022-05-27,2022-05-27T17:31,Recompras,https://www.bmv.com.mx/docs-pub/recompra/recompra_1194265_1.pdf,1194265
2022-05-30,2022-05-30T17:02,Recompras,https://www.bmv.com.mx/docs-pub/recompra/recompra_1194507_1.pdf,1194507
2022-05-31,2022-05-31T17:11,Recompras,https://www.bmv.com.mx/docs-pub/recompra/recompra_1194949_1.pdf,1194949
2022-06-01,2022-06-01T17:50,Recompras,https://www.bmv.com.mx/docs-pub/recompra/recompra_1195541_1.pdf,1195541
2022-06-02,2022-06-02T16:43,Recompras,https://www.bmv.com.mx/docs-pub/recompra/recompra_1195795_1.pdf,1195795
2022-06-03,2022-06-03T15:59,Recompras,https://www.bmv.com.mx/docs-pub/recompra/recompra_1196138_1.pdf,1196138
2022-06-06,2022-06-06T17:33,Recompras,https://www.bmv.com.mx/docs-pub/recompra/recompra_1196410_1.pdf,1196410
2022-06-07,2022-06-07T16:37,Recompras,https://www.bmv.com.mx/docs-pub/recompra/recompra_1196687_1.pdf,1196687
2022-06-08,2022-06-08T17:07,Recompras,https://www.bmv.com.mx/docs-pub/recompra/recompra_1196992_1.pdf,1196992
2022-06-09,2022-06-09T17:11,Recompras,https://www.bmv.com.mx/docs-pub/recompra/recompra_1197520_1.pdf,1197520
2022-06-10,2022-06-10T16:45,Recompras,https://www.bmv.com.mx/docs-pub/recompra/recompra_1197840_1.pdf,1197840
2022-06-13,2022-06-13T16:46,Recompras,https://www.bmv.com.mx/docs-pub/recompra/recompra_1198124_1.pdf,1198124
2022-06-14,2022-06-14T16:42,Recompras,https://www.bmv.com.mx/docs-pub/recompra/recompra_1198490_1.pdf,1198490
2022-06-15,2022-06-15T17:08,Recompras,https://www.bmv.com.mx/docs-pub/recompra/recompra_1198785_1.pdf,1198785
2022-06-16,2022-06-16T16:37,Recompras,https://www.bmv.com.mx/docs-pub/recompra/recompra_1199040_1.pdf,1199040
2022-06-17,2022-06-17T16:18,Recompras,https://www.bmv.com.mx/docs-pub/recompra/recompra_1199315_1.pdf,1199315
2022-06-20,2022-06-20T16:47,Recompras,https://www.bmv.com.mx/docs-pub/recompra/recompra_1199655_1.pdf,1199655
2022-06-21,2022-06-21T17:23,Recompras,https://www.bmv.com.mx/docs-pub/recompra/recompra_1200018_1.pdf,1200018
2022-06-22,2022-06-22T16:49,Recompras,https://www.bmv.com.mx/docs-pub/recompra/recompra_1200355_1.pdf,1200355
2022-06-23,2022-06-23T17:49,Recompras,https://www.bmv.com.mx/docs-pub/recompra/recompra_1200707_1.pdf,1200707
2022-06-24,2022-06-24T16:02,Recompras,https://www.bmv.com.mx/docs-pub/recompra/recompra_1201075_1.pdf,1201075
2022-06-27,2022-06-27T17:20,Recompras,https://www.bmv.com.mx/docs-pub/recompra/recompra_1201398_1.pdf,1201398
2022-06-28,2022-06-28T17:11,Recompras,https://www.bmv.com.mx/docs-pub/recompra/recompra_1201677_1.pdf,1201677
2022-06-29,2022-06-29T16:38,Recompras,https://www.bmv.com.mx/docs-pub/recompra/recompra_1202068_1.pdf,1202068
2022-06-30,2022-06-30T16:09,Recompras,https://www.bmv.com.mx/docs-pub/recompra/recompra_1202405_1.pdf,1202405
2022-07-01,2022-07-01T16:03,Recompras,https://www.bmv.com.mx/docs-pub/recompra/recompra_1202866_1.pdf,1202866
2022-07-04,2022-07-04T17:12,Recompras,https://www.bmv.com.mx/docs-pub/recompra/recompra_1203110_1.pdf,1203110
2022-07-05,2022-07-05T17:12,Recompras,https://www.bmv.com.mx/docs-pub/recompra/recompra_1203501_1.pdf,1203501
2022-07-06,2022-07-06T17:06,Recompras,https://www.bmv.com.mx/docs-pub/recompra/recompra_1203810_1.pdf,1203810
2022-07-07,2022-07-07T17:41,Recompras,https://www.bmv.com.mx/docs-pub/recompra/recompra_1204081_1.pdf,1204081
2022-07-08,2022-07-08T16:48,Recompras,https://www.bmv.com.mx/docs-pub/recompra/recompra_1204327_1.pdf,1204327
2022-07-11,2022-07-11T16:50,Recompras,https://www.bmv.com.mx/docs-pub/recompra/recompra_1204504_1.pdf,1204504
2022-07-12,2022-07-12T17:42,Recompras,https://www.bmv.com.mx/docs-pub/recompra/recompra_1204767_1.pdf,1204767
2022-07-13,2022-07-13T17:47,Recompras,https://www.bmv.com.mx/docs-pub/recompra/recompra_1205043_1.pdf,1205043
2022-07-14,2022-07-14T16:29,Recompras,https://www.bmv.com.mx/docs-pub/recompra/recompra_1205302_1.pdf,1205302
2022-07-15,2022-07-15T16:29,Recompras,https://www.bmv.com.mx/docs-pub/recompra/recompra_1205588_1.pdf,1205588
2022-07-18,2022-07-18T16:57,Recompras,https://www.bmv.com.mx/docs-pub/recompra/recompra_1205884_1.pdf,1205884
2022-07-19,2022-07-19T17:25,Recompras,https://www.bmv.com.mx/docs-pub/recompra/recompra_1206138_1.pdf,1206138
2022-07-20,2022-07-20T16:54,Recompras,https://www.bmv.com.mx/docs-pub/recompra/recompra_1206447_1.pdf,1206447
2022-07-21,2022-07-21T17:14,Recompras,https://www.bmv.com.mx/docs-pub/recompra/recompra_1207054_1.pdf,1207054
2022-07-22,2022-07-22T17:32,Recompras,https://www.bmv.com.mx/docs-pub/recompra/recompra_1207475_1.pdf,1207475
2022-07-25,2022-07-25T16:20,Recompras,https://www.bmv.com.mx/docs-pub/recompra/recompra_1207777_1.pdf,1207777
2022-07-26,2022-07-26T15:53,Recompras,https://www.bmv.com.mx/docs-pub/recompra/recompra_1208159_1.pdf,1208159
2022-07-27,2022-07-27T16:20,Recompras,https://www.bmv.com.mx/docs-pub/recompra/recompra_1208681_1.pdf,1208681
2022-07-28,2022-07-28T16:37,Recompras,https://www.bmv.com.mx/docs-pub/recompra/recompra_1209334_1.pdf,1209334
2022-07-29,2022-07-29T16:15,Recompras,https://www.bmv.com.mx/docs-pub/recompra/recompra_1209707_1.pdf,1209707
2022-08-01,2022-08-01T17:35,Recompras,https://www.bmv.com.mx/docs-pub/recompra/recompra_1210194_1.pdf,1210194
2022-08-02,2022-08-02T17:10,Recompras,https://www.bmv.com.mx/docs-pub/recompra/recompra_1210455_1.pdf,1210455
2022-08-03,2022-08-03T17:49,Recompras,https://www.bmv.com.mx/docs-pub/recompra/recompra_1210889_1.pdf,1210889
2022-08-04,2022-08-04T17:46,Recompras,https://www.bmv.com.mx/docs-pub/recompra/recompra_1211131_1.pdf,1211131
2022-08-05,2022-08-05T16:14,Recompras,https://www.bmv.com.mx/docs-pub/recompra/recompra_1211385_1.pdf,1211385
2022-08-08,2022-08-08T17:23,Recompras,https://www.bmv.com.mx/docs-pub/recompra/recompra_1211679_1.pdf,1211679
2022-08-09,2022-08-09T17:18,Recompras,https://www.bmv.com.mx/docs-pub/recompra/recompra_1211971_1.pdf,1211971
2022-08-10,2022-08-10T17:15,Recompras,https://www.bmv.com.mx/docs-pub/recompra/recompra_1212268_1.pdf,1212268
2022-08-11,2022-08-11T17:37,Recompras,https://www.bmv.com.mx/docs-pub/recompra/recompra_1212504_1.pdf,1212504
2022-08-12,2022-08-12T16:27,Recompras,https://www.bmv.com.mx/docs-pub/recompra/recompra_1212743_1.pdf,1212743
2022-08-15,2022-08-15T17:53,Recompras,https://www.bmv.com.mx/docs-pub/recompra/recompra_1213005_1.pdf,1213005
2022-08-16,2022-08-16T16:39,Recompras,https://www.bmv.com.mx/docs-pub/recompra/recompra_1213249_1.pdf,1213249
2022-08-17,2022-08-17T16:43,Recompras,https://www.bmv.com.mx/docs-pub/recompra/recompra_1213497_1.pdf,1213497
2022-08-18,2022-08-18T16:42,Recompras,https://www.bmv.com.mx/docs-pub/recompra/recompra_1213721_1.pdf,1213721
2022-08-19,2022-08-19T17:04,Recompras,https://www.bmv.com.mx/docs-pub/recompra/recompra_1214056_1.pdf,1214056
2022-08-22,2022-08-22T17:13,Recompras,https://www.bmv.com.mx/docs-pub/recompra/recompra_1214303_1.pdf,1214303
2022-08-23,2022-08-23T16:58,Recompras,https://www.bmv.com.mx/docs-pub/recompra/recompra_1214628_1.pdf,1214628
2022-08-24,2022-08-24T17:38,Recompras,https://www.bmv.com.mx/docs-pub/recompra/recompra_1215164_1.pdf,1215164
2022-08-25,2022-08-25T17:10,Recompras,https://www.bmv.com.mx/docs-pub/recompra/recompra_1215438_1.pdf,1215438
2022-08-26,2022-08-26T16:32,Recompras,https://www.bmv.com.mx/docs-pub/recompra/recompra_1215684_1.pdf,1215684
2022-08-29,2022-08-29T17:03,Recompras,https://www.bmv.com.mx/docs-pub/recompra/recompra_1215921_1.pdf,1215921
2022-08-30,2022-08-30T16:27,Recompras,https://www.bmv.com.mx/docs-pub/recompra/recompra_1216187_1.pdf,1216187
2022-08-31,2022-08-31T16:59,Recompras,https://www.bmv.com.mx/docs-pub/recompra/recompra_1216507_1.pdf,1216507
2022-09-01,2022-09-01T17:04,Recompras,https://www.bmv.com.mx/docs-pub/recompra/recompra_1216797_1.pdf,1216797
2022-09-02,2022-09-02T21:05,Recompras,https://www.bmv.com.mx/docs-pub/recompra/recompra_1217336_1.pdf,1217336
2022-09-05,2022-09-05T17:12,Recompras,https://www.bmv.com.mx/docs-pub/recompra/recompra_1217583_1.pdf,1217583
2022-09-06,2022-09-06T17:14,Recompras,https://www.bmv.com.mx/docs-pub/recompra/recompra_1217847_1.pdf,1217847
2022-09-07,2022-09-07T17:09,Recompras,https://www.bmv.com.mx/docs-pub/recompra/recompra_1218128_1.pdf,1218128
2022-09-08,2022-09-08T16:59,Recompras,https://www.bmv.com.mx/docs-pub/recompra/recompra_1218385_1.pdf,1218385
2022-09-09,2022-09-09T16:55,Recompras,https://www.bmv.com.mx/docs-pub/recompra/recompra_1218695_1.pdf,1218695
2022-09-12,2022-09-12T16:48,Recompras,https://www.bmv.com.mx/docs-pub/recompra/recompra_1218950_1.pdf,1218950
2022-09-13,2022-09-13T16:55,Recompras,https://www.bmv.com.mx/docs-pub/recompra/recompra_1219242_1.pdf,1219242
2022-09-14,2022-09-14T16:52,Recompras,https://www.bmv.com.mx/docs-pub/recompra/recompra_1219520_1.pdf,1219520
2022-09-15,2022-09-15T16:03,Recompras,https://www.bmv.com.mx/docs-pub/recompra/recompra_1219813_1.pdf,1219813
2022-09-19,2022-09-19T17:01,Recompras,https://www.bmv.com.mx/docs-pub/recompra/recompra_1220283_1.pdf,1220283
2022-09-20,2022-09-20T16:53,Recompras,https://www.bmv.com.mx/docs-pub/recompra/recompra_1220675_1.pdf,1220675
2022-09-21,2022-09-21T17:09,Recompras,https://www.bmv.com.mx/docs-pub/recompra/recompra_1221072_1.pdf,1221072
2022-09-22,2022-09-22T17:18,Recompras,https://www.bmv.com.mx/docs-pub/recompra/recompra_1221438_1.pdf,1221438
2022-09-23,2022-09-23T16:55,Recompras,https://www.bmv.com.mx/docs-pub/recompra/recompra_1221740_1.pdf,1221740
2022-09-26,2022-09-26T16:54,Recompras,https://www.bmv.com.mx/docs-pub/recompra/recompra_1222054_1.pdf,1222054
2022-09-27,2022-09-27T16:52,Recompras,https://www.bmv.com.mx/docs-pub/recompra/recompra_1222322_1.pdf,1222322
2022-09-29,2022-09-29T17:04,Recompras,https://www.bmv.com.mx/docs-pub/recompra/recompra_1222758_1.pdf,1222758
2022-09-30,2022-09-30T17:19,Recompras,https://www.bmv.com.mx/docs-pub/recompra/recompra_1223041_1.pdf,1223041
2022-10-03,2022-10-03T17:16,Recompras,https://www.bmv.com.mx/docs-pub/recompra/recompra_1223402_1.pdf,1223402
2022-10-04,2022-10-04T16:49,Recompras,https://www.bmv.com.mx/docs-pub/recompra/recompra_1223691_1.pdf,1223691
2022-10-05,2022-10-05T17:15,Recompras,https://www.bmv.com.mx/docs-pub/recompra/recompra_1224086_1.pdf,1224086
2022-10-06,2022-10-06T17:04,Recompras,https://www.bmv.com.mx/docs-pub/recompra/recompra_1224367_1.pdf,1224367
2022-10-07,2022-10-07T17:25,Recompras,https://www.bmv.com.mx/docs-pub/recompra/recompra_1224674_1.pdf,1224674
2022-10-10,2022-10-10T17:20,Recompras,https://www.bmv.com.mx/docs-pub/recompra/recompra_1224822_1.pdf,1224822
2022-10-11,2022-10-11T17:32,Recompras,https://www.bmv.com.mx/docs-pub/recompra/recompra_1225118_1.pdf,1225118
2022-10-12,2022-10-12T16:46,Recompras,https://www.bmv.com.mx/docs-pub/recompra/recompra_1225303_1.pdf,1225303
2022-10-13,2022-10-13T17:36,Recompras,https://www.bmv.com.mx/docs-pub/recompra/recompra_1225623_1.pdf,1225623
2022-10-14,2022-10-14T17:05,Recompras,https://www.bmv.com.mx/docs-pub/recompra/recompra_1225811_1.pdf,1225811
2022-10-17,2022-10-17T17:09,Recompras,https://www.bmv.com.mx/docs-pub/recompra/recompra_1226112_1.pdf,1226112
2022-10-18,2022-10-18T16:37,Recompras,https://www.bmv.com.mx/docs-pub/recompra/recompra_1226464_1.pdf,1226464
2022-10-19,2022-10-19T17:13,Recompras,https://www.bmv.com.mx/docs-pub/recompra/recompra_1226799_1.pdf,1226799
2022-10-20,2022-10-20T16:48,Recompras,https://www.bmv.com.mx/docs-pub/recompra/recompra_1227055_1.pdf,1227055
2022-10-21,2022-10-21T17:03,Recompras,https://www.bmv.com.mx/docs-pub/recompra/recompra_1227454_1.pdf,1227454
2022-10-24,2022-10-24T16:55,Recompras,https://www.bmv.com.mx/docs-pub/recompra/recompra_1227729_1.pdf,1227729
2022-10-25,2022-10-25T16:53,Recompras,https://www.bmv.com.mx/docs-pub/recompra/recompra_1228073_1.pdf,1228073
2022-10-26,2022-10-26T17:20,Recompras,https://www.bmv.com.mx/docs-pub/recompra/recompra_1228501_1.pdf,1228501
2022-10-27,2022-10-27T17:40,Recompras,https://www.bmv.com.mx/docs-pub/recompra/recompra_1228965_1.pdf,1228965
2022-10-28,2022-10-28T17:05,Recompras,https://www.bmv.com.mx/docs-pub/recompra/recompra_1229520_1.pdf,1229520
2022-10-31,2022-10-31T15:27,Recompras,https://www.bmv.com.mx/docs-pub/recompra/recompra_1229792_1.pdf,1229792
2022-11-01,2022-11-01T22:56,Recompras,https://www.bmv.com.mx/docs-pub/recompra/recompra_1230370_1.pdf,1230370
2022-11-03,2022-11-03T16:32,Recompras,https://www.bmv.com.mx/docs-pub/recompra/recompra_1230588_1.pdf,1230588
2022-11-04,2022-11-04T15:53,Recompras,https://www.bmv.com.mx/docs-pub/recompra/recompra_1230966_1.pdf,1230966
2022-11-07,2022-11-07T17:15,Recompras,https://www.bmv.com.mx/docs-pub/recompra/recompra_1231277_1.pdf,1231277
2022-11-08,2022-11-08T16:59,Recompras,https://www.bmv.com.mx/docs-pub/recompra/recompra_1231578_1.pdf,1231578
2022-11-09,2022-11-09T17:02,Recompras,https://www.bmv.com.mx/docs-pub/recompra/recompra_1231829_1.pdf,1231829
2022-11-10,2022-11-10T17:05,Recompras,https://www.bmv.com.mx/docs-pub/recompra/recompra_1232050_1.pdf,1232050
2022-11-11,2022-11-11T16:25,Recompras,https://www.bmv.com.mx/docs-pub/recompra/recompra_1232299_1.pdf,1232299
2022-11-14,2022-11-14T17:03,Recompras,https://www.bmv.com.mx/docs-pub/recompra/recompra_1232622_1.pdf,1232622
2022-11-15,2022-11-15T17:22,Recompras,https://www.bmv.com.mx/docs-pub/recompra/recompra_1232916_1.pdf,1232916
2022-11-16,2022-11-16T17:04,Recompras,https://www.bmv.com.mx/docs-pub/recompra/recompra_1233247_1.pdf,1233247
2022-11-17,2022-11-17T16:45,Recompras,https://www.bmv.com.mx/docs-pub/recompra/recompra_1233541_1.pdf,1233541
2022-11-18,2022-11-18T16:55,Recompras,https://www.bmv.com.mx/docs-pub/recompra/recompra_1233924_1.pdf,1233924
2022-11-22,2022-11-22T16:47,Recompras,https://www.bmv.com.mx/docs-pub/recompra/recompra_1234443_1.pdf,1234443
2022-11-23,2022-11-23T16:42,Recompras,https://www.bmv.com.mx/docs-pub/recompra/recompra_1234836_1.pdf,1234836
2022-11-24,2022-11-24T17:38,Recompras,https://www.bmv.com.mx/docs-pub/recompra/recompra_1235257_1.pdf,1235257
2022-11-25,2022-11-25T16:50,Recompras,https://www.bmv.com.mx/docs-pub/recompra/recompra_1235647_1.pdf,1235647
2022-11-28,2022-11-28T17:23,Recompras,https://www.bmv.com.mx/docs-pub/recompra/recompra_1236260_1.pdf,1236260
2022-11-28,2022-11-28T17:42,Recompras,https://www.bmv.com.mx/docs-pub/recompra/recompra_1236264_1.pdf,1236264
2022-11-29,2022-11-29T17:23,Recompras,https://www.bmv.com.mx/docs-pub/recompra/recompra_1236760_1.pdf,1236760
2022-11-30,2022-11-30T16:34,Recompras,https://www.bmv.com.mx/docs-pub/recompra/recompra_1237110_1.pdf,1237110
2022-12-01,2022-12-01T17:34,Recompras,https://www.bmv.com.mx/docs-pub/recompra/recompra_1237631_1.pdf,1237631
2022-12-02,2022-12-02T17:07,Recompras,https://www.bmv.com.mx/docs-pub/recompra/recompra_1237932_1.pdf,1237932
2022-12-05,2022-12-05T16:48,Recompras,https://www.bmv.com.mx/docs-pub/recompra/recompra_1238307_1.pdf,1238307
2022-12-06,2022-12-06T17:31,Recompras,https://www.bmv.com.mx/docs-pub/recompra/recompra_1238763_1.pdf,1238763
2022-12-07,2022-12-07T16:49,Recompras,https://www.bmv.com.mx/docs-pub/recompra/recompra_1239079_1.pdf,1239079
2022-12-08,2022-12-08T17:06,Recompras,https://www.bmv.com.mx/docs-pub/recompra/recompra_1239564_1.pdf,1239564
2022-12-09,2022-12-09T17:00,Recompras,https://www.bmv.com.mx/docs-pub/recompra/recompra_1240081_1.pdf,1240081
2022-12-13,2022-12-13T17:27,Recompras,https://www.bmv.com.mx/docs-pub/recompra/recompra_1240799_1.pdf,1240799
2022-12-14,2022-12-14T17:09,Recompras,https://www.bmv.com.mx/docs-pub/recompra/recompra_1241237_1.pdf,1241237
2022-12-15,2022-12-15T16:26,Recompras,https://www.bmv.com.mx/docs-pub/recompra/recompra_1241513_1.pdf,1241513
2022-12-16,2022-12-16T16:55,Recompras,https://www.bmv.com.mx/docs-pub/recompra/recompra_1241879_1.pdf,1241879
2022-12-19,2022-12-19T16:49,Recompras,https://www.bmv.com.mx/docs-pub/recompra/recompra_1242309_1.pdf,1242309
2022-12-21,2022-12-21T15:36,Recompras,https://www.bmv.com.mx/docs-pub/recompra/recompra_1243001_1.pdf,1243001
2022-12-21,2022-12-21T17:09,Recompras,https://www.bmv.com.mx/docs-pub/recompra/recompra_1243053_1.pdf,1243053
2022-12-22,2022-12-22T17:09,Recompras,https://www.bmv.com.mx/docs-pub/recompra/recompra_1243350_1.pdf,1243350
2022-12-23,2022-12-23T16:27,Recompras,https://www.bmv.com.mx/docs-pub/recompra/recompra_1243717_1.pdf,1243717
2022-12-26,2022-12-26T16:47,Recompras,https://www.bmv.com.mx/docs-pub/recompra/recompra_1243933_1.pdf,1243933
2022-12-27,2022-12-27T17:14,Recompras,https://www.bmv.com.mx/docs-pub/recompra/recompra_1244203_1.pdf,1244203
2022-12-28,2022-12-28T17:01,Recompras,https://www.bmv.com.mx/docs-pub/recompra/recompra_1244640_1.pdf,1244640
2022-12-29,2022-12-29T17:14,Recompras,https://www.bmv.com.mx/docs-pub/recompra/recompra_1245052_1.pdf,1245052
2022-12-30,2022-12-30T17:31,Recompras,https://www.bmv.com.mx/docs-pub/recompra/recompra_1245322_1.pdf,1245322
2023-01-03,2023-01-03T11:09,Recompras,https://www.bmv.com.mx/docs-pub/recompra/recompra_1245665_1.pdf,1245665
2023-01-03,2023-01-03T16:43,Recompras,https://www.bmv.com.mx/docs-pub/recompra/recompra_1245917_1.pdf,1245917
2023-01-03,2023-01-03T17:08,Recompras,https://www.bmv.com.mx/docs-pub/recompra/recompra_1245971_1.pdf,1245971
2023-01-04,2023-01-04T17:10,Recompras,https://www.bmv.com.mx/docs-pub/recompra/recompra_1246297_1.pdf,1246297
2023-01-05,2023-01-05T17:26,Recompras,https://www.bmv.com.mx/docs-pub/recompra/recompra_1246652_1.pdf,1246652
2023-01-06,2023-01-06T16:40,Recompras,https://www.bmv.com.mx/docs-pub/recompra/recompra_1246882_1.pdf,1246882
2023-01-09,2023-01-09T16:58,Recompras,https://www.bmv.com.mx/docs-pub/recompra/recompra_1247042_1.pdf,1247042
2023-01-10,2023-01-10T16:37,Recompras,https://www.bmv.com.mx/docs-pub/recompra/recompra_1247334_1.pdf,1247334
2023-01-11,2023-01-11T16:45,Recompras,https://www.bmv.com.mx/docs-pub/recompra/recompra_1247588_1.pdf,1247588
2023-01-12,2023-01-12T17:18,Recompras,https://www.bmv.com.mx/docs-pub/recompra/recompra_1247893_1.pdf,1247893
2023-01-16,2023-01-16T10:15,Recompras,https://www.bmv.com.mx/docs-pub/recompra/recompra_1248266_1.pdf,1248266
2023-01-16,2023-01-16T16:46,Recompras,https://www.bmv.com.mx/docs-pub/recompra/recompra_1248432_1.pdf,1248432
2023-01-17,2023-01-17T17:18,Recompras,https://www.bmv.com.mx/docs-pub/recompra/recompra_1248676_1.pdf,1248676
2023-01-18,2023-01-18T16:47,Recompras,https://www.bmv.com.mx/docs-pub/recompra/recompra_1249043_1.pdf,1249043
2023-01-19,2023-01-19T17:04,Recompras,https://www.bmv.com.mx/docs-pub/recompra/recompra_1249466_1.pdf,1249466
2023-01-20,2023-01-20T17:16,Recompras,https://www.bmv.com.mx/docs-pub/recompra/recompra_1249819_1.pdf,1249819
2023-01-23,2023-01-23T17:04,Recompras,https://www.bmv.com.mx/docs-pub/recompra/recompra_1250053_1.pdf,1250053
2023-01-24,2023-01-24T16:57,Recompras,https://www.bmv.com.mx/docs-pub/recompra/recompra_1250346_1.pdf,1250346
2023-01-25,2023-01-25T17:15,Recompras,https://www.bmv.com.mx/docs-pub/recompra/recompra_1250617_1.pdf,1250617
2023-01-26,2023-01-26T17:13,Recompras,https://www.bmv.com.mx/docs-pub/recompra/recompra_1250893_1.pdf,1250893
2023-01-27,2023-01-27T17:55,Recompras,https://www.bmv.com.mx/docs-pub/recompra/recompra_1251210_1.pdf,1251210
2023-01-30,2023-01-30T16:49,Recompras,https://www.bmv.com.mx/docs-pub/recompra/recompra_1251435_1.pdf,1251435
2023-01-31,2023-01-31T16:47,Recompras,https://www.bmv.com.mx/docs-pub/recompra/recompra_1251851_1.pdf,1251851
2023-02-02,2023-02-02T09:48,Recompras,https://www.bmv.com.mx/docs-pub/recompra/recompra_1252376_1.pdf,1252376
2023-02-02,2023-02-02T16:54,Recompras,https://www.bmv.com.mx/docs-pub/recompra/recompra_1252528_1.pdf,1252528
2023-02-03,2023-02-03T17:11,Recompras,https://www.bmv.com.mx/docs-pub/recompra/recompra_1252951_1.pdf,1252951
2023-02-08,2023-02-08T10:16,Recompras,https://www.bmv.com.mx/docs-pub/recompra/recompra_1253459_1.pdf,1253459
2023-02-08,2023-02-08T16:39,Recompras,https://www.bmv.com.mx/docs-pub/recompra/recompra_1253633_1.pdf,1253633
2023-02-09,2023-02-09T17:50,Recompras,https://www.bmv.com.mx/docs-pub/recompra/recompra_1253934_1.pdf,1253934
2023-02-10,2023-02-10T17:39,Recompras,https://www.bmv.com.mx/docs-pub/recompra/recompra_1254246_1.pdf,1254246
2023-02-13,2023-02-13T16:31,Recompras,https://www.bmv.com.mx/docs-pub/recompra/recompra_1254643_1.pdf,1254643
2023-02-14,2023-02-14T16:52,Recompras,https://www.bmv.com.mx/docs-pub/recompra/recompra_1254949_1.pdf,1254949
2023-02-15,2023-02-15T17:05,Recompras,https://www.bmv.com.mx/docs-pub/recompra/recompra_1255270_1.pdf,1255270
2023-02-16,2023-02-16T17:02,Recompras,https://www.bmv.com.mx/docs-pub/recompra/recompra_1255541_1.pdf,1255541
2023-02-17,2023-02-17T17:06,Recompras,https://www.bmv.com.mx/docs-pub/recompra/recompra_1255928_1.pdf,1255928
2023-02-20,2023-02-20T16:51,Recompras,https://www.bmv.com.mx/docs-pub/recompra/recompra_1256214_1.pdf,1256214
2023-02-21,2023-02-21T16:51,Recompras,https://www.bmv.com.mx/docs-pub/recompra/recompra_1256567_1.pdf,1256567
2023-02-22,2023-02-22T17:35,Recompras,https://www.bmv.com.mx/docs-pub/recompra/recompra_1257036_1.pdf,1257036
2023-02-23,2023-02-23T16:39,Recompras,https://www.bmv.com.mx/docs-pub/recompra/recompra_1257425_1.pdf,1257425
2023-02-24,2023-02-24T17:07,Recompras,https://www.bmv.com.mx/docs-pub/recompra/recompra_1258071_1.pdf,1258071
2023-02-27,2023-02-27T17:11,Recompras,https://www.bmv.com.mx/docs-pub/recompra/recompra_1258646_1.pdf,1258646
2023-02-28,2023-02-28T17:16,Recompras,https://www.bmv.com.mx/docs-pub/recompra/recompra_1259102_1.pdf,1259102
2023-03-01,2023-03-01T16:47,Recompras,https://www.bmv.com.mx/docs-pub/recompra/recompra_1259499_1.pdf,1259499
2023-03-02,2023-03-02T17:07,Recompras,https://www.bmv.com.mx/docs-pub/recompra/recompra_1259796_1.pdf,1259796
2023-03-03,2023-03-03T17:06,Recompras,https://www.bmv.com.mx/docs-pub/recompra/recompra_1260399_1.pdf,1260399
2023-03-06,2023-03-06T16:56,Recompras,https://www.bmv.com.mx/docs-pub/recompra/recompra_1260623_1.pdf,1260623
2023-03-07,2023-03-07T17:49,Recompras,https://www.bmv.com.mx/docs-pub/recompra/recompra_1261068_1.pdf,1261068
2023-03-08,2023-03-08T16:40,Recompras,https://www.bmv.com.mx/docs-pub/recompra/recompra_1261294_1.pdf,1261294
2023-03-09,2023-03-09T16:56,Recompras,https://www.bmv.com.mx/docs-pub/recompra/recompra_1261617_1.pdf,1261617
2023-03-10,2023-03-10T16:47,Recompras,https://www.bmv.com.mx/docs-pub/recompra/recompra_1262070_1.pdf,1262070
2023-03-13,2023-03-13T16:46,Recompras,https://www.bmv.com.mx/docs-pub/recompra/recompra_1262404_1.pdf,1262404
2023-03-14,2023-03-14T16:46,Recompras,https://www.bmv.com.mx/docs-pub/recompra/recompra_1262752_1.pdf,1262752
2023-03-15,2023-03-15T16:51,Recompras,https://www.bmv.com.mx/docs-pub/recompra/recompra_1263035_1.pdf,1263035
2023-03-16,2023-03-16T17:37,Recompras,https://www.bmv.com.mx/docs-pub/recompra/recompra_1263499_1.pdf,1263499
2023-03-17,2023-03-17T17:10,Recompras,https://www.bmv.com.mx/docs-pub/recompra/recompra_1263936_1.pdf,1263936
2023-03-21,2023-03-21T16:59,Recompras,https://www.bmv.com.mx/docs-pub/recompra/recompra_1264502_1.pdf,1264502
2023-03-22,2023-03-22T16:30,Recompras,https://www.bmv.com.mx/docs-pub/recompra/recompra_1264865_1.pdf,1264865
2023-03-23,2023-03-23T17:00,Recompras,https://www.bmv.com.mx/docs-pub/recompra/recompra_1265335_1.pdf,1265335
2023-03-27,2023-03-27T16:59,Recompras,https://www.bmv.com.mx/docs-pub/recompra/recompra_1266134_1.pdf,1266134
2023-03-28,2023-03-28T16:48,Recompras,https://www.bmv.com.mx/docs-pub/recompra/recompra_1266540_1.pdf,1266540
2023-03-29,2023-03-29T17:03,Recompras,https://www.bmv.com.mx/docs-pub/recompra/recompra_1266878_1.pdf,1266878
2023-03-30,2023-03-30T17:35,Recompras,https://www.bmv.com.mx/docs-pub/recompra/recompra_1267291_1.pdf,1267291
2023-03-31,2023-03-31T16:04,Recompras,https://www.bmv.com.mx/docs-pub/recompra/recompra_1267782_1.pdf,1267782
2023-04-03,2023-04-03T16:52,Recompras,https://www.bmv.com.mx/docs-pub/recompra/recompra_1268272_1.pdf,1268272
2023-04-04,2023-04-04T16:40,Recompras,https://www.bmv.com.mx/docs-pub/recompra/recompra_1268736_1.pdf,1268736
2023-04-05,2023-04-05T14:36,Recompras,https://www.bmv.com.mx/docs-pub/recompra/recompra_1269166_1.pdf,1269166
2023-04-10,2023-04-10T16:12,Recompras,https://www.bmv.com.mx/docs-pub/recompra/recompra_1269745_1.pdf,1269745
2023-04-11,2023-04-11T16:04,Recompras,https://www.bmv.com.mx/docs-pub/recompra/recompra_1270132_1.pdf,1270132
2023-04-12,2023-04-12T17:14,Recompras,https://www.bmv.com.mx/docs-pub/recompra/recompra_1270413_1.pdf,1270413
2023-04-13,2023-04-13T16:56,Recompras,https://www.bmv.com.mx/docs-pub/recompra/recompra_1270904_1.pdf,1270904
2023-04-14,2023-04-14T18:59,Recompras,https://www.bmv.com.mx/docs-pub/recompra/recompra_1271253_1.pdf,1271253
2023-04-17,2023-04-17T16:56,Recompras,https://www.bmv.com.mx/docs-pub/recompra/recompra_1271467_1.pdf,1271467
2023-04-18,2023-04-18T16:47,Recompras,https://www.bmv.com.mx/docs-pub/recompra/recompra_1271786_1.pdf,1271786
2023-04-19,2023-04-19T17:32,Recompras,https://www.bmv.com.mx/docs-pub/recompra/recompra_1272134_1.pdf,1272134
2023-04-20,2023-04-20T17:05,Recompras,https://www.bmv.com.mx/docs-pub/recompra/recompra_1272464_1.pdf,1272464
2023-04-21,2023-04-21T16:42,Recompras,https://www.bmv.com.mx/docs-pub/recompra/recompra_1272770_1.pdf,1272770
2023-04-24,2023-04-24T17:05,Recompras,https://www.bmv.com.mx/docs-pub/recompra/recompra_1273165_1.pdf,1273165
2023-04-25,2023-04-25T17:05,Recompras,https://www.bmv.com.mx/docs-pub/recompra/recompra_1273557_1.pdf,1273557
2023-04-26,2023-04-26T17:35,Recompras,https://www.bmv.com.mx/docs-pub/recompra/recompra_1274067_1.pdf,1274067
2023-04-27,2023-04-27T16:59,Recompras,https://www.bmv.com.mx/docs-pub/recompra/recompra_1274556_1.pdf,1274556
2023-04-28,2023-04-28T16:41,Recompras,https://www.bmv.com.mx/docs-pub/recompra/recompra_1275571_1.pdf,1275571
2023-05-02,2023-05-02T17:05,Recompras,https://www.bmv.com.mx/docs-pub/recompra/recompra_1277161_1.pdf,1277161
2023-05-03,2023-05-03T17:19,Recompras,https://www.bmv.com.mx/docs-pub/recompra/recompra_1278325_1.pdf,1278325
2023-05-04,2023-05-04T16:46,Recompras,https://www.bmv.com.mx/docs-pub/recompra/recompra_1279206_1.pdf,1279206
2023-05-05,2023-05-05T17:16,Recompras,https://www.bmv.com.mx/docs-pub/recompra/recompra_1279772_1.pdf,1279772
2023-05-08,2023-05-08T16:47,Recompras,https://www.bmv.com.mx/docs-pub/recompra/recompra_1280118_1.pdf,1280118
2023-05-09,2023-05-09T17:10,Recompras,https://www.bmv.com.mx/docs-pub/recompra/recompra_1280447_1.pdf,1280447
2023-05-11,2023-05-11T10:21,Recompras,https://www.bmv.com.mx/docs-pub/recompra/recompra_1280831_1.pdf,1280831
2023-05-11,2023-05-11T16:54,Recompras,https://www.bmv.com.mx/docs-pub/recompra/recompra_1280987_1.pdf,1280987
2023-05-12,2023-05-12T17:06,Recompras,https://www.bmv.com.mx/docs-pub/recompra/recompra_1281394_1.pdf,1281394
2023-05-15,2023-05-15T17:28,Recompras,https://www.bmv.com.mx/docs-pub/recompra/recompra_1281868_1.pdf,1281868
2023-05-18,2023-05-18T10:02,Recompras,https://www.bmv.com.mx/docs-pub/recompra/recompra_1282585_1.pdf,1282585
2023-05-18,2023-05-18T16:58,Recompras,https://www.bmv.com.mx/docs-pub/recompra/recompra_1282766_1.pdf,1282766
2023-05-19,2023-05-19T17:18,Recompras,https://www.bmv.com.mx/docs-pub/recompra/recompra_1283388_1.pdf,1283388
2023-05-22,2023-05-22T16:49,Recompras,https://www.bmv.com.mx/docs-pub/recompra/recompra_1283679_1.pdf,1283679
2023-05-23,2023-05-23T17:16,Recompras,https://www.bmv.com.mx/docs-pub/recompra/recompra_1284002_1.pdf,1284002
2023-05-24,2023-05-24T14:58,Recompras,https://www.bmv.com.mx/docs-pub/recompra/recompra_1284230_1.pdf,1284230
2023-05-25,2023-05-25T17:18,Recompras,https://www.bmv.com.mx/docs-pub/recompra/recompra_1284610_1.pdf,1284610
2023-05-26,2023-05-26T17:14,Recompras,https://www.bmv.com.mx/docs-pub/recompra/recompra_1285011_1.pdf,1285011
2023-05-29,2023-05-29T17:17,Recompras,https://www.bmv.com.mx/docs-pub/recompra/recompra_1285269_1.pdf,1285269
2023-05-30,2023-05-30T16:59,Recompras,https://www.bmv.com.mx/docs-pub/recompra/recompra_1285689_1.pdf,1285689
2023-06-01,2023-06-01T09:06,Recompras,https://www.bmv.com.mx/docs-pub/recompra/recompra_1286279_1.pdf,1286279
2023-06-01,2023-06-01T17:02,Recompras,https://www.bmv.com.mx/docs-pub/recompra/recompra_1286630_1.pdf,1286630
2023-06-02,2023-06-02T16:51,Recompras,https://www.bmv.com.mx/docs-pub/recompra/recompra_1286895_1.pdf,1286895
2023-06-05,2023-06-05T16:54,Recompras,https://www.bmv.com.mx/docs-pub/recompra/recompra_1287221_1.pdf,1287221
2023-06-06,2023-06-06T16:42,Recompras,https://www.bmv.com.mx/docs-pub/recompra/recompra_1287504_1.pdf,1287504
2023-06-07,2023-06-07T16:46,Recompras,https://www.bmv.com.mx/docs-pub/recompra/recompra_1287944_1.pdf,1287944
2023-06-08,2023-06-08T17:12,Recompras,https://www.bmv.com.mx/docs-pub/recompra/recompra_1288227_1.pdf,1288227
2023-06-09,2023-06-09T17:15,Recompras,https://www.bmv.com.mx/docs-pub/recompra/recompra_1288587_1.pdf,1288587
2023-06-12,2023-06-12T14:47,Recompras,https://www.bmv.com.mx/docs-pub/recompra/recompra_1288847_1.pdf,1288847
2023-06-13,2023-06-13T16:33,Recompras,https://www.bmv.com.mx/docs-pub/recompra/recompra_1289115_1.pdf,1289115
2023-06-14,2023-06-14T17:14,Recompras,https://www.bmv.com.mx/docs-pub/recompra/recompra_1289364_1.pdf,1289364
2023-06-15,2023-06-15T16:52,Recompras,https://www.bmv.com.mx/docs-pub/recompra/recompra_1289659_1.pdf,1289659
2023-06-16,2023-06-16T16:48,Recompras,https://www.bmv.com.mx/docs-pub/recompra/recompra_1289898_1.pdf,1289898
2023-06-19,2023-06-19T15:55,Recompras,https://www.bmv.com.mx/docs-pub/recompra/recompra_1290214_1.pdf,1290214
2023-06-20,2023-06-20T15:29,Recompras,https://www.bmv.com.mx/docs-pub/recompra/recompra_1290457_1.pdf,1290457
2023-06-21,2023-06-21T15:41,Recompras,https://www.bmv.com.mx/docs-pub/recompra/recompra_1290805_1.pdf,1290805
2023-06-22,2023-06-22T16:59,Recompras,https://www.bmv.com.mx/docs-pub/recompra/recompra_1291134_1.pdf,1291134
2023-06-23,2023-06-23T16:53,Recompras,https://www.bmv.com.mx/docs-pub/recompra/recompra_1291547_1.pdf,1291547
2023-06-26,2023-06-26T16:42,Recompras,https://www.bmv.com.mx/docs-pub/recompra/recompra_1291834_1.pdf,1291834
2023-06-27,2023-06-27T15:22,Recompras,https://www.bmv.com.mx/docs-pub/recompra/recompra_1292179_1.pdf,1292179
2023-06-28,2023-06-28T17:00,Recompras,https://www.bmv.com.mx/docs-pub/recompra/recompra_1292510_1.pdf,1292510
2023-06-29,2023-06-29T16:22,Recompras,https://www.bmv.com.mx/docs-pub/recompra/recompra_1292808_1.pdf,1292808
2023-06-30,2023-06-30T17:23,Recompras,https://www.bmv.com.mx/docs-pub/recompra/recompra_1293291_1.pdf,1293291
2023-07-03,2023-07-03T17:04,Recompras,https://www.bmv.com.mx/docs-pub/recompra/recompra_1293602_1.pdf,1293602
2023-07-04,2023-07-04T17:00,Recompras,https://www.bmv.com.mx/docs-pub/recompra/recompra_1293953_1.pdf,1293953
2023-07-05,2023-07-05T17:06,Recompras,https://www.bmv.com.mx/docs-pub/recompra/recompra_1294241_1.pdf,1294241
2023-07-06,2023-07-06T17:07,Recompras,https://www.bmv.com.mx/docs-pub/recompra/recompra_1294552_1.pdf,1294552
2023-07-07,2023-07-07T17:04,Recompras,https://www.bmv.com.mx/docs-pub/recompra/recompra_1294853_1.pdf,1294853
2023-07-10,2023-07-10T17:09,Recompras,https://www.bmv.com.mx/docs-pub/recompra/recompra_1295032_1.pdf,1295032
2023-07-11,2023-07-11T16:59,Recompras,https://www.bmv.com.mx/docs-pub/recompra/recompra_1295282_1.pdf,1295282
2023-07-12,2023-07-12T16:36,Recompras,https://www.bmv.com.mx/docs-pub/recompra/recompra_1295565_1.pdf,1295565
2023-07-13,2023-07-13T17:05,Recompras,https://www.bmv.com.mx/docs-pub/recompra/recompra_1295874_1.pdf,1295874
2023-07-14,2023-07-14T16:38,Recompras,https://www.bmv.com.mx/docs-pub/recompra/recompra_1296174_1.pdf,1296174
2023-07-17,2023-07-17T17:21,Recompras,https://www.bmv.com.mx/docs-pub/recompra/recompra_1296376_1.pdf,1296376
2023-07-18,2023-07-18T17:12,Recompras,https://www.bmv.com.mx/docs-pub/recompra/recompra_1296808_1.pdf,1296808
2023-07-19,2023-07-19T17:20,Recompras,https://www.bmv.com.mx/docs-pub/recompra/recompra_1297057_1.pdf,1297057
2023-07-20,2023-07-20T17:21,Recompras,https://www.bmv.com.mx/docs-pub/recompra/recompra_1297356_1.pdf,1297356
2023-07-21,2023-07-21T18:00,Recompras,https://www.bmv.com.mx/docs-pub/recompra/recompra_1297675_1.pdf,1297675
2023-07-24,2023-07-24T17:20,Recompras,https://www.bmv.com.mx/docs-pub/recompra/recompra_1297942_1.pdf,1297942
2023-07-25,2023-07-25T17:24,Recompras,https://www.bmv.com.mx/docs-pub/recompra/recompra_1298264_1.pdf,1298264
2023-07-26,2023-07-26T17:10,Recompras,https://www.bmv.com.mx/docs-pub/recompra/recompra_1298706_1.pdf,1298706
2023-07-27,2023-07-27T16:37,Recompras,https://www.bmv.com.mx/docs-pub/recompra/recompra_1299172_1.pdf,1299172
2023-07-28,2023-07-28T17:13,Recompras,https://www.bmv.com.mx/docs-pub/recompra/recompra_1299869_1.pdf,1299869
2023-07-31,2023-07-31T17:13,Recompras,https://www.bmv.com.mx/docs-pub/recompra/recompra_1300151_1.pdf,1300151
2023-08-01,2023-08-01T16:52,Recompras,https://www.bmv.com.mx/docs-pub/recompra/recompra_1300544_1.pdf,1300544
2023-08-02,2023-08-02T17:02,Recompras,https://www.bmv.com.mx/docs-pub/recompra/recompra_1300821_1.pdf,1300821
2023-08-03,2023-08-03T17:23,Recompras,https://www.bmv.com.mx/docs-pub/recompra/recompra_1301247_1.pdf,1301247
2023-08-04,2023-08-04T17:10,Recompras,https://www.bmv.com.mx/docs-pub/recompra/recompra_1301702_1.pdf,1301702
2023-08-07,2023-08-07T16:46,Recompras,https://www.bmv.com.mx/docs-pub/recompra/recompra_1301978_1.pdf,1301978
2023-08-08,2023-08-08T16:49,Recompras,https://www.bmv.com.mx/docs-pub/recompra/recompra_1302230_1.pdf,1302230
2023-08-09,2023-08-09T17:01,Recompras,https://www.bmv.com.mx/docs-pub/recompra/recompra_1302511_1.pdf,1302511
2023-08-10,2023-08-10T17:10,Recompras,https://www.bmv.com.mx/docs-pub/recompra/recompra_1302792_1.pdf,1302792
2023-08-11,2023-08-11T16:53,Recompras,https://www.bmv.com.mx/docs-pub/recompra/recompra_1303033_1.pdf,1303033
2023-08-14,2023-08-14T17:24,Recompras,https://www.bmv.com.mx/docs-pub/recompra/recompra_1303244_1.pdf,1303244
2023-08-15,2023-08-15T16:37,Recompras,https://www.bmv.com.mx/docs-pub/recompra/recompra_1303720_1.pdf,1303720
2023-08-16,2023-08-16T15:35,Recompras,https://www.bmv.com.mx/docs-pub/recompra/recompra_1304046_1.pdf,1304046
2023-08-17,2023-08-17T16:23,Recompras,https://www.bmv.com.mx/docs-pub/recompra/recompra_1304329_1.pdf,1304329
2023-08-18,2023-08-18T17:11,Recompras,https://www.bmv.com.mx/docs-pub/recompra/recompra_1304613_1.pdf,1304613
2023-08-21,2023-08-21T15:51,Recompras,https://www.bmv.com.mx/docs-pub/recompra/recompra_1304821_1.pdf,1304821
2023-08-22,2023-08-22T17:21,Recompras,https://www.bmv.com.mx/docs-pub/recompra/recompra_1305221_1.pdf,1305221
2023-08-24,2023-08-24T10:41,Recompras,https://www.bmv.com.mx/docs-pub/recompra/recompra_1305672_1.pdf,1305672
2023-08-24,2023-08-24T17:31,Recompras,https://www.bmv.com.mx/docs-pub/recompra/recompra_1305895_1.pdf,1305895
2023-08-25,2023-08-25T16:00,Recompras,https://www.bmv.com.mx/docs-pub/recompra/recompra_1306115_1.pdf,1306115
2023-08-28,2023-08-28T17:01,Recompras,https://www.bmv.com.mx/docs-pub/recompra/recompra_1306330_1.pdf,1306330
2023-08-29,2023-08-29T17:26,Recompras,https://www.bmv.com.mx/docs-pub/recompra/recompra_1306708_1.pdf,1306708
2023-08-30,2023-08-30T16:52,Recompras,https://www.bmv.com.mx/docs-pub/recompra/recompra_1306952_1.pdf,1306952
2023-08-31,2023-08-31T17:20,Recompras,https://www.bmv.com.mx/docs-pub/recompra/recompra_1307298_1.pdf,1307298
2023-09-01,2023-09-01T15:45,Recompras,https://www.bmv.com.mx/docs-pub/recompra/recompra_1307618_1.pdf,1307618
2023-09-04,2023-09-04T17:03,Recompras,https://www.bmv.com.mx/docs-pub/recompra/recompra_1307935_1.pdf,1307935
2023-09-05,2023-09-05T16:11,Recompras,https://www.bmv.com.mx/docs-pub/recompra/recompra_1308247_1.pdf,1308247
2023-09-06,2023-09-06T16:50,Recompras,https://www.bmv.com.mx/docs-pub/recompra/recompra_1308547_1.pdf,1308547
2023-09-07,2023-09-07T16:57,Recompras,https://www.bmv.com.mx/docs-pub/recompra/recompra_1308788_1.pdf,1308788
2023-09-08,2023-09-08T17:05,Recompras,https://www.bmv.com.mx/docs-pub/recompra/recompra_1309163_1.pdf,1309163
2023-09-11,2023-09-11T17:34,Recompras,https://www.bmv.com.mx/docs-pub/recompra/recompra_1309362_1.pdf,1309362
2023-09-12,2023-09-12T17:22,Recompras,https://www.bmv.com.mx/docs-pub/recompra/recompra_1309651_1.pdf,1309651
2023-09-13,2023-09-13T17:04,Recompras,https://www.bmv.com.mx/docs-pub/recompra/recompra_1309887_1.pdf,1309887
2023-09-14,2023-09-14T17:03,Recompras,https://www.bmv.com.mx/docs-pub/recompra/recompra_1310144_1.pdf,1310144
2023-09-15,2023-09-15T16:33,Recompras,https://www.bmv.com.mx/docs-pub/recompra/recompra_1310488_1.pdf,1310488
2023-09-18,2023-09-18T16:55,Recompras,https://www.bmv.com.mx/docs-pub/recompra/recompra_1310808_1.pdf,1310808
2023-09-19,2023-09-19T17:06,Recompras,https://www.bmv.com.mx/docs-pub/recompra/recompra_1311134_1.pdf,1311134
2023-09-20,2023-09-20T17:21,Recompras,https://www.bmv.com.mx/docs-pub/recompra/recompra_1311440_1.pdf,1311440
2023-09-21,2023-09-21T17:23,Recompras,https://www.bmv.com.mx/docs-pub/recompra/recompra_1311798_1.pdf,1311798
2023-09-22,2023-09-22T16:57,Recompras,https://www.bmv.com.mx/docs-pub/recompra/recompra_1312137_1.pdf,1312137
2023-09-25,2023-09-25T16:57,Recompras,https://www.bmv.com.mx/docs-pub/recompra/recompra_1312362_1.pdf,1312362
2023-09-26,2023-09-26T17:34,Recompras,https://www.bmv.com.mx/docs-pub/recompra/recompra_1312696_1.pdf,1312696
2023-09-27,2023-09-27T17:13,Recompras,https://www.bmv.com.mx/docs-pub/recompra/recompra_1312924_1.pdf,1312924
2023-09-28,2023-09-28T17:16,Recompras,https://www.bmv.com.mx/docs-pub/recompra/recompra_1313154_1.pdf,1313154
2023-09-29,2023-09-29T16:54,Recompras,https://www.bmv.com.mx/docs-pub/recompra/recompra_1313382_1.pdf,1313382
2023-10-02,2023-10-02T17:34,Recompras,https://www.bmv.com.mx/docs-pub/recompra/recompra_1313746_1.pdf,1313746
2023-10-03,2023-10-03T16:55,Recompras,https://www.bmv.com.mx/docs-pub/recompra/recompra_1314034_1.pdf,1314034
2023-10-04,2023-10-04T17:43,Recompras,https://www.bmv.com.mx/docs-pub/recompra/recompra_1314381_1.pdf,1314381
2023-10-05,2023-10-05T17:27,Recompras,https://www.bmv.com.mx/docs-pub/recompra/recompra_1314645_1.pdf,1314645
2023-10-06,2023-10-06T17:31,Recompras,https://www.bmv.com.mx/docs-pub/recompra/recompra_1314948_1.pdf,1314948
2023-10-09,2023-10-09T17:05,Recompras,https://www.bmv.com.mx/docs-pub/recompra/recompra_1315169_1.pdf,1315169
2023-10-10,2023-10-10T16:23,Recompras,https://www.bmv.com.mx/docs-pub/recompra/recompra_1315350_1.pdf,1315350
2023-10-11,2023-10-11T17:06,Recompras,https://www.bmv.com.mx/docs-pub/recompra/recompra_1315811_1.pdf,1315811
2023-10-12,2023-10-12T17:18,Recompras,https://www.bmv.com.mx/docs-pub/recompra/recompra_1316058_1.pdf,1316058
2023-10-13,2023-10-13T17:02,Recompras,https://www.bmv.com.mx/docs-pub/recompra/recompra_1316411_1.pdf,1316411
2023-10-16,2023-10-16T17:07,Recompras,https://www.bmv.com.mx/docs-pub/recompra/recompra_1316621_1.pdf,1316621
2023-10-17,2023-10-17T17:01,Recompras,https://www.bmv.com.mx/docs-pub/recompra/recompra_1317112_1.pdf,1317112
2023-10-18,2023-10-18T16:47,Recompras,https://www.bmv.com.mx/docs-pub/recompra/recompra_1317342_1.pdf,1317342
2023-10-19,2023-10-19T17:52,Recompras,https://www.bmv.com.mx/docs-pub/recompra/recompra_1317708_1.pdf,1317708
2023-10-20,2023-10-20T17:19,Recompras,https://www.bmv.com.mx/docs-pub/recompra/recompra_1317985_1.pdf,1317985
2023-10-23,2023-10-23T17:11,Recompras,https://www.bmv.com.mx/docs-pub/recompra/recompra_1318314_1.pdf,1318314
2023-10-24,2023-10-24T16:54,Recompras,https://www.bmv.com.mx/docs-pub/recompra/recompra_1318602_1.pdf,1318602
2023-10-25,2023-10-25T17:39,Recompras,https://www.bmv.com.mx/docs-pub/recompra/recompra_1319045_1.pdf,1319045
2023-10-26,2023-10-26T16:54,Recompras,https://www.bmv.com.mx/docs-pub/recompra/recompra_1319403_1.pdf,1319403
2023-10-27,2023-10-27T16:52,Recompras,https://www.bmv.com.mx/docs-pub/recompra/recompra_1320060_1.pdf,1320060
2023-10-30,2023-10-30T18:02,Recompras,https://www.bmv.com.mx/docs-pub/recompra/recompra_1320359_1.pdf,1320359
2023-10-31,2023-10-31T17:00,Recompras,https://www.bmv.com.mx/docs-pub/recompra/recompra_1320646_1.pdf,1320646
2023-11-01,2023-11-01T17:05,Recompras,https://www.bmv.com.mx/docs-pub/recompra/recompra_1321145_1.pdf,1321145
2023-11-03,2023-11-03T16:10,Recompras,https://www.bmv.com.mx/docs-pub/recompra/recompra_1321504_1.pdf,1321504
2023-11-06,2023-11-06T17:19,Recompras,https://www.bmv.com.mx/docs-pub/recompra/recompra_1321874_1.pdf,1321874
2023-11-07,2023-11-07T17:44,Recompras,https://www.bmv.com.mx/docs-pub/recompra/recompra_1322193_1.pdf,1322193
2023-11-08,2023-11-08T17:29,Recompras,https://www.bmv.com.mx/docs-pub/recompra/recompra_1322485_1.pdf,1322485
2023-11-09,2023-11-09T17:13,Recompras,https://www.bmv.com.mx/docs-pub/recompra/recompra_1322764_1.pdf,1322764
2023-11-10,2023-11-10T16:34,Recompras,https://www.bmv.com.mx/docs-pub/recompra/recompra_1323072_1.pdf,1323072
2023-11-13,2023-11-13T16:38,Recompras,https://www.bmv.com.mx/docs-pub/recompra/recompra_1323282_1.pdf,1323282
2023-11-14,2023-11-14T17:28,Recompras,https://www.bmv.com.mx/docs-pub/recompra/recompra_1323582_1.pdf,1323582
2023-11-15,2023-11-15T16:59,Recompras,https://www.bmv.com.mx/docs-pub/recompra/recompra_1323868_1.pdf,1323868
2023-11-16,2023-11-16T16:42,Recompras,https://www.bmv.com.mx/docs-pub/recompra/recompra_1324196_1.pdf,1324196
2023-11-17,2023-11-17T16:59,Recompras,https://www.bmv.com.mx/docs-pub/recompra/recompra_1324488_1.pdf,1324488
2023-11-21,2023-11-21T17:14,Recompras,https://www.bmv.com.mx/docs-pub/recompra/recompra_1324797_1.pdf,1324797
2023-11-22,2023-11-22T17:35,Recompras,https://www.bmv.com.mx/docs-pub/recompra/recompra_1325143_1.pdf,1325143
2023-11-23,2023-11-23T16:41,Recompras,https://www.bmv.com.mx/docs-pub/recompra/recompra_1325488_1.pdf,1325488
2023-11-24,2023-11-24T16:50,Recompras,https://www.bmv.com.mx/docs-pub/recompra/recompra_1325863_1.pdf,1325863
2023-11-27,2023-11-27T17:14,Recompras,https://www.bmv.com.mx/docs-pub/recompra/recompra_1326273_1.pdf,1326273
2023-11-28,2023-11-28T17:11,Recompras,https://www.bmv.com.mx/docs-pub/recompra/recompra_1326694_1.pdf,1326694
2023-11-29,2023-11-29T17:16,Recompras,https://www.bmv.com.mx/docs-pub/recompra/recompra_1327161_1.pdf,1327161
2023-11-30,2023-11-30T16:42,Recompras,https://www.bmv.com.mx/docs-pub/recompra/recompra_1327631_1.pdf,1327631
2023-12-01,2023-12-01T17:41,Recompras,https://www.bmv.com.mx/docs-pub/recompra/recompra_1328061_1.pdf,1328061
2023-12-04,2023-12-04T17:13,Recompras,https://www.bmv.com.mx/docs-pub/recompra/recompra_1328292_1.pdf,1328292
2023-12-05,2023-12-05T18:05,Recompras,https://www.bmv.com.mx/docs-pub/recompra/recompra_1328810_1.pdf,1328810
2023-12-06,2023-12-06T16:21,Recompras,https://www.bmv.com.mx/docs-pub/recompra/recompra_1329025_1.pdf,1329025
2023-12-07,2023-12-07T16:56,Recompras,https://www.bmv.com.mx/docs-pub/recompra/recompra_1329386_1.pdf,1329386
2023-12-08,2023-12-08T16:33,Recompras,https://www.bmv.com.mx/docs-pub/recompra/recompra_1329764_1.pdf,1329764
2023-12-11,2023-12-11T17:02,Recompras,https://www.bmv.com.mx/docs-pub/recompra/recompra_1330172_1.pdf,1330172
2023-12-13,2023-12-13T17:41,Recompras,https://www.bmv.com.mx/docs-pub/recompra/recompra_1330514_1.pdf,1330514
2023-12-14,2023-12-14T17:14,Recompras,https://www.bmv.com.mx/docs-pub/recompra/recompra_1331070_1.pdf,1331070
2023-12-15,2023-12-15T17:36,Recompras,https://www.bmv.com.mx/docs-pub/recompra/recompra_1331526_1.pdf,1331526
2023-12-18,2023-12-18T17:13,Recompras,https://www.bmv.com.mx/docs-pub/recompra/recompra_1332058_1.pdf,1332058
2023-12-19,2023-12-19T17:11,Recompras,https://www.bmv.com.mx/docs-pub/recompra/recompra_1332454_1.pdf,1332454
2023-12-20,2023-12-20T17:51,Recompras,https://www.bmv.com.mx/docs-pub/recompra/recompra_1333049_1.pdf,1333049
2023-12-21,2023-12-21T15:31,Recompras,https://www.bmv.com.mx/docs-pub/recompra/recompra_1333331_1.pdf,1333331
2023-12-22,2023-12-22T17:20,Recompras,https://www.bmv.com.mx/docs-pub/recompra/recompra_1333887_1.pdf,1333887
2023-12-26,2023-12-26T15:22,Recompras,https://www.bmv.com.mx/docs-pub/recompra/recompra_1334219_1.pdf,1334219
2023-12-27,2023-12-27T17:54,Recompras,https://www.bmv.com.mx/docs-pub/recompra/recompra_1334772_1.pdf,1334772
2023-12-28,2023-12-28T17:08,Recompras,https://www.bmv.com.mx/docs-pub/recompra/recompra_1335149_1.pdf,1335149
2023-12-29,2023-12-29T16:41,Recompras,https://www.bmv.com.mx/docs-pub/recompra/recompra_1335695_1.pdf,1335695
2024-01-02,2024-01-02T17:15,Recompras,https://www.bmv.com.mx/docs-pub/recompra/recompra_1336053_1.pdf,1336053
2024-01-03,2024-01-03T17:32,Recompras,https://www.bmv.com.mx/docs-pub/recompra/recompra_1336389_1.pdf,1336389
2024-01-04,2024-01-04T17:11,Recompras,https://www.bmv.com.mx/docs-pub/recompra/recompra_1336798_1.pdf,1336798
2024-01-05,2024-01-05T16:47,Recompras,https://www.bmv.com.mx/docs-pub/recompra/recompra_1337162_1.pdf,1337162
2024-01-08,2024-01-08T17:09,Recompras,https://www.bmv.com.mx/docs-pub/recompra/recompra_1337572_1.pdf,1337572
2024-01-09,2024-01-09T16:48,Recompras,https://www.bmv.com.mx/docs-pub/recompra/recompra_1338048_1.pdf,1338048
2024-01-10,2024-01-10T17:34,Recompras,https://www.bmv.com.mx/docs-pub/recompra/recompra_1338428_1.pdf,1338428
2024-01-11,2024-01-11T16:48,Recompras,https://www.bmv.com.mx/docs-pub/recompra/recompra_1338656_1.pdf,1338656
2024-01-12,2024-01-12T16:51,Recompras,https://www.bmv.com.mx/docs-pub/recompra/recompra_1338912_1.pdf,1338912
2024-01-15,2024-01-15T16:54,Recompras,https://www.bmv.com.mx/docs-pub/recompra/recompra_1339114_1.pdf,1339114
2024-01-16,2024-01-16T17:00,Recompras,https://www.bmv.com.mx/docs-pub/recompra/recompra_1339382_1.pdf,1339382
2024-01-17,2024-01-17T18:15,Recompras,https://www.bmv.com.mx/docs-pub/recompra/recompra_1339829_1.pdf,1339829
2024-01-18,2024-01-18T16:49,Recompras,https://www.bmv.com.mx/docs-pub/recompra/recompra_1340604_1.pdf,1340604
2024-01-19,2024-01-19T16:46,Recompras,https://www.bmv.com.mx/docs-pub/recompra/recompra_1341138_1.pdf,1341138
2024-01-22,2024-01-22T18:02,Recompras,https://www.bmv.com.mx/docs-pub/recompra/recompra_1341518_1.pdf,1341518
2024-01-23,2024-01-23T17:27,Recompras,https://www.bmv.com.mx/docs-pub/recompra/recompra_1342119_1.pdf,1342119
2024-01-24,2024-01-24T17:03,Recompras,https://www.bmv.com.mx/docs-pub/recompra/recompra_1342444_1.pdf,1342444
2024-01-25,2024-01-25T17:18,Recompras,https://www.bmv.com.mx/docs-pub/recompra/recompra_1342774_1.pdf,1342774
2024-01-26,2024-01-26T16:46,Recompras,https://www.bmv.com.mx/docs-pub/recompra/recompra_1343071_1.pdf,1343071
2024-01-29,2024-01-29T17:19,Recompras,https://www.bmv.com.mx/docs-pub/recompra/recompra_1343406_1.pdf,1343406
2024-01-30,2024-01-30T17:47,Recompras,https://www.bmv.com.mx/docs-pub/recompra/recompra_1343736_1.pdf,1343736
2024-01-31,2024-01-31T16:52,Recompras,https://www.bmv.com.mx/docs-pub/recompra/recompra_1343980_1.pdf,1343980
2024-02-01,2024-02-01T17:24,Recompras,https://www.bmv.com.mx/docs-pub/recompra/recompra_1344406_1.pdf,1344406
2024-02-02,2024-02-02T17:30,Recompras,https://www.bmv.com.mx/docs-pub/recompra/recompra_1344822_1.pdf,1344822
2024-02-06,2024-02-06T17:51,Recompras,https://www.bmv.com.mx/docs-pub/recompra/recompra_1345439_1.pdf,1345439
2024-02-07,2024-02-07T16:57,Recompras,https://www.bmv.com.mx/docs-pub/recompra/recompra_1345776_1.pdf,1345776
2024-02-08,2024-02-08T17:04,Recompras,https://www.bmv.com.mx/docs-pub/recompra/recompra_1346154_1.pdf,1346154
2024-02-09,2024-02-09T15:32,Recompras,https://www.bmv.com.mx/docs-pub/recompra/recompra_1346451_1.pdf,1346451
2024-02-12,2024-02-12T15:51,Recompras,https://www.bmv.com.mx/docs-pub/recompra/recompra_1346805_1.pdf,1346805
2024-02-13,2024-02-13T16:55,Recompras,https://www.bmv.com.mx/docs-pub/recompra/recompra_1347107_1.pdf,1347107
2024-02-14,2024-02-14T16:54,Recompras,https://www.bmv.com.mx/docs-pub/recompra/recompra_1347255_1.pdf,1347255
2024-02-15,2024-02-15T17:12,Recompras,https://www.bmv.com.mx/docs-pub/recompra/recompra_1347634_1.pdf,1347634
2024-02-16,2024-02-16T17:27,Recompras,https://www.bmv.com.mx/docs-pub/recompra/recompra_1347950_1.pdf,1347950
2024-02-19,2024-02-19T16:44,Recompras,https://www.bmv.com.mx/docs-pub/recompra/recompra_1348215_1.pdf,1348215
2024-02-20,2024-02-20T16:56,Recompras,https://www.bmv.com.mx/docs-pub/recompra/recompra_1348514_1.pdf,1348514
2024-02-21,2024-02-21T17:18,Recompras,https://www.bmv.com.mx/docs-pub/recompra/recompra_1348906_1.pdf,1348906
2024-02-22,2024-02-22T17:00,Recompras,https://www.bmv.com.mx/docs-pub/recompra/recompra_1349374_1.pdf,1349374
2024-02-23,2024-02-23T17:45,Recompras,https://www.bmv.com.mx/docs-pub/recompra/recompra_1349879_1.pdf,1349879
2024-02-26,2024-02-26T17:23,Recompras,https://www.bmv.com.mx/docs-pub/recompra/recompra_1350202_1.pdf,1350202
2024-02-27,2024-02-27T17:03,Recompras,https://www.bmv.com.mx/docs-pub/recompra/recompra_1350916_1.pdf,1350916
2024-02-28,2024-02-28T15:49,Recompras,https://www.bmv.com.mx/docs-pub/recompra/recompra_1351265_1.pdf,1351265
2024-02-29,2024-02-29T16:59,Recompras,https://www.bmv.com.mx/docs-pub/recompra/recompra_1351745_1.pdf,1351745
2024-03-01,2024-03-01T17:27,Recompras,https://www.bmv.com.mx/docs-pub/recompra/recompra_1352494_1.pdf,1352494
2024-03-04,2024-03-04T17:24,Recompras,https://www.bmv.com.mx/docs-pub/recompra/recompra_1352766_1.pdf,1352766
2024-03-05,2024-03-05T16:45,Recompras,https://www.bmv.com.mx/docs-pub/recompra/recompra_1353311_1.pdf,1353311
2024-03-06,2024-03-06T16:39,Recompras,https://www.bmv.com.mx/docs-pub/recompra/recompra_1353710_1.pdf,1353710
2024-03-07,2024-03-07T17:49,Recompras,https://www.bmv.com.mx/docs-pub/recompra/recompra_1354181_1.pdf,1354181
2024-03-08,2024-03-08T16:37,Recompras,https://www.bmv.com.mx/docs-pub/recompra/recompra_1354484_1.pdf,1354484
2024-03-11,2024-03-11T17:44,Recompras,https://www.bmv.com.mx/docs-pub/recompra/recompra_1354818_1.pdf,1354818
2024-03-12,2024-03-12T16:53,Recompras,https://www.bmv.com.mx/docs-pub/recompra/recompra_1355082_1.pdf,1355082
2024-03-13,2024-03-13T16:53,Recompras,https://www.bmv.com.mx/docs-pub/recompra/recompra_1355349_1.pdf,1355349
2024-03-14,2024-03-14T16:37,Recompras,https://www.bmv.com.mx/docs-pub/recompra/recompra_1355687_1.pdf,1355687
2024-03-15,2024-03-15T16:39,Recompras,https://www.bmv.com.mx/docs-pub/recompra/recompra_1356065_1.pdf,1356065
2024-03-19,2024-03-19T16:51,Recompras,https://www.bmv.com.mx/docs-pub/recompra/recompra_1356678_1.pdf,1356678
2024-03-20,2024-03-20T17:11,Recompras,https://www.bmv.com.mx/docs-pub/recompra/recompra_1357006_1.pdf,1357006
2024-03-21,2024-03-21T17:49,Recompras,https://www.bmv.com.mx/docs-pub/recompra/recompra_1357453_1.pdf,1357453
2024-03-22,2024-03-22T17:23,Recompras,https://www.bmv.com.mx/docs-pub/recompra/recompra_1357976_1.pdf,1357976
2024-03-25,2024-03-25T15:45,Recompras,https://www.bmv.com.mx/docs-pub/recompra/recompra_1358240_1.pdf,1358240
2024-03-26,2024-03-26T16:38,Recompras,https://www.bmv.com.mx/docs-pub/recompra/recompra_1358695_1.pdf,1358695
2024-03-27,2024-03-27T17:10,Recompras,https://www.bmv.com.mx/docs-pub/recompra/recompra_1359063_1.pdf,1359063
2024-04-01,2024-04-01T17:50,Recompras,https://www.bmv.com.mx/docs-pub/recompra/recompra_1359707_1.pdf,1359707
2024-04-02,2024-04-02T16:38,Recompras,https://www.bmv.com.mx/docs-pub/recompra/recompra_1360641_1.pdf,1360641
2024-04-03,2024-04-03T16:47,Recompras,https://www.bmv.com.mx/docs-pub/recompra/recompra_1361328_1.pdf,1361328
2024-04-04,2024-04-04T17:09,Recompras,https://www.bmv.com.mx/docs-pub/recompra/recompra_1361605_1.pdf,1361605
2024-04-05,2024-04-05T16:49,Recompras,https://www.bmv.com.mx/docs-pub/recompra/recompra_1361851_1.pdf,1361851
2024-04-08,2024-04-08T17:24,Recompras,https://www.bmv.com.mx/docs-pub/recompra/recompra_1362280_1.pdf,1362280
2024-04-09,2024-04-09T17:56,Recompras,https://www.bmv.com.mx/docs-pub/recompra/recompra_1363000_1.pdf,1363000
2024-04-10,2024-04-10T17:27,Recompras,https://www.bmv.com.mx/docs-pub/recompra/recompra_1363280_1.pdf,1363280
2024-04-11,2024-04-11T17:30,Recompras,https://www.bmv.com.mx/docs-pub/recompra/recompra_1363538_1.pdf,1363538
2024-04-12,2024-04-12T17:17,Recompras,https://www.bmv.com.mx/docs-pub/recompra/recompra_1363790_1.pdf,1363790
2024-04-15,2024-04-15T17:38,Recompras,https://www.bmv.com.mx/docs-pub/recompra/recompra_1364026_1.pdf,1364026
2024-04-16,2024-04-16T16:45,Recompras,https://www.bmv.com.mx/docs-pub/recompra/recompra_1364306_1.pdf,1364306
2024-04-17,2024-04-17T17:47,Recompras,https://www.bmv.com.mx/docs-pub/recompra/recompra_1364609_1.pdf,1364609
2024-04-18,2024-04-18T17:24,Recompras,https://www.bmv.com.mx/docs-pub/recompra/recompra_1364861_1.pdf,1364861
2024-04-19,2024-04-19T17:17,Recompras,https://www.bmv.com.mx/docs-pub/recompra/recompra_1365277_1.pdf,1365277
2024-04-22,2024-04-22T16:54,Recompras,https://www.bmv.com.mx/docs-pub/recompra/recompra_1365656_1.pdf,1365656
2024-04-23,2024-04-23T17:40,Recompras,https://www.bmv.com.mx/docs-pub/recompra/recompra_1366074_1.pdf,1366074
2024-04-24,2024-04-24T16:54,Recompras,https://www.bmv.com.mx/docs-pub/recompra/recompra_1366614_1.pdf,1366614
2024-04-24,2024-04-24T17:31,Recompras,https://www.bmv.com.mx/docs-pub/recompra/recompra_1366667_1.pdf,1366667
2024-04-25,2024-04-25T18:01,Recompras,https://www.bmv.com.mx/docs-pub/recompra/recompra_1367420_1.pdf,1367420
2024-04-26,2024-04-26T16:33,Recompras,https://www.bmv.com.mx/docs-pub/recompra/recompra_1368194_1.pdf,1368194
2024-04-29,2024-04-29T17:23,Recompras,https://www.bmv.com.mx/docs-pub/recompra/recompra_1368915_1.pdf,1368915
2024-04-30,2024-04-30T17:24,Recompras,https://www.bmv.com.mx/docs-pub/recompra/recompra_1369999_1.pdf,1369999
2024-05-02,2024-05-02T17:56,Recompras,https://www.bmv.com.mx/docs-pub/recompra/recompra_1371271_1.pdf,1371271
2024-05-03,2024-05-03T16:51,Recompras,https://www.bmv.com.mx/docs-pub/recompra/recompra_1371898_1.pdf,1371898
2024-05-06,2024-05-06T16:50,Recompras,https://www.bmv.com.mx/docs-pub/recompra/recompra_1372640_1.pdf,1372640
2024-05-07,2024-05-07T17:15,Recompras,https://www.bmv.com.mx/docs-pub/recompra/recompra_1373230_1.pdf,1373230
2024-05-08,2024-05-08T17:12,Recompras,https://www.bmv.com.mx/docs-pub/recompra/recompra_1373606_1.pdf,1373606
2024-05-09,2024-05-09T16:56,Recompras,https://www.bmv.com.mx/docs-pub/recompra/recompra_1374004_1.pdf,1374004
2024-05-10,2024-05-10T16:08,Recompras,https://www.bmv.com.mx/docs-pub/recompra/recompra_1374295_1.pdf,1374295
2024-05-13,2024-05-13T17:40,Recompras,https://www.bmv.com.mx/docs-pub/recompra/recompra_1374662_1.pdf,1374662
2024-05-14,2024-05-14T17:35,Recompras,https://www.bmv.com.mx/docs-pub/recompra/recompra_1374959_1.pdf,1374959
2024-05-15,2024-05-15T17:43,Recompras,https://www.bmv.com.mx/docs-pub/recompra/recompra_1375286_1.pdf,1375286
2024-05-16,2024-05-16T16:53,Recompras,https://www.bmv.com.mx/docs-pub/recompra/recompra_1375511_1.pdf,1375511
2024-05-17,2024-05-17T17:30,Recompras,https://www.bmv.com.mx/docs-pub/recompra/recompra_1375803_1.pdf,1375803
2024-05-20,2024-05-20T17:10,Recompras,https://www.bmv.com.mx/docs-pub/recompra/recompra_1376108_1.pdf,1376108
2024-05-21,2024-05-21T16:59,Recompras,https://www.bmv.com.mx/docs-pub/recompra/recompra_1376405_1.pdf,1376405
2024-05-22,2024-05-22T18:00,Recompras,https://www.bmv.com.mx/docs-pub/recompra/recompra_1376728_1.pdf,1376728
2024-05-23,2024-05-23T16:55,Recompras,https://www.bmv.com.mx/docs-pub/recompra/recompra_1377011_1.pdf,1377011
2024-05-24,2024-05-24T17:14,Recompras,https://www.bmv.com.mx/docs-pub/recompra/recompra_1377323_1.pdf,1377323
2024-05-27,2024-05-27T17:19,Recompras,https://www.bmv.com.mx/docs-pub/recompra/recompra_1377602_1.pdf,1377602
2024-05-28,2024-05-28T17:35,Recompras,https://www.bmv.com.mx/docs-pub/recompra/recompra_1378055_1.pdf,1378055
2024-05-29,2024-05-29T17:12,Recompras,https://www.bmv.com.mx/docs-pub/recompra/recompra_1378511_1.pdf,1378511
2024-05-30,2024-05-30T16:40,Recompras,https://www.bmv.com.mx/docs-pub/recompra/recompra_1378937_1.pdf,1378937
2024-05-31,2024-05-31T17:05,Recompras,https://www.bmv.com.mx/docs-pub/recompra/recompra_1379319_1.pdf,1379319
2024-06-03,2024-06-03T17:14,Recompras,https://www.bmv.com.mx/docs-pub/recompra/recompra_1379797_1.pdf,1379797
2024-06-04,2024-06-04T17:51,Recompras,https://www.bmv.com.mx/docs-pub/recompra/recompra_1380181_1.pdf,1380181
2024-06-05,2024-06-05T16:23,Recompras,https://www.bmv.com.mx/docs-pub/recompra/recompra_1380435_1.pdf,1380435
2024-06-06,2024-06-06T15:08,Recompras,https://www.bmv.com.mx/docs-pub/recompra/recompra_1380825_1.pdf,1380825
2024-06-07,2024-06-07T16:20,Recompras,https://www.bmv.com.mx/docs-pub/recompra/recompra_1381202_1.pdf,1381202
2024-06-11,2024-06-11T17:07,Recompras,https://www.bmv.com.mx/docs-pub/recompra/recompra_1381954_1.pdf,1381954
2024-06-12,2024-06-12T17:37,Recompras,https://www.bmv.com.mx/docs-pub/recompra/recompra_1382209_1.pdf,1382209
2024-06-13,2024-06-13T16:43,Recompras,https://www.bmv.com.mx/docs-pub/recompra/recompra_1382524_1.pdf,1382524
2024-06-14,2024-06-14T14:41,Recompras,https://www.bmv.com.mx/docs-pub/recompra/recompra_1382807_1.pdf,1382807
2024-06-17,2024-06-17T16:57,Recompras,https://www.bmv.com.mx/docs-pub/recompra/recompra_1383073_1.pdf,1383073
2024-06-18,2024-06-18T17:38,Recompras,https://www.bmv.com.mx/docs-pub/recompra/recompra_1383387_1.pdf,1383387
2024-06-19,2024-06-19T16:48,Recompras,https://www.bmv.com.mx/docs-pub/recompra/recompra_1383581_1.pdf,1383581
2024-06-20,2024-06-20T17:24,Recompras,https://www.bmv.com.mx/docs-pub/recompra/recompra_1384136_1.pdf,1384136
2024-06-21,2024-06-21T17:42,Recompras,https://www.bmv.com.mx/docs-pub/recompra/recompra_1384741_1.pdf,1384741
2024-06-24,2024-06-24T17:02,Recompras,https://www.bmv.com.mx/docs-pub/recompra/recompra_1385190_1.pdf,1385190
2024-06-25,2024-06-25T17:59,Recompras,https://www.bmv.com.mx/docs-pub/recompra/recompra_1385585_1.pdf,1385585
2024-06-26,2024-06-26T20:38,Recompras,https://www.bmv.com.mx/docs-pub/recompra/recompra_1386070_1.pdf,1386070
2024-06-27,2024-06-27T16:56,Recompras,https://www.bmv.com.mx/docs-pub/recompra/recompra_1386526_1.pdf,1386526
2024-06-28,2024-06-28T17:07,Recompras,https://www.bmv.com.mx/docs-pub/recompra/recompra_1386933_1.pdf,1386933
2024-07-01,2024-07-01T17:50,Recompras,https://www.bmv.com.mx/docs-pub/recompra/recompra_1387718_1.pdf,1387718
2024-07-02,2024-07-02T16:37,Recompras,https://www.bmv.com.mx/docs-pub/recompra/recompra_1388222_1.pdf,1388222
2024-07-03,2024-07-03T16:46,Recompras,https://www.bmv.com.mx/docs-pub/recompra/recompra_1389127_1.pdf,1389127
2024-07-04,2024-07-04T16:40,Recompras,https://www.bmv.com.mx/docs-pub/recompra/recompra_1389385_1.pdf,1389385
2024-07-05,2024-07-05T16:28,Recompras,https://www.bmv.com.mx/docs-pub/recompra/recompra_1389859_1.pdf,1389859
2024-07-08,2024-07-08T16:27,Recompras,https://www.bmv.com.mx/docs-pub/recompra/recompra_1390688_1.pdf,1390688
2024-07-09,2024-07-09T16:20,Recompras,https://www.bmv.com.mx/docs-pub/recompra/recompra_1390940_1.pdf,1390940
2024-07-10,2024-07-10T16:22,Recompras,https://www.bmv.com.mx/docs-pub/recompra/recompra_1391108_1.pdf,1391108
2024-07-11,2024-07-11T17:05,Recompras,https://www.bmv.com.mx/docs-pub/recompra/recompra_1391395_1.pdf,1391395
2024-07-12,2024-07-12T17:00,Recompras,https://www.bmv.com.mx/docs-pub/recompra/recompra_1391582_1.pdf,1391582
2024-07-15,2024-07-15T16:51,Recompras,https://www.bmv.com.mx/docs-pub/recompra/recompra_1391764_1.pdf,1391764
2024-07-16,2024-07-16T16:47,Recompras,https://www.bmv.com.mx/docs-pub/recompra/recompra_1392050_1.pdf,1392050
2024-07-18,2024-07-18T03:29,Recompras,https://www.bmv.com.mx/docs-pub/recompra/recompra_1392333_1.pdf,1392333
2024-07-18,2024-07-18T16:16,Recompras,https://www.bmv.com.mx/docs-pub/recompra/recompra_1392504_1.pdf,1392504
2024-07-19,2024-07-19T15:36,Recompras,https://www.bmv.com.mx/docs-pub/recompra/recompra_1392977_1.pdf,1392977
2024-07-22,2024-07-22T16:41,Recompras,https://www.bmv.com.mx/docs-pub/recompra/recompra_1393255_1.pdf,1393255
2024-07-23,2024-07-23T15:59,Recompras,https://www.bmv.com.mx/docs-pub/recompra/recompra_1393534_1.pdf,1393534
2024-07-24,2024-07-24T17:33,Recompras,https://www.bmv.com.mx/docs-pub/recompra/recompra_1394038_1.pdf,1394038
2024-07-25,2024-07-25T17:04,Recompras,https://www.bmv.com.mx/docs-pub/recompra/recompra_1394409_1.pdf,1394409
2024-07-26,2024-07-26T16:10,Recompras,https://www.bmv.com.mx/docs-pub/recompra/recompra_1395051_1.pdf,1395051
2024-07-29,2024-07-29T16:18,Recompras,https://www.bmv.com.mx/docs-pub/recompra/recompra_1395411_1.pdf,1395411
2024-07-30,2024-07-30T16:30,Recompras,https://www.bmv.com.mx/docs-pub/recompra/recompra_1395745_1.pdf,1395745
2024-07-31,2024-07-31T16:49,Recompras,https://www.bmv.com.mx/docs-pub/recompra/recompra_1396135_1.pdf,1396135
2024-08-01,2024-08-01T17:37,Recompras,https://www.bmv.com.mx/docs-pub/recompra/recompra_1396563_1.pdf,1396563
2024-08-02,2024-08-02T17:03,Recompras,https://www.bmv.com.mx/docs-pub/recompra/recompra_1396898_1.pdf,1396898
2024-08-05,2024-08-05T15:14,Recompras,https://www.bmv.com.mx/docs-pub/recompra/recompra_1397203_1.pdf,1397203
2024-08-06,2024-08-06T14:22,Recompras,https://www.bmv.com.mx/docs-pub/recompra/recompra_1397482_1.pdf,1397482
2024-08-07,2024-08-07T15:07,Recompras,https://www.bmv.com.mx/docs-pub/recompra/recompra_1397802_1.pdf,1397802
2024-08-08,2024-08-08T16:07,Recompras,https://www.bmv.com.mx/docs-pub/recompra/recompra_1398102_1.pdf,1398102
2024-08-09,2024-08-09T15:52,Recompras,https://www.bmv.com.mx/docs-pub/recompra/recompra_1398351_1.pdf,1398351
2024-08-12,2024-08-12T16:47,Recompras,https://www.bmv.com.mx/docs-pub/recompra/recompra_1398592_1.pdf,1398592
2024-08-13,2024-08-13T16:51,Recompras,https://www.bmv.com.mx/docs-pub/recompra/recompra_1398826_1.pdf,1398826
2024-08-14,2024-08-14T16:45,Recompras,https://www.bmv.com.mx/docs-pub/recompra/recompra_1399198_1.pdf,1399198
2024-08-15,2024-08-15T16:48,Recompras,https://www.bmv.com.mx/docs-pub/recompra/recompra_1399439_1.pdf,1399439
2024-08-16,2024-08-16T16:55,Recompras,https://www.bmv.com.mx/docs-pub/recompra/recompra_1399727_1.pdf,1399727
2024-08-19,2024-08-19T16:47,Recompras,https://www.bmv.com.mx/docs-pub/recompra/recompra_1399982_1.pdf,1399982
2024-08-20,2024-08-20T16:52,Recompras,https://www.bmv.com.mx/docs-pub/recompra/recompra_1400249_1.pdf,1400249
2024-08-21,2024-08-21T16:40,Recompras,https://www.bmv.com.mx/docs-pub/recompra/recompra_1400638_1.pdf,1400638
2024-08-22,2024-08-22T16:29,Recompras,https://www.bmv.com.mx/docs-pub/recompra/recompra_1400954_1.pdf,1400954
2024-08-23,2024-08-23T14:10,Recompras,https://www.bmv.com.mx/docs-pub/recompra/recompra_1401210_1.pdf,1401210
2024-08-26,2024-08-26T17:03,Recompras,https://www.bmv.com.mx/docs-pub/recompra/recompra_1401452_1.pdf,1401452
2024-08-27,2024-08-27T16:23,Recompras,https://www.bmv.com.mx/docs-pub/recompra/recompra_1401874_1.pdf,1401874
2024-08-28,2024-08-28T16:43,Recompras,https://www.bmv.com.mx/docs-pub/recompra/recompra_1402116_1.pdf,1402116
2024-08-29,2024-08-29T17:40,Recompras,https://www.bmv.com.mx/docs-pub/recompra/recompra_1402532_1.pdf,1402532
2024-08-30,2024-08-30T17:18,Recompras,https://www.bmv.com.mx/docs-pub/recompra/recompra_1402758_1.pdf,1402758
2024-09-02,2024-09-02T17:16,Recompras,https://www.bmv.com.mx/docs-pub/recompra/recompra_1403031_1.pdf,1403031
2024-09-03,2024-09-03T16:50,Recompras,https://www.bmv.com.mx/docs-pub/recompra/recompra_1403436_1.pdf,1403436
2024-09-04,2024-09-04T17:01,Recompras,https://www.bmv.com.mx/docs-pub/recompra/recompra_1403761_1.pdf,1403761
2024-09-05,2024-09-05T17:33,Recompras,https://www.bmv.com.mx/docs-pub/recompra/recompra_1404080_1.pdf,1404080
2024-09-06,2024-09-06T16:40,Recompras,https://www.bmv.com.mx/docs-pub/recompra/recompra_1404453_1.pdf,1404453
2024-09-09,2024-09-09T17:08,Recompras,https://www.bmv.com.mx/docs-pub/recompra/recompra_1404671_1.pdf,1404671
2024-09-10,2024-09-10T16:51,Recompras,https://www.bmv.com.mx/docs-pub/recompra/recompra_1404917_1.pdf,1404917
2024-09-11,2024-09-11T16:35,Recompras,https://www.bmv.com.mx/docs-pub/recompra/recompra_1405258_1.pdf,1405258
2024-09-12,2024-09-12T16:45,Recompras,https://www.bmv.com.mx/docs-pub/recompra/recompra_1405557_1.pdf,1405557
2024-09-13,2024-09-13T16:42,Recompras,https://www.bmv.com.mx/docs-pub/recompra/recompra_1405925_1.pdf,1405925
2024-09-17,2024-09-17T16:51,Recompras,https://www.bmv.com.mx/docs-pub/recompra/recompra_1406198_1.pdf,1406198
2024-09-18,2024-09-18T17:22,Recompras,https://www.bmv.com.mx/docs-pub/recompra/recompra_1406520_1.pdf,1406520
2024-09-19,2024-09-19T17:28,Recompras,https://www.bmv.com.mx/docs-pub/recompra/recompra_1406743_1.pdf,1406743
2024-09-20,2024-09-20T17:00,Recompras,https://www.bmv.com.mx/docs-pub/recompra/recompra_1406989_1.pdf,1406989
2024-09-23,2024-09-23T17:46,Recompras,https://www.bmv.com.mx/docs-pub/recompra/recompra_1407393_1.pdf,1407393
2024-09-24,2024-09-24T17:22,Recompras,https://www.bmv.com.mx/docs-pub/recompra/recompra_1407720_1.pdf,1407720
2024-09-25,2024-09-25T16:50,Recompras,https://www.bmv.com.mx/docs-pub/recompra/recompra_1408111_1.pdf,1408111
2024-09-26,2024-09-26T16:48,Recompras,https://www.bmv.com.mx/docs-pub/recompra/recompra_1408522_1.pdf,1408522
2024-09-27,2024-09-27T16:48,Recompras,https://www.bmv.com.mx/docs-pub/recompra/recompra_1408874_1.pdf,1408874
2024-09-30,2024-09-30T16:49,Recompras,https://www.bmv.com.mx/docs-pub/recompra/recompra_1409247_1.pdf,1409247
2024-10-02,2024-10-02T16:58,Recompras,https://www.bmv.com.mx/docs-pub/recompra/recompra_1409642_1.pdf,1409642
2024-10-03,2024-10-03T16:42,Recompras,https://www.bmv.com.mx/docs-pub/recompra/recompra_1409888_1.pdf,1409888
2024-10-04,2024-10-04T17:23,Recompras,https://www.bmv.com.mx/docs-pub/recompra/recompra_1410309_1.pdf,1410309
2024-10-07,2024-10-07T17:18,Recompras,https://www.bmv.com.mx/docs-pub/recompra/recompra_1410540_1.pdf,1410540
2024-10-08,2024-10-08T16:27,Recompras,https://www.bmv.com.mx/docs-pub/recompra/recompra_1410748_1.pdf,1410748
2024-10-09,2024-10-09T16:54,Recompras,https://www.bmv.com.mx/docs-pub/recompra/recompra_1411012_1.pdf,1411012
2024-10-10,2024-10-10T16:25,Recompras,https://www.bmv.com.mx/docs-pub/recompra/recompra_1411254_1.pdf,1411254
2024-10-11,2024-10-11T17:20,Recompras,https://www.bmv.com.mx/docs-pub/recompra/recompra_1411495_1.pdf,1411495
2024-10-14,2024-10-14T16:33,Recompras,https://www.bmv.com.mx/docs-pub/recompra/recompra_1411703_1.pdf,1411703
2024-10-15,2024-10-15T16:53,Recompras,https://www.bmv.com.mx/docs-pub/recompra/recompra_1412059_1.pdf,1412059
2024-10-16,2024-10-16T17:07,Recompras,https://www.bmv.com.mx/docs-pub/recompra/recompra_1412280_1.pdf,1412280
2024-10-17,2024-10-17T16:59,Recompras,https://www.bmv.com.mx/docs-pub/recompra/recompra_1412662_1.pdf,1412662
2024-10-18,2024-10-18T17:21,Recompras,https://www.bmv.com.mx/docs-pub/recompra/recompra_1412916_1.pdf,1412916
2024-10-21,2024-10-21T16:38,Recompras,https://www.bmv.com.mx/docs-pub/recompra/recompra_1413188_1.pdf,1413188
2024-10-22,2024-10-22T16:52,Recompras,https://www.bmv.com.mx/docs-pub/recompra/recompra_1413610_1.pdf,1413610
2024-10-23,2024-10-23T16:58,Recompras,https://www.bmv.com.mx/docs-pub/recompra/recompra_1413886_1.pdf,1413886
2024-10-24,2024-10-24T16:59,Recompras,https://www.bmv.com.mx/docs-pub/recompra/recompra_1414265_1.pdf,1414265
2024-10-25,2024-10-25T18:04,Recompras,https://www.bmv.com.mx/docs-pub/recompra/recompra_1414735_1.pdf,1414735
2024-10-28,2024-10-28T16:34,Recompras,https://www.bmv.com.mx/docs-pub/recompra/recompra_1415056_1.pdf,1415056
2024-10-29,2024-10-29T16:41,Recompras,https://www.bmv.com.mx/docs-pub/recompra/recompra_1415647_1.pdf,1415647
2024-10-30,2024-10-30T16:37,Recompras,https://www.bmv.com.mx/docs-pub/recompra/recompra_1416081_1.pdf,1416081
2024-10-31,2024-10-31T16:30,Recompras,https://www.bmv.com.mx/docs-pub/recompra/recompra_1416399_1.pdf,1416399
2024-11-04,2024-11-04T09:59,Recompras,https://www.bmv.com.mx/docs-pub/recompra/recompra_1416943_1.pdf,1416943
2024-11-04,2024-11-04T17:16,Recompras,https://www.bmv.com.mx/docs-pub/recompra/recompra_1417127_1.pdf,1417127
2024-11-05,2024-11-05T17:02,Recompras,https://www.bmv.com.mx/docs-pub/recompra/recompra_1417504_1.pdf,1417504
2024-11-06,2024-11-06T17:00,Recompras,https://www.bmv.com.mx/docs-pub/recompra/recompra_1417817_1.pdf,1417817
2024-11-07,2024-11-07T15:38,Recompras,https://www.bmv.com.mx/docs-pub/recompra/recompra_1418108_1.pdf,1418108
2024-11-08,2024-11-08T16:50,Recompras,https://www.bmv.com.mx/docs-pub/recompra/recompra_1418510_1.pdf,1418510
2024-11-11,2024-11-11T17:48,Recompras,https://www.bmv.com.mx/docs-pub/recompra/recompra_1418763_1.pdf,1418763
2024-11-12,2024-11-12T17:19,Recompras,https://www.bmv.com.mx/docs-pub/recompra/recompra_1419055_1.pdf,1419055
2024-11-13,2024-11-13T17:01,Recompras,https://www.bmv.com.mx/docs-pub/recompra/recompra_1419351_1.pdf,1419351
2024-11-14,2024-11-14T16:59,Recompras,https://www.bmv.com.mx/docs-pub/recompra/recompra_1419654_1.pdf,1419654
2024-11-15,2024-11-15T17:16,Recompras,https://www.bmv.com.mx/docs-pub/recompra/recompra_1419940_1.pdf,1419940
2024-11-19,2024-11-19T17:36,Recompras,https://www.bmv.com.mx/docs-pub/recompra/recompra_1420454_1.pdf,1420454
2024-11-20,2024-11-20T16:36,Recompras,https://www.bmv.com.mx/docs-pub/recompra/recompra_1420707_1.pdf,1420707
2024-11-21,2024-11-21T16:37,Recompras,https://www.bmv.com.mx/docs-pub/recompra/recompra_1420993_1.pdf,1420993
2024-11-22,2024-11-22T17:00,Recompras,https://www.bmv.com.mx/docs-pub/recompra/recompra_1421425_1.pdf,1421425
2024-11-25,2024-11-25T17:19,Recompras,https://www.bmv.com.mx/docs-pub/recompra/recompra_1421723_1.pdf,1421723
2024-11-26,2024-11-26T16:45,Recompras,https://www.bmv.com.mx/docs-pub/recompra/recompra_1422020_1.pdf,1422020
2024-11-27,2024-11-27T17:30,Recompras,https://www.bmv.com.mx/docs-pub/recompra/recompra_1422459_1.pdf,1422459
2024-11-28,2024-11-28T16:55,Recompras,https://www.bmv.com.mx/docs-pub/recompra/recompra_1422782_1.pdf,1422782
2024-11-29,2024-11-29T16:50,Recompras,https://www.bmv.com.mx/docs-pub/recompra/recompra_1423029_1.pdf,1423029
2024-12-02,2024-12-02T16:57,Recompras,https://www.bmv.com.mx/docs-pub/recompra/recompra_1423406_1.pdf,1423406
2024-12-03,2024-12-03T17:08,Recompras,https://www.bmv.com.mx/docs-pub/recompra/recompra_1424006_1.pdf,1424006
2024-12-04,2024-12-04T17:19,Recompras,https://www.bmv.com.mx/docs-pub/recompra/recompra_1424406_1.pdf,1424406
2024-12-05,2024-12-05T17:09,Recompras,https://www.bmv.com.mx/docs-pub/recompra/recompra_1424784_1.pdf,1424784
2024-12-06,2024-12-06T16:18,Recompras,https://www.bmv.com.mx/docs-pub/recompra/recompra_1425211_1.pdf,1425211
2024-12-09,2024-12-09T17:12,Recompras,https://www.bmv.com.mx/docs-pub/recompra/recompra_1425546_1.pdf,1425546
2024-12-10,2024-12-10T16:51,Recompras,https://www.bmv.com.mx/docs-pub/recompra/recompra_1425826_1.pdf,1425826
2024-12-11,2024-12-11T17:28,Recompras,https://www.bmv.com.mx/docs-pub/recompra/recompra_1426117_1.pdf,1426117
2024-12-13,2024-12-13T17:01,Recompras,https://www.bmv.com.mx/docs-pub/recompra/recompra_1426591_1.pdf,1426591
2024-12-16,2024-12-16T16:43,Recompras,https://www.bmv.com.mx/docs-pub/recompra/recompra_1426840_1.pdf,1426840
2024-12-17,2024-12-17T17:48,Recompras,https://www.bmv.com.mx/docs-pub/recompra/recompra_1427407_1.pdf,1427407
2024-12-18,2024-12-18T17:43,Recompras,https://www.bmv.com.mx/docs-pub/recompra/recompra_1427911_1.pdf,1427911
2024-12-19,2024-12-19T17:47,Recompras,https://www.bmv.com.mx/docs-pub/recompra/recompra_1428386_1.pdf,1428386
2024-12-20,2024-12-20T16:35,Recompras,https://www.bmv.com.mx/docs-pub/recompra/recompra_1428847_1.pdf,1428847
2024-12-23,2024-12-23T16:52,Recompras,https://www.bmv.com.mx/docs-pub/recompra/recompra_1429542_1.pdf,1429542
2024-12-24,2024-12-24T12:38,Recompras,https://www.bmv.com.mx/docs-pub/recompra/recompra_1429803_1.pdf,1429803
2024-12-26,2024-12-26T16:46,Recompras,https://www.bmv.com.mx/docs-pub/recompra/recompra_1430142_1.pdf,1430142
2024-12-27,2024-12-27T16:48,Recompras,https://www.bmv.com.mx/docs-pub/recompra/recompra_1430437_1.pdf,1430437
2024-12-30,2024-12-30T16:38,Recompras,https://www.bmv.com.mx/docs-pub/recompra/recompra_1430772_1.pdf,1430772
2024-12-31,2024-12-31T15:35,Recompras,https://www.bmv.com.mx/docs-pub/recompra/recompra_1431054_1.pdf,1431054
2025-01-02,2025-01-02T16:48,Recompras,https://www.bmv.com.mx/docs-pub/recompra/recompra_1431336_1.pdf,1431336
2025-01-03,2025-01-03T16:40,Recompras,https://www.bmv.com.mx/docs-pub/recompra/recompra_1431656_1.pdf,1431656
2025-01-06,2025-01-06T17:15,Recompras,https://www.bmv.com.mx/docs-pub/recompra/recompra_1432091_1.pdf,1432091
2025-01-07,2025-01-07T16:48,Recompras,https://www.bmv.com.mx/docs-pub/recompra/recompra_1432399_1.pdf,1432399
2025-01-08,2025-01-08T16:45,Recompras,https://www.bmv.com.mx/docs-pub/recompra/recompra_1432679_1.pdf,1432679
2025-01-09,2025-01-09T17:04,Recompras,https://www.bmv.com.mx/docs-pub/recompra/recompra_1433052_1.pdf,1433052
2025-01-10,2025-01-10T16:56,Recompras,https://www.bmv.com.mx/docs-pub/recompra/recompra_1433567_1.pdf,1433567
2025-01-13,2025-01-13T16:44,Recompras,https://www.bmv.com.mx/docs-pub/recompra/recompra_1433873_1.pdf,1433873
2025-01-14,2025-01-14T16:28,Recompras,https://www.bmv.com.mx/docs-pub/recompra/recompra_1434175_1.pdf,1434175
2025-01-15,2025-01-15T16:37,Recompras,https://www.bmv.com.mx/docs-pub/recompra/recompra_1434613_1.pdf,1434613
2025-01-16,2025-01-16T17:11,Recompras,https://www.bmv.com.mx/docs-pub/recompra/recompra_1435012_1.pdf,1435012
2025-01-17,2025-01-17T16:54,Recompras,https://www.bmv.com.mx/docs-pub/recompra/recompra_1435336_1.pdf,1435336
2025-01-20,2025-01-20T16:40,Recompras,https://www.bmv.com.mx/docs-pub/recompra/recompra_1435581_1.pdf,1435581
2025-01-21,2025-01-21T16:56,Recompras,https://www.bmv.com.mx/docs-pub/recompra/recompra_1435967_1.pdf,1435967
2025-01-22,2025-01-22T17:07,Recompras,https://www.bmv.com.mx/docs-pub/recompra/recompra_1436280_1.pdf,1436280
2025-01-23,2025-01-23T17:41,Recompras,https://www.bmv.com.mx/docs-pub/recompra/recompra_1436567_1.pdf,1436567
2025-01-24,2025-01-24T16:46,Recompras,https://www.bmv.com.mx/docs-pub/recompra/recompra_1436825_1.pdf,1436825
2025-01-27,2025-01-27T16:52,Recompras,https://www.bmv.com.mx/docs-pub/recompra/recompra_1437022_1.pdf,1437022
2025-01-28,2025-01-28T16:37,Recompras,https://www.bmv.com.mx/docs-pub/recompra/recompra_1437322_1.pdf,1437322
2025-01-29,2025-01-29T16:33,Recompras,https://www.bmv.com.mx/docs-pub/recompra/recompra_1437583_1.pdf,1437583
2025-01-30,2025-01-30T16:57,Recompras,https://www.bmv.com.mx/docs-pub/recompra/recompra_1437894_1.pdf,1437894
2025-01-31,2025-01-31T16:42,Recompras,https://www.bmv.com.mx/docs-pub/recompra/recompra_1438275_1.pdf,1438275
2025-02-04,2025-02-04T16:39,Recompras,https://www.bmv.com.mx/docs-pub/recompra/recompra_1438728_1.pdf,1438728
2025-02-05,2025-02-05T16:38,Recompras,https://www.bmv.com.mx/docs-pub/recompra/recompra_1439027_1.pdf,1439027
2025-02-06,2025-02-06T17:13,Recompras,https://www.bmv.com.mx/docs-pub/recompra/recompra_1439426_1.pdf,1439426
2025-02-07,2025-02-07T16:54,Recompras,https://www.bmv.com.mx/docs-pub/recompra/recompra_1439994_1.pdf,1439994
2025-02-10,2025-02-10T16:50,Recompras,https://www.bmv.com.mx/docs-pub/recompra/recompra_1440315_1.pdf,1440315
2025-02-11,2025-02-11T16:30,Recompras,https://www.bmv.com.mx/docs-pub/recompra/recompra_1440630_1.pdf,1440630
2025-02-12,2025-02-12T16:59,Recompras,https://www.bmv.com.mx/docs-pub/recompra/recompra_1440886_1.pdf,1440886
2025-02-13,2025-02-13T16:31,Recompras,https://www.bmv.com.mx/docs-pub/recompra/recompra_1441204_1.pdf,1441204
2025-02-14,2025-02-14T17:21,Recompras,https://www.bmv.com.mx/docs-pub/recompra/recompra_1441592_1.pdf,1441592
2025-02-17,2025-02-17T17:14,Recompras,https://www.bmv.com.mx/docs-pub/recompra/recompra_1441785_1.pdf,1441785
2025-02-18,2025-02-18T16:42,Recompras,https://www.bmv.com.mx/docs-pub/recompra/recompra_1442020_1.pdf,1442020
2025-02-19,2025-02-19T17:38,Recompras,https://www.bmv.com.mx/docs-pub/recompra/recompra_1442343_1.pdf,1442343
2025-02-20,2025-02-20T16:31,Recompras,https://www.bmv.com.mx/docs-pub/recompra/recompra_1442642_1.pdf,1442642
2025-02-21,2025-02-21T17:03,Recompras,https://www.bmv.com.mx/docs-pub/recompra/recompra_1443222_1.pdf,1443222
2025-02-24,2025-02-24T17:00,Recompras,https://www.bmv.com.mx/docs-pub/recompra/recompra_1443704_1.pdf,1443704
2025-02-25,2025-02-25T17:09,Recompras,https://www.bmv.com.mx/docs-pub/recompra/recompra_1444052_1.pdf,1444052
2025-02-26,2025-02-26T16:44,Recompras,https://www.bmv.com.mx/docs-pub/recompra/recompra_1444463_1.pdf,1444463
2025-02-27,2025-02-27T17:13,Recompras,https://www.bmv.com.mx/docs-pub/recompra/recompra_1445144_1.pdf,1445144
2025-02-28,2025-02-28T17:36,Recompras,https://www.bmv.com.mx/docs-pub/recompra/recompra_1445623_1.pdf,1445623
2025-03-03,2025-03-03T17:46,Recompras,https://www.bmv.com.mx/docs-pub/recompra/recompra_1446161_1.pdf,1446161
2025-03-04,2025-03-04T17:51,Recompras,https://www.bmv.com.mx/docs-pub/recompra/recompra_1446574_1.pdf,1446574
2025-03-05,2025-03-05T16:45,Recompras,https://www.bmv.com.mx/docs-pub/recompra/recompra_1446915_1.pdf,1446915
2025-03-06,2025-03-06T16:36,Recompras,https://www.bmv.com.mx/docs-pub/recompra/recompra_1447191_1.pdf,1447191
2025-03-07,2025-03-07T17:32,Recompras,https://www.bmv.com.mx/docs-pub/recompra/recompra_1447637_1.pdf,1447637
2025-03-10,2025-03-10T17:27,Recompras,https://www.bmv.com.mx/docs-pub/recompra/recompra_1447853_1.pdf,1447853
2025-03-11,2025-03-11T16:54,Recompras,https://www.bmv.com.mx/docs-pub/recompra/recompra_1448119_1.pdf,1448119
2025-03-12,2025-03-12T17:15,Recompras,https://www.bmv.com.mx/docs-pub/recompra/recompra_1448392_1.pdf,1448392
2025-03-13,2025-03-13T16:57,Recompras,https://www.bmv.com.mx/docs-pub/recompra/recompra_1448661_1.pdf,1448661
2025-03-14,2025-03-14T16:43,Recompras,https://www.bmv.com.mx/docs-pub/recompra/recompra_1448940_1.pdf,1448940
2025-03-18,2025-03-18T17:23,Recompras,https://www.bmv.com.mx/docs-pub/recompra/recompra_1449359_1.pdf,1449359
2025-03-19,2025-03-19T17:27,Recompras,https://www.bmv.com.mx/docs-pub/recompra/recompra_1449642_1.pdf,1449642
2025-03-20,2025-03-20T17:35,Recompras,https://www.bmv.com.mx/docs-pub/recompra/recompra_1449867_1.pdf,1449867
2025-03-21,2025-03-21T17:25,Recompras,https://www.bmv.com.mx/docs-pub/recompra/recompra_1450228_1.pdf,1450228
2025-03-24,2025-03-24T17:04,Recompras,https://www.bmv.com.mx/docs-pub/recompra/recompra_1450667_1.pdf,1450667
2025-03-25,2025-03-25T17:15,Recompras,https://www.bmv.com.mx/docs-pub/recompra/recompra_1450992_1.pdf,1450992
2025-03-26,2025-03-26T16:57,Recompras,https://www.bmv.com.mx/docs-pub/recompra/recompra_1451351_1.pdf,1451351
2025-03-27,2025-03-27T17:02,Recompras,https://www.bmv.com.mx/docs-pub/recompra/recompra_1451701_1.pdf,1451701
2025-03-28,2025-03-28T17:05,Recompras,https://www.bmv.com.mx/docs-pub/recompra/recompra_1451978_1.pdf,1451978
2025-03-31,2025-03-31T16:57,Recompras,https://www.bmv.com.mx/docs-pub/recompra/recompra_1452358_1.pdf,1452358
2025-04-01,2025-04-01T16:54,Recompras,https://www.bmv.com.mx/docs-pub/recompra/recompra_1452691_1.pdf,1452691
2025-04-02,2025-04-02T17:48,Recompras,https://www.bmv.com.mx/docs-pub/recompra/recompra_1453064_1.pdf,1453064
2025-04-03,2025-04-03T16:50,Recompras,https://www.bmv.com.mx/docs-pub/recompra/recompra_1453409_1.pdf,1453409
2025-04-04,2025-04-04T17:36,Recompras,https://www.bmv.com.mx/docs-pub/recompra/recompra_1453819_1.pdf,1453819
2025-04-07,2025-04-07T16:54,Recompras,https://www.bmv.com.mx/docs-pub/recompra/recompra_1454006_1.pdf,1454006
2025-04-08,2025-04-08T16:48,Recompras,https://www.bmv.com.mx/docs-pub/recompra/recompra_1454284_1.pdf,1454284
2025-04-09,2025-04-09T16:57,Recompras,https://www.bmv.com.mx/docs-pub/recompra/recompra_1454614_1.pdf,1454614
2025-04-10,2025-04-10T17:49,Recompras,https://www.bmv.com.mx/docs-pub/recompra/recompra_1454959_1.pdf,1454959
2025-04-11,2025-04-11T16:47,Recompras,https://www.bmv.com.mx/docs-pub/recompra/recompra_1455243_1.pdf,1455243
2025-04-14,2025-04-14T17:01,Recompras,https://www.bmv.com.mx/docs-pub/recompra/recompra_1455522_1.pdf,1455522
2025-04-15,2025-04-15T16:49,Recompras,https://www.bmv.com.mx/docs-pub/recompra/recompra_1456040_1.pdf,1456040
2025-04-16,2025-04-16T16:54,Recompras,https://www.bmv.com.mx/docs-pub/recompra/recompra_1456435_1.pdf,1456435
2025-04-21,2025-04-21T17:35,Recompras,https://www.bmv.com.mx/docs-pub/recompra/recompra_1456721_1.pdf,1456721
2025-04-22,2025-04-22T17:26,Recompras,https://www.bmv.com.mx/docs-pub/recompra/recompra_1456998_1.pdf,1456998
2025-04-23,2025-04-23T16:59,Recompras,https://www.bmv.com.mx/docs-pub/recompra/recompra_1457327_1.pdf,1457327
2025-04-24,2025-04-24T16:54,Recompras,https://www.bmv.com.mx/docs-pub/recompra/recompra_1457661_1.pdf,1457661
2025-04-25,2025-04-25T17:45,Recompras,https://www.bmv.com.mx/docs-pub/recompra/recompra_1458122_1.pdf,1458122
2025-04-28,2025-04-28T17:52,Recompras,https://www.bmv.com.mx/docs-pub/recompra/recompra_1458585_1.pdf,1458585
2025-04-29,2025-04-29T17:46,Recompras,https://www.bmv.com.mx/docs-pub/recompra/recompra_1459387_1.pdf,1459387
2025-04-30,2025-04-30T17:21,Recompras,https://www.bmv.com.mx/docs-pub/recompra/recompra_1460660_1.pdf,1460660
2025-05-02,2025-05-02T15:03,Recompras,https://www.bmv.com.mx/docs-pub/recompra/recompra_1461695_1.pdf,1461695
2025-05-05,2025-05-05T16:57,Recompras,https://www.bmv.com.mx/docs-pub/recompra/recompra_1462291_1.pdf,1462291
2025-05-06,2025-05-06T17:56,Recompras,https://www.bmv.com.mx/docs-pub/recompra/recompra_1463154_1.pdf,1463154
2025-05-07,2025-05-07T17:10,Recompras,https://www.bmv.com.mx/docs-pub/recompra/recompra_1463699_1.pdf,1463699
2025-05-08,2025-05-08T16:55,Recompras,https://www.bmv.com.mx/docs-pub/recompra/recompra_1464089_1.pdf,1464089
2025-05-09,2025-05-09T17:44,Recompras,https://www.bmv.com.mx/docs-pub/recompra/recompra_1464439_1.pdf,1464439
2025-05-12,2025-05-12T17:19,Recompras,https://www.bmv.com.mx/docs-pub/recompra/recompra_1464658_1.pdf,1464658
2025-05-13,2025-05-13T16:53,Recompras,https://www.bmv.com.mx/docs-pub/recompra/recompra_1464973_1.pdf,1464973
2025-05-14,2025-05-14T17:35,Recompras,https://www.bmv.com.mx/docs-pub/recompra/recompra_1465266_1.pdf,1465266
2025-05-15,2025-05-15T16:53,Recompras,https://www.bmv.com.mx/docs-pub/recompra/recompra_1465535_1.pdf,1465535
2025-05-16,2025-05-16T16:48,Recompras,https://www.bmv.com.mx/docs-pub/recompra/recompra_1465808_1.pdf,1465808
2025-05-19,2025-05-19T16:56,Recompras,https://www.bmv.com.mx/docs-pub/recompra/recompra_1466007_1.pdf,1466007
2025-05-20,2025-05-20T17:40,Recompras,https://www.bmv.com.mx/docs-pub/recompra/recompra_1466296_1.pdf,1466296
2025-05-21,2025-05-21T17:28,Recompras,https://www.bmv.com.mx/docs-pub/recompra/recompra_1466569_1.pdf,1466569
2025-05-22,2025-05-22T17:14,Recompras,https://www.bmv.com.mx/docs-pub/recompra/recompra_1466935_1.pdf,1466935
2025-05-23,2025-05-23T16:37,Recompras,https://www.bmv.com.mx/docs-pub/recompra/recompra_1467285_1.pdf,1467285
2025-05-26,2025-05-26T17:02,Recompras,https://www.bmv.com.mx/docs-pub/recompra/recompra_1467632_1.pdf,1467632
2025-05-27,2025-05-27T17:44,Recompras,https://www.bmv.com.mx/docs-pub/recompra/recompra_1467963_1.pdf,1467963
2025-05-28,2025-05-28T16:51,Recompras,https://www.bmv.com.mx/docs-pub/recompra/recompra_1468245_1.pdf,1468245
2025-05-29,2025-05-29T17:11,Recompras,https://www.bmv.com.mx/docs-pub/recompra/recompra_1468651_1.pdf,1468651
2025-05-30,2025-05-30T17:30,Recompras,https://www.bmv.com.mx/docs-pub/recompra/recompra_1469203_1.pdf,1469203
2025-06-02,2025-06-02T17:27,Recompras,https://www.bmv.com.mx/docs-pub/recompra/recompra_1469553_1.pdf,1469553
2025-06-03,2025-06-03T17:01,Recompras,https://www.bmv.com.mx/docs-pub/recompra/recompra_1469991_1.pdf,1469991
2025-06-04,2025-06-04T16:58,Recompras,https://www.bmv.com.mx/docs-pub/recompra/recompra_1470338_1.pdf,1470338
2025-06-05,2025-06-05T17:24,Recompras,https://www.bmv.com.mx/docs-pub/recompra/recompra_1470708_1.pdf,1470708
2025-06-06,2025-06-06T16:54,Recompras,https://www.bmv.com.mx/docs-pub/recompra/recompra_1470942_1.pdf,1470942
2025-06-09,2025-06-09T17:23,Recompras,https://www.bmv.com.mx/docs-pub/recompra/recompra_1471179_1.pdf,1471179
2025-06-10,2025-06-10T17:34,Recompras,https://www.bmv.com.mx/docs-pub/recompra/recompra_1471468_1.pdf,1471468
2025-06-11,2025-06-11T17:09,Recompras,https://www.bmv.com.mx/docs-pub/recompra/recompra_1471740_1.pdf,1471740
2025-06-12,2025-06-12T17:39,Recompras,https://www.bmv.com.mx/docs-pub/recompra/recompra_1472085_1.pdf,1472085
2025-06-13,2025-06-13T17:03,Recompras,https://www.bmv.com.mx/docs-pub/recompra/recompra_1472334_1.pdf,1472334
2025-06-16,2025-06-16T17:03,Recompras,https://www.bmv.com.mx/docs-pub/recompra/recompra_1472733_1.pdf,1472733
2025-06-17,2025-06-17T17:19,Recompras,https://www.bmv.com.mx/docs-pub/recompra/recompra_1472983_1.pdf,1472983
2025-06-18,2025-06-18T17:36,Recompras,https://www.bmv.com.mx/docs-pub/recompra/recompra_1473220_1.pdf,1473220
2025-06-19,2025-06-19T16:46,Recompras,https://www.bmv.com.mx/docs-pub/recompra/recompra_1473549_1.pdf,1473549
2025-06-20,2025-06-20T17:15,Recompras,https://www.bmv.com.mx/docs-pub/recompra/recompra_1473832_1.pdf,1473832
2025-06-23,2025-06-23T17:04,Recompras,https://www.bmv.com.mx/docs-pub/recompra/recompra_1474132_1.pdf,1474132
2025-06-24,2025-06-24T17:42,Recompras,https://www.bmv.com.mx/docs-pub/recompra/recompra_1474452_1.pdf,1474452
2025-06-25,2025-06-25T17:28,Recompras,https://www.bmv.com.mx/docs-pub/recompra/recompra_1474747_1.pdf,1474747
2025-06-26,2025-06-26T16:42,Recompras,https://www.bmv.com.mx/docs-pub/recompra/recompra_1475027_1.pdf,1475027
2025-06-27,2025-06-27T17:32,Recompras,https://www.bmv.com.mx/docs-pub/recompra/recompra_1475395_1.pdf,1475395
2025-06-30,2025-06-30T17:45,Recompras,https://www.bmv.com.mx/docs-pub/recompra/recompra_1475797_1.pdf,1475797
2025-07-01,2025-07-01T17:13,Recompras,https://www.bmv.com.mx/docs-pub/recompra/recompra_1476234_1.pdf,1476234
2025-07-02,2025-07-02T17:20,Recompras,https://www.bmv.com.mx/docs-pub/recompra/recompra_1476580_1.pdf,1476580
2025-07-03,2025-07-03T16:41,Recompras,https://www.bmv.com.mx/docs-pub/recompra/recompra_1476897_1.pdf,1476897
2025-07-04,2025-07-04T14:25,Recompras,https://www.bmv.com.mx/docs-pub/recompra/recompra_1477120_1.pdf,1477120
2025-07-07,2025-07-07T17:50,Recompras,https://www.bmv.com.mx/docs-pub/recompra/recompra_1477388_1.pdf,1477388
2025-07-08,2025-07-08T16:42,Recompras,https://www.bmv.com.mx/docs-pub/recompra/recompra_1477631_1.pdf,1477631
2025-07-09,2025-07-09T17:29,Recompras,https://www.bmv.com.mx/docs-pub/recompra/recompra_1478141_1.pdf,1478141
2025-07-10,2025-07-10T17:32,Recompras,https://www.bmv.com.mx/docs-pub/recompra/recompra_1478467_1.pdf,1478467
2025-07-11,2025-07-11T17:46,Recompras,https://www.bmv.com.mx/docs-pub/recompra/recompra_1478712_1.pdf,1478712
2025-07-14,2025-07-14T17:07,Recompras,https://www.bmv.com.mx/docs-pub/recompra/recompra_1478881_1.pdf,1478881
2025-07-15,2025-07-15T17:32,Recompras,https://www.bmv.com.mx/docs-pub/recompra/recompra_1479112_1.pdf,1479112
2025-07-16,2025-07-16T17:40,Recompras,https://www.bmv.com.mx/docs-pub/recompra/recompra_1479336_1.pdf,1479336
2025-07-17,2025-07-17T17:13,Recompras,https://www.bmv.com.mx/docs-pub/recompra/recompra_1479764_1.pdf,1479764
2025-07-18,2025-07-18T17:43,Recompras,https://www.bmv.com.mx/docs-pub/recompra/recompra_1480079_1.pdf,1480079
2025-07-21,2025-07-21T16:43,Recompras,https://www.bmv.com.mx/docs-pub/recompra/recompra_1480388_1.pdf,1480388
2025-07-22,2025-07-22T17:57,Recompras,https://www.bmv.com.mx/docs-pub/recompra/recompra_1480819_1.pdf,1480819
2025-07-23,2025-07-23T17:38,Recompras,https://www.bmv.com.mx/docs-pub/recompra/recompra_1481226_1.pdf,1481226
2025-07-24,2025-07-24T17:14,Recompras,https://www.bmv.com.mx/docs-pub/recompra/recompra_1481546_1.pdf,1481546
2025-07-25,2025-07-25T17:47,Recompras,https://www.bmv.com.mx/docs-pub/recompra/recompra_1482056_1.pdf,1482056
2025-07-28,2025-07-28T17:10,Recompras,https://www.bmv.com.mx/docs-pub/recompra/recompra_1482614_1.pdf,1482614
2025-07-29,2025-07-29T17:50,Recompras,https://www.bmv.com.mx/docs-pub/recompra/recompra_1482972_1.pdf,1482972
2025-07-30,2025-07-30T16:58,Recompras,https://www.bmv.com.mx/docs-pub/recompra/recompra_1483257_1.pdf,1483257
2025-07-31,2025-07-31T16:43,Recompras,https://www.bmv.com.mx/docs-pub/recompra/recompra_1483600_1.pdf,1483600
2025-08-01,2025-08-01T17:29,Recompras,https://www.bmv.com.mx/docs-pub/recompra/recompra_1484080_1.pdf,1484080
2025-08-04,2025-08-04T17:24,Recompras,https://www.bmv.com.mx/docs-pub/recompra/recompra_1484332_1.pdf,1484332
2025-08-05,2025-08-05T17:21,Recompras,https://www.bmv.com.mx/docs-pub/recompra/recompra_1484699_1.pdf,1484699
2025-08-06,2025-08-06T17:48,Recompras,https://www.bmv.com.mx/docs-pub/recompra/recompra_1485053_1.pdf,1485053
2025-08-07,2025-08-07T17:39,Recompras,https://www.bmv.com.mx/docs-pub/recompra/recompra_1485308_1.pdf,1485308
2025-08-08,2025-08-08T17:47,Recompras,https://www.bmv.com.mx/docs-pub/recompra/recompra_1485592_1.pdf,1485592
2025-08-11,2025-08-11T17:00,Recompras,https://www.bmv.com.mx/docs-pub/recompra/recompra_1485826_1.pdf,1485826
2025-08-12,2025-08-12T17:02,Recompras,https://www.bmv.com.mx/docs-pub/recompra/recompra_1486070_1.pdf,1486070
2025-08-13,2025-08-13T17:39,Recompras,https://www.bmv.com.mx/docs-pub/recompra/recompra_1486379_1.pdf,1486379
2025-08-14,2025-08-14T16:52,Recompras,https://www.bmv.com.mx/docs-pub/recompra/recompra_1486638_1.pdf,1486638
2025-08-15,2025-08-15T17:53,Recompras,https://www.bmv.com.mx/docs-pub/recompra/recompra_1487056_1.pdf,1487056
2025-08-18,2025-08-18T17:07,Recompras,https://www.bmv.com.mx/docs-pub/recompra/recompra_1487223_1.pdf,1487223
2025-08-19,2025-08-19T16:52,Recompras,https://www.bmv.com.mx/docs-pub/recompra/recompra_1487497_1.pdf,1487497
2025-08-20,2025-08-20T17:14,Recompras,https://www.bmv.com.mx/docs-pub/recompra/recompra_1487798_1.pdf,1487798
2025-08-21,2025-08-21T16:44,Recompras,https://www.bmv.com.mx/docs-pub/recompra/recompra_1488100_1.pdf,1488100
2025-08-22,2025-08-22T17:25,Recompras,https://www.bmv.com.mx/docs-pub/recompra/recompra_1488389_1.pdf,1488389
2025-08-25,2025-08-25T17:18,Recompras,https://www.bmv.com.mx/docs-pub/recompra/recompra_1488608_1.pdf,1488608
2025-08-26,2025-08-26T17:29,Recompras,https://www.bmv.com.mx/docs-pub/recompra/recompra_1488926_1.pdf,1488926
2025-08-27,2025-08-27T17:19,Recompras,https://www.bmv.com.mx/docs-pub/recompra/recompra_1489266_1.pdf,1489266
2025-08-28,2025-08-28T17:07,Recompras,https://www.bmv.com.mx/docs-pub/recompra/recompra_1489493_1.pdf,1489493
2025-08-29,2025-08-29T17:34,Recompras,https://www.bmv.com.mx/docs-pub/recompra/recompra_1489876_1.pdf,1489876
2025-09-01,2025-09-01T17:56,Recompras,https://www.bmv.com.mx/docs-pub/recompra/recompra_1490338_1.pdf,1490338
2025-09-02,2025-09-02T17:42,Recompras,https://www.bmv.com.mx/docs-pub/recompra/recompra_1490622_1.pdf,1490622
2025-09-03,2025-09-03T17:45,Recompras,https://www.bmv.com.mx/docs-pub/recompra/recompra_1490973_1.pdf,1490973
2025-09-04,2025-09-04T17:41,Recompras,https://www.bmv.com.mx/docs-pub/recompra/recompra_1491253_1.pdf,1491253
2025-09-05,2025-09-05T17:15,Recompras,https://www.bmv.com.mx/docs-pub/recompra/recompra_1491585_1.pdf,1491585
2025-09-08,2025-09-08T17:29,Recompras,https://www.bmv.com.mx/docs-pub/recompra/recompra_1491931_1.pdf,1491931
2025-09-09,2025-09-09T16:51,Recompras,https://www.bmv.com.mx/docs-pub/recompra/recompra_1492219_1.pdf,1492219
2025-09-10,2025-09-10T16:55,Recompras,https://www.bmv.com.mx/docs-pub/recompra/recompra_1492485_1.pdf,1492485
2025-09-11,2025-09-11T17:03,Recompras,https://www.bmv.com.mx/docs-pub/recompra/recompra_1492823_1.pdf,1492823
2025-09-12,2025-09-12T16:57,Recompras,https://www.bmv.com.mx/docs-pub/recompra/recompra_1493081_1.pdf,1493081
2025-09-15,2025-09-15T16:46,Recompras,https://www.bmv.com.mx/docs-pub/recompra/recompra_1493320_1.pdf,1493320
2025-09-17,2025-09-17T17:30,Recompras,https://www.bmv.com.mx/docs-pub/recompra/recompra_1493666_1.pdf,1493666
2025-09-18,2025-09-18T17:31,Recompras,https://www.bmv.com.mx/docs-pub/recompra/recompra_1493901_1.pdf,1493901
2025-09-19,2025-09-19T17:21,Recompras,https://www.bmv.com.mx/docs-pub/recompra/recompra_1494175_1.pdf,1494175
2025-09-22,2025-09-22T17:12,Recompras,https://www.bmv.com.mx/docs-pub/recompra/recompra_1494519_1.pdf,1494519
2025-09-23,2025-09-23T17:04,Recompras,https://www.bmv.com.mx/docs-pub/recompra/recompra_1494832_1.pdf,1494832
2025-09-24,2025-09-24T17:50,Recompras,https://www.bmv.com.mx/docs-pub/recompra/recompra_1495161_1.pdf,1495161
2025-09-25,2025-09-25T17:14,Recompras,https://www.bmv.com.mx/docs-pub/recompra/recompra_1495508_1.pdf,1495508
2025-09-26,2025-09-26T16:44,Recompras,https://www.bmv.com.mx/docs-pub/recompra/recompra_1495769_1.pdf,1495769
2025-09-29,2025-09-29T16:57,Recompras,https://www.bmv.com.mx/docs-pub/recompra/recompra_1495966_1.pdf,1495966
2025-09-30,2025-09-30T16:57,Recompras,https://www.bmv.com.mx/docs-pub/recompra/recompra_1496264_1.pdf,1496264
2025-10-01,2025-10-01T17:27,Recompras,https://www.bmv.com.mx/docs-pub/recompra/recompra_1496627_1.pdf,1496627
2025-10-02,2025-10-02T16:50,Recompras,https://www.bmv.com.mx/docs-pub/recompra/recompra_1496873_1.pdf,1496873
2025-10-03,2025-10-03T17:47,Recompras,https://www.bmv.com.mx/docs-pub/recompra/recompra_1497373_1.pdf,1497373
2025-10-06,2025-10-06T17:08,Recompras,https://www.bmv.com.mx/docs-pub/recompra/recompra_1497581_1.pdf,1497581
2025-10-07,2025-10-07T16:58,Recompras,https://www.bmv.com.mx/docs-pub/recompra/recompra_1497836_1.pdf,1497836
2025-10-08,2025-10-08T17:09,Recompras,https://www.bmv.com.mx/docs-pub/recompra/recompra_1498046_1.pdf,1498046
2025-10-09,2025-10-09T17:03,Recompras,https://www.bmv.com.mx/docs-pub/recompra/recompra_1498290_1.pdf,1498290
2025-10-10,2025-10-10T17:27,Recompras,https://www.bmv.com.mx/docs-pub/recompra/recompra_1498514_1.pdf,1498514
2025-10-13,2025-10-13T17:06,Recompras,https://www.bmv.com.mx/docs-pub/recompra/recompra_1498698_1.pdf,1498698
2025-10-14,2025-10-14T17:13,Recompras,https://www.bmv.com.mx/docs-pub/recompra/recompra_1498892_1.pdf,1498892
2025-10-15,2025-10-15T17:42,Recompras,https://www.bmv.com.mx/docs-pub/recompra/recompra_1499237_1.pdf,1499237
2025-10-16,2025-10-16T17:14,Recompras,https://www.bmv.com.mx/docs-pub/recompra/recompra_1499533_1.pdf,1499533
2025-10-17,2025-10-17T16:58,Recompras,https://www.bmv.com.mx/docs-pub/recompra/recompra_1499809_1.pdf,1499809
2025-10-20,2025-10-20T16:59,Recompras,https://www.bmv.com.mx/docs-pub/recompra/recompra_1499972_1.pdf,1499972
2025-10-21,2025-10-21T17:47,Recompras,https://www.bmv.com.mx/docs-pub/recompra/recompra_1500377_1.pdf,1500377
2025-10-22,2025-10-22T17:27,Recompras,https://www.bmv.com.mx/docs-pub/recompra/recompra_1500813_1.pdf,1500813
2025-10-23,2025-10-23T17:20,Recompras,https://www.bmv.com.mx/docs-pub/recompra/recompra_1501218_1.pdf,1501218
2025-10-27,2025-10-27T16:46,Recompras,https://www.bmv.com.mx/docs-pub/recompra/recompra_1502049_1.pdf,1502049
2025-10-29,2025-10-29T17:52,Recompras,https://www.bmv.com.mx/docs-pub/recompra/recompra_1503186_1.pdf,1503186
2025-10-30,2025-10-30T17:32,Recompras,https://www.bmv.com.mx/docs-pub/recompra/recompra_1503511_1.pdf,1503511
2025-10-31,2025-10-31T17:12,Recompras,https://www.bmv.com.mx/docs-pub/recompra/recompra_1503906_1.pdf,1503906
2025-11-03,2025-11-03T17:56,Recompras,https://www.bmv.com.mx/docs-pub/recompra/recompra_1504268_1.pdf,1504268
2025-11-04,2025-11-04T17:46,Recompras,https://www.bmv.com.mx/docs-pub/recompra/recompra_1504797_1.pdf,1504797
2025-11-05,2025-11-05T17:33,Recompras,https://www.bmv.com.mx/docs-pub/recompra/recompra_1505916_1.pdf,1505916
2025-11-06,2025-11-06T17:48,Recompras,https://www.bmv.com.mx/docs-pub/recompra/recompra_1506255_1.pdf,1506255
2025-11-07,2025-11-07T17:18,Recompras,https://www.bmv.com.mx/docs-pub/recompra/recompra_1506555_1.pdf,1506555
2025-11-10,2025-11-10T17:47,Recompras,https://www.bmv.com.mx/docs-pub/recompra/recompra_1506859_1.pdf,1506859
2025-11-13,2025-11-13T17:34,Recompras,https://www.bmv.com.mx/docs-pub/recompra/recompra_1509942_1.pdf,1509942
2025-11-14,2025-11-14T17:03,Recompras,https://www.bmv.com.mx/docs-pub/recompra/recompra_1510247_1.pdf,1510247
2025-11-18,2025-11-18T17:02,Recompras,https://www.bmv.com.mx/docs-pub/recompra/recompra_1510558_1.pdf,1510558
2025-11-19,2025-11-19T17:38,Recompras,https://www.bmv.com.mx/docs-pub/recompra/recompra_1510907_1.pdf,1510907
2025-11-20,2025-11-20T17:46,Recompras,https://www.bmv.com.mx/docs-pub/recompra/recompra_1511140_1.pdf,1511140
2025-11-21,2025-11-21T16:54,Recompras,https://www.bmv.com.mx/docs-pub/recompra/recompra_1511485_1.pdf,1511485
2025-11-24,2025-11-24T17:36,Recompras,https://www.bmv.com.mx/docs-pub/recompra/recompra_1511801_1.pdf,1511801
2025-11-25,2025-11-25T17:51,Recompras,https://www.bmv.com.mx/docs-pub/recompra/recompra_1512124_1.pdf,1512124
2025-11-26,2025-11-26T17:31,Recompras,https://www.bmv.com.mx/docs-pub/recompra/recompra_1512380_1.pdf,1512380
2025-11-27,2025-11-27T17:18,Recompras,https://www.bmv.com.mx/docs-pub/recompra/recompra_1512605_1.pdf,1512605
2025-11-28,2025-11-28T17:00,Recompras,https://www.bmv.com.mx/docs-pub/recompra/recompra_1512815_1.pdf,1512815
2025-12-01,2025-12-01T17:36,Recompras,https://www.bmv.com.mx/docs-pub/recompra/recompra_1513112_1.pdf,1513112
2025-12-02,2025-12-02T17:29,Recompras,https://www.bmv.com.mx/docs-pub/recompra/recompra_1513347_1.pdf,1513347
2025-12-03,2025-12-03T17:01,Recompras,https://www.bmv.com.mx/docs-pub/recompra/recompra_1513668_1.pdf,1513668
2025-12-04,2025-12-04T18:04,Recompras,https://www.bmv.com.mx/docs-pub/recompra/recompra_1514098_1.pdf,1514098
2025-12-05,2025-12-05T16:57,Recompras,https://www.bmv.com.mx/docs-pub/recompra/recompra_1514315_1.pdf,1514315
2025-12-08,2025-12-08T17:06,Recompras,https://www.bmv.com.mx/docs-pub/recompra/recompra_1514519_1.pdf,1514519
2025-12-09,2025-12-09T18:12,Recompras,https://www.bmv.com.mx/docs-pub/recompra/recompra_1514834_1.pdf,1514834
2025-12-10,2025-12-10T17:18,Recompras,https://www.bmv.com.mx/docs-pub/recompra/recompra_1515099_1.pdf,1515099
2025-12-11,2025-12-11T17:28,Recompras,https://www.bmv.com.mx/docs-pub/recompra/recompra_1515382_1.pdf,1515382
2025-12-15,2025-12-15T17:26,Recompras,https://www.bmv.com.mx/docs-pub/recompra/recompra_1515786_1.pdf,1515786
2025-12-16,2025-12-16T17:29,Recompras,https://www.bmv.com.mx/docs-pub/recompra/recompra_1516254_1.pdf,1516254
2025-12-17,2025-12-17T16:46,Recompras,https://www.bmv.com.mx/docs-pub/recompra/recompra_1516739_1.pdf,1516739
2025-12-18,2025-12-18T16:52,Recompras,https://www.bmv.com.mx/docs-pub/recompra/recompra_1517087_1.pdf,1517087
2025-12-19,2025-12-19T17:01,Recompras,https://www.bmv.com.mx/docs-pub/recompra/recompra_1517507_1.pdf,1517507
2025-12-22,2025-12-22T17:01,Recompras,https://www.bmv.com.mx/docs-pub/recompra/recompra_1517877_1.pdf,1517877
2025-12-23,2025-12-23T17:04,Recompras,https://www.bmv.com.mx/docs-pub/recompra/recompra_1518212_1.pdf,1518212
2025-12-24,2025-12-24T12:36,Recompras,https://www.bmv.com.mx/docs-pub/recompra/recompra_1518422_1.pdf,1518422
2025-12-26,2025-12-26T17:13,Recompras,https://www.bmv.com.mx/docs-pub/recompra/recompra_1518782_1.pdf,1518782
2025-12-29,2025-12-29T16:58,Recompras,https://www.bmv.com.mx/docs-pub/recompra/recompra_1518985_1.pdf,1518985
2025-12-30,2025-12-30T16:54,Recompras,https://www.bmv.com.mx/docs-pub/recompra/recompra_1519313_1.pdf,1519313
2025-12-31,2025-12-31T15:31,Recompras,https://www.bmv.com.mx/docs-pub/recompra/recompra_1519714_1.pdf,1519714
2026-01-02,2026-01-02T17:31,Recompras,https://www.bmv.com.mx/docs-pub/recompra/recompra_1520503_1.pdf,1520503
2026-01-05,2026-01-05T18:00,Recompras,https://www.bmv.com.mx/docs-pub/recompra/recompra_1520981_1.pdf,1520981
2026-01-06,2026-01-06T16:54,Recompras,https://www.bmv.com.mx/docs-pub/recompra/recompra_1521506_1.pdf,1521506
2026-01-07,2026-01-07T17:52,Recompras,https://www.bmv.com.mx/docs-pub/recompra/recompra_1521850_1.pdf,1521850
2026-01-08,2026-01-08T17:21,Recompras,https://www.bmv.com.mx/docs-pub/recompra/recompra_1522124_1.pdf,1522124
2026-01-09,2026-01-09T17:53,Recompras,https://www.bmv.com.mx/docs-pub/recompra/recompra_1522409_1.pdf,1522409
2026-01-12,2026-01-12T16:56,Recompras,https://www.bmv.com.mx/docs-pub/recompra/recompra_1522723_1.pdf,1522723
2026-01-13,2026-01-13T17:36,Recompras,https://www.bmv.com.mx/docs-pub/recompra/recompra_1522999_1.pdf,1522999
2026-01-14,2026-01-14T17:20,Recompras,https://www.bmv.com.mx/docs-pub/recompra/recompra_1523429_1.pdf,1523429
2026-01-15,2026-01-15T17:52,Recompras,https://www.bmv.com.mx/docs-pub/recompra/recompra_1524262_1.pdf,1524262
2026-01-16,2026-01-16T16:56,Recompras,https://www.bmv.com.mx/docs-pub/recompra/recompra_1524598_1.pdf,1524598
2026-01-19,2026-01-19T16:40,Recompras,https://www.bmv.com.mx/docs-pub/recompra/recompra_1524833_1.pdf,1524833
2026-01-20,2026-01-20T17:21,Recompras,https://www.bmv.com.mx/docs-pub/recompra/recompra_1525316_1.pdf,1525316
2026-01-21,2026-01-21T17:41,Recompras,https://www.bmv.com.mx/docs-pub/recompra/recompra_1525853_1.pdf,1525853
2026-01-22,2026-01-22T18:01,Recompras,https://www.bmv.com.mx/docs-pub/recompra/recompra_1526344_1.pdf,1526344
2026-01-23,2026-01-23T17:06,Recompras,https://www.bmv.com.mx/docs-pub/recompra/recompra_1526700_1.pdf,1526700
2026-01-26,2026-01-26T17:20,Recompras,https://www.bmv.com.mx/docs-pub/recompra/recompra_1527015_1.pdf,1527015
2026-01-27,2026-01-27T17:35,Recompras,https://www.bmv.com.mx/docs-pub/recompra/recompra_1527507_1.pdf,1527507
2026-01-28,2026-01-28T17:23,Recompras,https://www.bmv.com.mx/docs-pub/recompra/recompra_1527793_1.pdf,1527793
2026-01-29,2026-01-29T17:22,Recompras,https://www.bmv.com.mx/docs-pub/recompra/recompra_1528303_1.pdf,1528303
2026-01-30,2026-01-30T17:59,Recompras,https://www.bmv.com.mx/docs-pub/recompra/recompra_1528791_1.pdf,1528791
2026-02-03,2026-02-03T17:52,Recompras,https://www.bmv.com.mx/docs-pub/recompra/recompra_1529352_1.pdf,1529352
2026-02-04,2026-02-04T17:55,Recompras,https://www.bmv.com.mx/docs-pub/recompra/recompra_1529887_1.pdf,1529887
2026-02-05,2026-02-05T17:32,Recompras,https://www.bmv.com.mx/docs-pub/recompra/recompra_1530707_1.pdf,1530707
2026-02-06,2026-02-06T17:13,Recompras,https://www.bmv.com.mx/docs-pub/recompra/recompra_1531191_1.pdf,1531191
2026-02-09,2026-02-09T17:50,Recompras,https://www.bmv.com.mx/docs-pub/recompra/recompra_1531583_1.pdf,1531583
2026-02-10,2026-02-10T17:26,Recompras,https://www.bmv.com.mx/docs-pub/recompra/recompra_1531922_1.pdf,1531922
2026-02-11,2026-02-11T17:48,Recompras,https://www.bmv.com.mx/docs-pub/recompra/recompra_1532846_1.pdf,1532846
2026-02-12,2026-02-12T16:59,Recompras,https://www.bmv.com.mx/docs-pub/recompra/recompra_1533132_1.pdf,1533132
2026-02-13,2026-02-13T17:42,Recompras,https://www.bmv.com.mx/docs-pub/recompra/recompra_1533517_1.pdf,1533517
2026-02-16,2026-02-16T17:06,Recompras,https://www.bmv.com.mx/docs-pub/recompra/recompra_1533856_1.pdf,1533856
2026-02-17,2026-02-17T17:32,Recompras,https://www.bmv.com.mx/docs-pub/recompra/recompra_1534315_1.pdf,1534315
2026-02-18,2026-02-18T17:53,Recompras,https://www.bmv.com.mx/docs-pub/recompra/recompra_1534712_1.pdf,1534712
2026-02-19,2026-02-19T17:45,Recompras,https://www.bmv.com.mx/docs-pub/recompra/recompra_1535307_1.pdf,1535307
2026-02-20,2026-02-20T16:41,Recompras,https://www.bmv.com.mx/docs-pub/recompra/recompra_1535591_1.pdf,1535591
2026-02-23,2026-02-23T18:01,Recompras,https://www.bmv.com.mx/docs-pub/recompra/recompra_1535979_1.pdf,1535979
2026-02-24,2026-02-24T17:54,Recompras,https://www.bmv.com.mx/docs-pub/recompra/recompra_1536406_1.pdf,1536406
2026-02-25,2026-02-25T17:00,Recompras,https://www.bmv.com.mx/docs-pub/recompra/recompra_1536776_1.pdf,1536776
2026-02-26,2026-02-26T17:52,Recompras,https://www.bmv.com.mx/docs-pub/recompra/recompra_1537261_1.pdf,1537261
2026-02-27,2026-02-27T17:02,Recompras,https://www.bmv.com.mx/docs-pub/recompra/recompra_1537781_1.pdf,1537781
2026-03-02,2026-03-02T17:23,Recompras,https://www.bmv.com.mx/docs-pub/recompra/recompra_1538216_1.pdf,1538216
2026-03-03,2026-03-03T17:15,Recompras,https://www.bmv.com.mx/docs-pub/recompra/recompra_1538596_1.pdf,1538596
2026-03-04,2026-03-04T16:44,Recompras,https://www.bmv.com.mx/docs-pub/recompra/recompra_1539081_1.pdf,1539081
2026-03-05,2026-03-05T17:07,Recompras,https://www.bmv.com.mx/docs-pub/recompra/recompra_1539525_1.pdf,1539525
2026-03-06,2026-03-06T17:26,Recompras,https://www.bmv.com.mx/docs-pub/recompra/recompra_1539863_1.pdf,1539863
2026-03-09,2026-03-09T17:27,Recompras,https://www.bmv.com.mx/docs-pub/recompra/recompra_1540085_1.pdf,1540085
2026-03-10,2026-03-10T16:59,Recompras,https://www.bmv.com.mx/docs-pub/recompra/recompra_1540365_1.pdf,1540365
2026-03-11,2026-03-11T17:52,Recompras,https://www.bmv.com.mx/docs-pub/recompra/recompra_1540697_1.pdf,1540697
2026-03-12,2026-03-12T16:55,Recompras,https://www.bmv.com.mx/docs-pub/recompra/recompra_1541146_1.pdf,1541146
2026-03-13,2026-03-13T17:10,Recompras,https://www.bmv.com.mx/docs-pub/recompra/recompra_1541509_1.pdf,1541509
2026-03-13,2026-03-13T18:07,Recompras,https://www.bmv.com.mx/docs-pub/recompra/recompra_1541521_1.pdf,1541521
2026-03-17,2026-03-17T09:34,Recompras,https://www.bmv.com.mx/docs-pub/recompra/recompra_1541641_1.pdf,1541641
2026-03-17,2026-03-17T09:39,Recompras,https://www.bmv.com.mx/docs-pub/recompra/recompra_1541653_1.pdf,1541653
2026-03-17,2026-03-17T17:55,Recompras,https://www.bmv.com.mx/docs-pub/recompra/recompra_1541890_1.pdf,1541890
2026-03-18,2026-03-18T17:03,Recompras,https://www.bmv.com.mx/docs-pub/recompra/recompra_1542119_1.pdf,1542119
2026-03-19,2026-03-19T17:42,Recompras,https://www.bmv.com.mx/docs-pub/recompra/recompra_1542444_1.pdf,1542444
2026-03-20,2026-03-20T16:35,Recompras,https://www.bmv.com.mx/docs-pub/recompra/recompra_1542747_1.pdf,1542747
2026-03-23,2026-03-23T17:03,Recompras,https://www.bmv.com.mx/docs-pub/recompra/recompra_1543263_1.pdf,1543263
2026-03-24,2026-03-24T17:37,Recompras,https://www.bmv.com.mx/docs-pub/recompra/recompra_1543785_1.pdf,1543785
2026-03-25,2026-03-25T17:46,Recompras,https://www.bmv.com.mx/docs-pub/recompra/recompra_1544143_1.pdf,1544143
2026-03-26,2026-03-26T17:23,Recompras,https://www.bmv.com.mx/docs-pub/recompra/recompra_1544622_1.pdf,1544622
2026-03-27,2026-03-27T16:54,Recompras,https://www.bmv.com.mx/docs-pub/recompra/recompra_1544887_1.pdf,1544887
2026-03-30,2026-03-30T17:46,Recompras,https://www.bmv.com.mx/docs-pub/recompra/recompra_1545293_1.pdf,1545293
2026-03-31,2026-03-31T17:58,Recompras,https://www.bmv.com.mx/docs-pub/recompra/recompra_1545704_1.pdf,1545704
2026-04-01,2026-04-01T17:42,Recompras,https://www.bmv.com.mx/docs-pub/recompra/recompra_1546112_1.pdf,1546112
2026-04-06,2026-04-06T16:31,Recompras,https://www.bmv.com.mx/docs-pub/recompra/recompra_1546351_1.pdf,1546351
2026-04-07,2026-04-07T17:01,Recompras,https://www.bmv.com.mx/docs-pub/recompra/recompra_1546753_1.pdf,1546753
2026-04-08,2026-04-08T17:25,Recompras,https://www.bmv.com.mx/docs-pub/recompra/recompra_1547179_1.pdf,1547179
2026-04-09,2026-04-09T17:03,Recompras,https://www.bmv.com.mx/docs-pub/recompra/recompra_1547545_1.pdf,1547545
2026-04-10,2026-04-10T17:53,Recompras,https://www.bmv.com.mx/docs-pub/recompra/recompra_1547845_1.pdf,1547845
2026-04-13,2026-04-13T17:40,Recompras,https://www.bmv.com.mx/docs-pub/recompra/recompra_1548146_1.pdf,1548146
2026-04-14,2026-04-14T17:56,Recompras,https://www.bmv.com.mx/docs-pub/recompra/recompra_1548403_1.pdf,1548403
2026-04-15,2026-04-15T16:39,Recompras,https://www.bmv.com.mx/docs-pub/recompra/recompra_1548816_1.pdf,1548816
2026-04-16,2026-04-16T16:47,Recompras,https://www.bmv.com.mx/docs-pub/recompra/recompra_1549046_1.pdf,1549046
2026-04-17,2026-04-17T17:27,Recompras,https://www.bmv.com.mx/docs-pub/recompra/recompra_1549409_1.pdf,1549409
2026-04-20,2026-04-20T17:21,Recompras,https://www.bmv.com.mx/docs-pub/recompra/recompra_1549638_1.pdf,1549638
2026-04-21,2026-04-21T16:54,Recompras,https://www.bmv.com.mx/docs-pub/recompra/recompra_1549923_1.pdf,1549923
2026-04-22,2026-04-22T14:31,Recompras,https://www.bmv.com.mx/docs-pub/recompra/recompra_1550300_1.pdf,1550300
2026-04-23,2026-04-23T17:33,Recompras,https://www.bmv.com.mx/docs-pub/recompra/recompra_1550970_1.pdf,1550970
2026-04-24,2026-04-24T17:54,Recompras,https://www.bmv.com.mx/docs-pub/recompra/recompra_1551514_1.pdf,1551514
2026-04-27,2026-04-27T17:05,Recompras,https://www.bmv.com.mx/docs-pub/recompra/recompra_1551857_1.pdf,1551857
2026-04-28,2026-04-28T17:23,Recompras,https://www.bmv.com.mx/docs-pub/recompra/recompra_1552562_1.pdf,1552562
2026-04-29,2026-04-29T17:21,Recompras,https://www.bmv.com.mx/docs-pub/recompra/recompra_1553469_1.pdf,1553469
2026-04-30,2026-04-30T16:39,Recompras,https://www.bmv.com.mx/docs-pub/recompra/recompra_1554646_1.pdf,1554646
2026-05-04,2026-05-04T17:35,Recompras,https://www.bmv.com.mx/docs-pub/recompra/recompra_1556005_1.pdf,1556005
2026-05-05,2026-05-05T17:41,Recompras,https://www.bmv.com.mx/docs-pub/recompra/recompra_1556728_1.pdf,1556728
2026-05-06,2026-05-06T16:50,Recompras,https://www.bmv.com.mx/docs-pub/recompra/recompra_1557459_1.pdf,1557459
2026-05-07,2026-05-07T17:52,Recompras,https://www.bmv.com.mx/docs-pub/recompra/recompra_1558264_1.pdf,1558264
2026-05-08,2026-05-08T17:37,Recompras,https://www.bmv.com.mx/docs-pub/recompra/recompra_1558716_1.pdf,1558716
2026-05-11,2026-05-11T17:32,Recompras,https://www.bmv.com.mx/docs-pub/recompra/recompra_1559000_1.pdf,1559000
2026-05-12,2026-05-12T17:44,Recompras,https://www.bmv.com.mx/docs-pub/recompra/recompra_1559346_1.pdf,1559346
2026-05-13,2026-05-13T17:12,Recompras,https://www.bmv.com.mx/docs-pub/recompra/recompra_1559689_1.pdf,1559689
2026-05-14,2026-05-14T17:01,Recompras,https://www.bmv.com.mx/docs-pub/recompra/recompra_1560069_1.pdf,1560069
2026-05-15,2026-05-15T17:02,Recompras,https://www.bmv.com.mx/docs-pub/recompra/recompra_1560428_1.pdf,1560428
2026-05-18,2026-05-18T16:46,Recompras,https://www.bmv.com.mx/docs-pub/recompra/recompra_1560783_1.pdf,1560783
2026-05-19,2026-05-19T17:03,Recompras,https://www.bmv.com.mx/docs-pub/recompra/recompra_1561082_1.pdf,1561082
2026-05-20,2026-05-20T16:52,Recompras,https://www.bmv.com.mx/docs-pub/recompra/recompra_1561373_1.pdf,1561373
2026-05-21,2026-05-21T17:17,Recompras,https://www.bmv.com.mx/docs-pub/recompra/recompra_1561758_1.pdf,1561758
2026-05-22,2026-05-22T17:59,Recompras,https://www.bmv.com.mx/docs-pub/recompra/recompra_1562175_1.pdf,1562175
2026-05-25,2026-05-25T17:44,Recompras,https://www.bmv.com.mx/docs-pub/recompra/recompra_1562495_1.pdf,1562495
2026-05-26,2026-05-26T17:04,Recompras,https://www.bmv.com.mx/docs-pub/recompra/recompra_1562791_1.pdf,1562791
2026-05-27,2026-05-27T17:57,Recompras,https://www.bmv.com.mx/docs-pub/recompra/recompra_1563226_1.pdf,1563226
2026-05-28,2026-05-28T17:12,Recompras,https://www.bmv.com.mx/docs-pub/recompra/recompra_1563641_1.pdf,1563641
2026-05-29,2026-05-29T17:08,Recompras,https://www.bmv.com.mx/docs-pub/recompra/recompra_1564194_1.pdf,1564194
2026-06-01,2026-06-01T17:54,Recompras,https://www.bmv.com.mx/docs-pub/recompra/recompra_1564551_1.pdf,1564551
2026-06-02,2026-06-02T16:57,Recompras,https://www.bmv.com.mx/docs-pub/recompra/recompra_1564822_1.pdf,1564822
2026-06-03,2026-06-03T17:30,Recompras,https://www.bmv.com.mx/docs-pub/recompra/recompra_1565366_1.pdf,1565366
2026-06-04,2026-06-04T17:20,Recompras,https://www.bmv.com.mx/docs-pub/recompra/recompra_1565686_1.pdf,1565686
2026-06-05,2026-06-05T17:00,Recompras,https://www.bmv.com.mx/docs-pub/recompra/recompra_1566025_1.pdf,1566025
2026-06-08,2026-06-08T17:16,Recompras,https://www.bmv.com.mx/docs-pub/recompra/recompra_1566295_1.pdf,1566295
2026-06-09,2026-06-09T16:57,Recompras,https://www.bmv.com.mx/docs-pub/recompra/recompra_1566600_1.pdf,1566600
2026-06-10,2026-06-10T17:04,Recompras,https://www.bmv.com.mx/docs-pub/recompra/recompra_1566864_1.pdf,1566864
2026-06-11,2026-06-11T16:53,Recompras,https://www.bmv.com.mx/docs-pub/recompra/recompra_1567128_1.pdf,1567128
2026-06-12,2026-06-12T17:44,Recompras,https://www.bmv.com.mx/docs-pub/recompra/recompra_1567417_1.pdf,1567417
2026-06-15,2026-06-15T17:16,Recompras,https://www.bmv.com.mx/docs-pub/recompra/recompra_1567912_1.pdf,1567912
2026-06-16,2026-06-16T17:24,Recompras,https://www.bmv.com.mx/docs-pub/recompra/recompra_1568153_1.pdf,1568153
2026-06-17,2026-06-17T17:23,Recompras,https://www.bmv.com.mx/docs-pub/recompra/recompra_1568499_1.pdf,1568499
2026-06-18,2026-06-18T16:06,Recompras,https://www.bmv.com.mx/docs-pub/recompra/recompra_1568792_1.pdf,1568792
2026-06-19,2026-06-19T17:20,Recompras,https://www.bmv.com.mx/docs-pub/recompra/recompra_1569262_1.pdf,1569262
2026-06-22,2026-06-22T17:03,Recompras,https://www.bmv.com.mx/docs-pub/recompra/recompra_1569478_1.pdf,1569478
2026-06-23,2026-06-23T17:28,Recompras,https://www.bmv.com.mx/docs-pub/recompra/recompra_1569800_1.pdf,1569800
2026-06-24,2026-06-24T16:12,Recompras,https://www.bmv.com.mx/docs-pub/recompra/recompra_1570071_1.pdf,1570071
2026-06-25,2026-06-25T16:56,Recompras,https://www.bmv.com.mx/docs-pub/recompra/recompra_1570463_1.pdf,1570463
2026-06-26,2026-06-26T17:39,Recompras,https://www.bmv.com.mx/docs-pub/recompra/recompra_1570759_1.pdf,1570759
2026-06-29,2026-06-29T17:08,Recompras,https://www.bmv.com.mx/docs-pub/recompra/recompra_1570998_1.pdf,1570998
2026-06-30,2026-06-30T17:12,Recompras,https://www.bmv.com.mx/docs-pub/recompra/recompra_1571409_1.pdf,1571409
2026-07-01,2026-07-01T17:42,Recompras,https://www.bmv.com.mx/docs-pub/recompra/recompra_1571847_1.pdf,1571847
2026-07-02,2026-07-02T17:14,Recompras,https://www.bmv.com.mx/docs-pub/recompra/recompra_1572156_1.pdf,1572156
2026-07-03,2026-07-03T17:04,Recompras,https://www.bmv.com.mx/docs-pub/recompra/recompra_1572506_1.pdf,1572506
2026-07-06,2026-07-06T17:01,Recompras,https://www.bmv.com.mx/docs-pub/recompra/recompra_1572748_1.pdf,1572748
2026-07-07,2026-07-07T17:00,Recompras,https://www.bmv.com.mx/docs-pub/recompra/recompra_1572952_1.pdf,1572952
2026-07-08,2026-07-08T17:07,Recompras,https://www.bmv.com.mx/docs-pub/recompra/recompra_1573237_1.pdf,1573237
2026-07-09,2026-07-09T17:58,Recompras,https://www.bmv.com.mx/docs-pub/recompra/recompra_1573524_1.pdf,1573524
2026-07-10,2026-07-10T17:41,Recompras,https://www.bmv.com.mx/docs-pub/recompra/recompra_1573798_1.pdf,1573798
2026-07-13,2026-07-13T17:53,Recompras,https://www.bmv.com.mx/docs-pub/recompra/recompra_1573963_1.pdf,1573963
2026-07-14,2026-07-14T17:10,Recompras,https://www.bmv.com.mx/docs-pub/recompra/recompra_1574370_1.pdf,1574370
2026-07-15,2026-07-15T17:13,Recompras,https://www.bmv.com.mx/docs-pub/recompra/recompra_1574650_1.pdf,1574650
2026-07-16,2026-07-16T17:54,Recompras,https://www.bmv.com.mx/docs-pub/recompra/recompra_1574896_1.pdf,1574896
2026-07-17,2026-07-17T17:32,Recompras,https://www.bmv.com.mx/docs-pub/recompra/recompra_1575108_1.pdf,1575108
2026-07-20,2026-07-20T17:00,Recompras,https://www.bmv.com.mx/docs-pub/recompra/recompra_1575451_1.pdf,1575451
2026-07-21,2026-07-21T17:31,Recompras,https://www.bmv.com.mx/docs-pub/recompra/recompra_1575789_1.pdf,1575789
2026-07-22,2026-07-22T17:35,Recompras,https://www.bmv.com.mx/docs-pub/recompra/recompra_1576124_1.pdf,1576124
2026-07-23,2026-07-23T17:13,Recompras,https://www.bmv.com.mx/docs-pub/recompra/recompra_1576584_1.pdf,1576584
2026-07-24,2026-07-24T17:01,Recompras,https://www.bmv.com.mx/docs-pub/recompra/recompra_1576935_1.pdf,1576935
2026-07-27,2026-07-27T17:46,Recompras,https://www.bmv.com.mx/docs-pub/recompra/recompra_1577270_1.pdf,1577270
2026-07-28,2026-07-28T18:17,Recompras,https://www.bmv.com.mx/docs-pub/recompra/recompra_1577660_1.pdf,1577660
2026-07-29,2026-07-29T17:26,Recompras,https://www.bmv.com.mx/docs-pub/recompra/recompra_1578051_1.pdf,1578051
2026-07-30,2026-07-30T17:10,Recompras,https://www.bmv.com.mx/docs-pub/recompra/recompra_1578510_1.pdf,1578510
2026-07-31,2026-07-31T17:31,Recompras,https://www.bmv.com.mx/docs-pub/recompra/recompra_1579180_1.pdf,1579180
2026-08-03,2026-08-03T16:48,Recompras,https://www.bmv.com.mx/docs-pub/recompra/recompra_1579540_1.pdf,1579540
